mode,run,tile,out_name,year,original,mean_height,mean_change,mean_abs_change,relative_mean_change,relative_mean_abs_change,mae,rmse,correlation,SD,sd_change,relative_sd_change,wasserstein,q05_shift,q25_shift,q50_shift,q75_shift,q95_shift,shuffle_percentage,patch_size,shuffle_type,time_min
shuffle,2026-06-22_shuffle_g6,34UFD,34UFD_original,2020,TRUE,3.80623993692356,0,0,0,0,0,0,1,3.29873258176482,0,0,0,0,0,0,0,0,0,1,local,23.1759901364644
shuffle,2026-06-22_shuffle_g6,33NTG,33NTG_original,2020,TRUE,22.2799924246849,0,0,0,0,0,0,1,15.7313218067174,0,0,0,0,0,0,0,0,0,1,local,12.6738656878471
shuffle,2026-06-22_shuffle_g6,33NTG,33NTG_shuffle_2.5_ 1x 1_local,2020,FALSE,21.3994659024842,-0.880528427894738,1.63727797392959,-3.95210346482957,7.34864627724409,1.63727797392959,2.07373497143571,0.995553648893032,14.5084739704913,-1.22286404677728,-7.7734268085456,1.40503959280864,1,1,-1,-2,-2,2.5,1,local,23.5682679096858
shuffle,2026-06-22_shuffle_g6,34UFD,34UFD_shuffle_2.5_ 1x 1_local,2020,FALSE,4.26898760310197,0.462747666178407,0.778534921925483,12.1576062951099,20.454173536804,0.778534921925483,1.17845701727072,0.945233122345228,2.99414582636802,-0.304586755396798,-9.23344793332246,0.567969586675503,0,1,1,0,0,2.5,1,local,33.2066687822342
shuffle,2026-06-22_shuffle_g6,33NTG,33NTG_shuffle_5.0_ 1x 1_local,2020,FALSE,20.5340951874254,-1.74590211625565,3.0052976065018,-7.83618638933674,13.4887700637435,3.0052976065018,3.54957905221394,0.990612754320707,13.3640134635686,-2.36734037543171,-15.0485482664736,2.72181823076157,1,2,-3,-4,-4,5,1,local,22.3164531230926
shuffle,2026-06-22_shuffle_g6,34UFD,34UFD_shuffle_5.0_ 1x 1_local,2020,FALSE,4.63985512111739,0.833615184193832,1.24956362516967,21.901277849226,32.8293445993225,1.24956362516967,1.68307545389488,0.898374633161206,2.76725665231328,-0.531475929451545,-16.1115190843147,1.00565562632587,1,1,1,1,-1,5,1,local,34.9062414924304
shuffle,2026-06-22_shuffle_g6,33NTG,33NTG_shuffle_10.0_ 1x 1_local,2020,FALSE,18.885182340733,-3.39481449686052,5.36841531040284,-15.2370510714453,24.0952247414353,5.36841531040284,6.16948069272624,0.979469720151291,11.3487821227877,-4.38259122681731,-27.8589232447868,5.04027313334381,2,3,-6,-8,-7,10,1,local,22.7922747691472
shuffle,2026-06-22_shuffle_g6,34UFD,34UFD_shuffle_10.0_ 1x 1_local,2020,FALSE,5.16230197687229,1.35606203994873,1.87227475523614,35.6273399055547,49.1896145871829,1.87227475523614,2.33431825978055,0.821294909107149,2.44762113156335,-0.851111450201468,-25.801165420512,1.60645487849923,1,2,2,1,-1,10,1,local,33.6670531709989
shuffle,2026-06-22_shuffle_g6,33NTG,33NTG_shuffle_15.0_ 1x 1_local,2020,FALSE,17.4543245237206,-4.82567414321863,7.26933529233638,-21.6592209692514,32.6271801044727,7.26933529233638,8.34285360092178,0.967607780834593,9.69522877895127,-6.03615713372992,-38.3701548435356,6.92505497942179,3,4,-8,-11,-10,15,1,local,23.7462402939796
shuffle,2026-06-22_shuffle_g6,34UFD,34UFD_shuffle_15.0_ 1x 1_local,2020,FALSE,5.48652314325184,1.68028320632828,2.24949375088647,44.1454883079807,59.1001562740328,2.24949375088647,2.72312088292507,0.765529440244662,2.22960388094617,-1.06912870081865,-32.4102871123511,1.97548367281414,2,3,3,1,-1,15,1,local,34.6239945729574
shuffle,2026-06-22_shuffle_g6,33NTG,33NTG_shuffle_20.0_ 1x 1_local,2020,FALSE,16.3284769980941,-5.95152376467533,8.74861458869107,-26.7124037743325,39.2666709568085,8.74861458869107,10.0618828194865,0.95529961798544,8.38059133877315,-7.35080908552198,-46.7269848027617,8.40287053850335,3,4,-9,-13,-13,20,1,local,27.3353330810865
shuffle,2026-06-22_shuffle_g6,34UFD,34UFD_shuffle_20.0_ 1x 1_local,2020,FALSE,5.69310256006819,1.88686262314462,2.49091699272919,49.5728764978937,65.4429839949214,2.49091699272919,2.96909120634393,0.725932767744396,2.06602040301489,-1.23271217874993,-37.3692667773158,2.21384739830375,2,3,3,1,-1,20,1,local,38.6678744872411
shuffle,2026-06-22_shuffle_g6,33NTG,33NTG_shuffle_25.0_ 1x 1_local,2020,FALSE,17.9790068986398,-4.30243262186013,8.76636837445257,-19.3094912826512,39.3438151354051,8.76636837445257,9.86075604410646,0.927110530401376,7.95476595894152,-7.77692291801449,-49.4347617655103,8.40447506051652,5,7,-8,-12,-12,25,1,local,23.0967564026515
shuffle,2026-06-22_shuffle_g6,34UFD,34UFD_shuffle_25.0_ 1x 1_local,2020,FALSE,5.83472076012894,2.02848082320538,2.66007176190297,53.2935615416018,69.8871276111145,2.66007176190297,3.14079506996048,0.695423591275982,1.93244470062289,-1.36628788114194,-41.4185705350802,2.3802236065905,2,3,3,1,-1,25,1,local,37.2566322684288
shuffle,2026-06-22_shuffle_g6,33NTG,33NTG_shuffle_30.0_ 1x 1_local,2020,FALSE,14.8550797699312,-7.42492706953185,10.7924551044182,-33.3255152165419,48.4400888302343,10.7924551044182,12.4303831003796,0.928647798200267,6.52630630390578,-9.2050919636764,-58.5141371866823,10.4526469656449,4,5,-11,-17,-17,30,1,local,27.3344630082448
shuffle,2026-06-22_shuffle_g6,34UFD,34UFD_shuffle_30.0_ 1x 1_local,2020,FALSE,6.19663578159803,2.39040104682371,2.97086804672237,62.8022498188208,78.0526755110522,2.97086804672237,3.47853223312078,0.645348809505699,1.9378788459578,-1.36085367545747,-41.2538351206972,2.6399637450976,3,4,3,2,-1,30,1,local,36.8902740955353
shuffle,2026-06-22_shuffle_g6,33NTG,33NTG_shuffle_50.0_ 1x 1_local,2020,FALSE,13.6215444543389,-8.65846728792144,13.0603314086744,-38.8620409543959,58.6190508324633,13.0603314086744,14.9297041841662,0.854155428348049,4.4367675176403,-11.2946069199211,-71.796694972521,12.7265069163467,6,7,-13,-20,-20,50,1,local,27.4596278627714
shuffle,2026-06-22_shuffle_g6,34UFD,34UFD_shuffle_50.0_ 1x 1_local,2020,FALSE,5.9088013475709,2.10257164826794,2.99646628899916,55.2402722477044,78.7253141750196,2.99646628899916,3.51469959253757,0.530487521971184,1.41383597336558,-1.88489331726186,-57.1399818292861,2.64000517290783,3,4,3,1,-2,50,1,local,38.7779592434565
shuffle,2026-06-22_shuffle_g6,33NTG,33NTG_shuffle_65.0_ 1x 1_local,2020,FALSE,13.2997922537518,-8.98023117467711,14.1998068920645,-40.3062016677167,63.7333570930891,14.1998068920645,16.0809901513441,0.755187456025835,3.41752214365678,-12.3138277546203,-78.2757222631538,13.7918148231136,7,8,-14,-21,-22,65,1,local,28.8532569567362
shuffle,2026-06-22_shuffle_g6,34UFD,34UFD_shuffle_65.0_ 1x 1_local,2020,FALSE,6.36139299433246,2.55515305740889,3.37744512113441,67.1306354762839,88.7344249733312,3.37744512113441,3.90933335388037,0.451191211303524,1.19229072860759,-2.10644185315723,-63.8560962716864,3.00319247612526,4,5,3,1,-2,65,1,local,44.1103808442752
shuffle,2026-06-22_shuffle_g6,33NTG,33NTG_shuffle_80.0_ 1x 1_local,2020,FALSE,13.2125629716028,-9.06746724186713,15.1905246461022,-40.6977331493257,68.1800002089691,15.1905246461022,17.0235238771992,0.565208427766428,2.63329038107161,-13.0980446056187,-83.2608587681876,14.5321510544531,9,9,-15,-22,-23,80,1,local,30.2418242613475
shuffle,2026-06-22_shuffle_g6,34UFD,34UFD_shuffle_80.0_ 1x 1_local,2020,FALSE,6.38572161189483,2.57954635830786,3.54204398291472,67.7726638014599,93.0604543124143,3.54204398291472,4.12248841184496,0.241001049611942,1.0972091209239,-2.20150781013251,-66.7383063216485,3.06135652316498,5,5,3,1,-2,80,1,local,41.511342771848
shuffle,2026-06-22_shuffle_g6,33NTG,33NTG_shuffle_100.0_ 1x 1_local,2020,FALSE,14.6262771130546,-7.65374883877211,16.2133198211205,-34.3525131223853,72.7706505197819,16.2133198211205,17.7170153772407,-0.0120797900221219,2.61591992176095,-13.115434551467,-83.3712988527924,14.2036011846924,10,10,-13,-21,-21,100,1,local,29.5756964921951
shuffle,2026-06-22_shuffle_g6,34UFD,34UFD_shuffle_100.0_ 1x 1_local,2020,FALSE,6.53931085518068,2.73307091825712,3.7797191891938,71.8050087106741,99.3032297445968,3.7797191891938,4.391176942117,-0.00366986557225179,0.952916529167569,-2.34581605259725,-71.1126468864063,3.22929878395078,5,5,4,1,-2,100,1,local,50.0388882915179
shuffle,2026-06-22_shuffle_g6,33NTG,33NTG_shuffle_2.5_ 2x 2_local,2020,FALSE,21.437708812057,-0.842286576411105,1.16871969226808,-3.78046117930107,5.24560114080184,1.16871969226808,1.73654573370973,0.995865426947735,15.1525175249253,-0.578820552354156,-3.67941080098036,0.879007812872164,0,0,-1,-1,-1,2.5,2,local,16.1183194835981
shuffle,2026-06-22_shuffle_g6,34UFD,34UFD_shuffle_2.5_ 2x 2_local,2020,FALSE,3.64978468671685,-0.156455250206717,0.501466148859982,-4.11049363149643,13.1748433406775,0.501466148859982,0.911662937981882,0.962929741568236,3.05465075871716,-0.244081823047661,-7.3992606856624,0.196405823433658,0,0,0,0,-1,2.5,2,local,28.6045115788778
shuffle,2026-06-22_shuffle_g6,33NTG,33NTG_shuffle_5.0_ 2x 2_local,2020,FALSE,20.6452701209258,-1.63472467925201,2.15220291588056,-7.3371860896438,9.65979990203312,2.15220291588056,2.84535408699447,0.991212175579623,14.5475042449478,-1.18384731122894,-7.52540115196973,1.71083871412161,0,0,-2,-3,-2,5,2,local,17.8106267849604
shuffle,2026-06-22_shuffle_g6,34UFD,34UFD_shuffle_5.0_ 2x 2_local,2020,FALSE,3.54376434546399,-0.262475591459574,0.78145087625427,-6.89592868051622,20.5307833768853,0.78145087625427,1.25783095182828,0.929864142165527,2.86640889549108,-0.432323686273741,-13.1057512410554,0.336202053865,0,0,0,0,-1,5,2,local,25.6622240702311
shuffle,2026-06-22_shuffle_g6,33NTG,33NTG_shuffle_10.0_ 2x 2_local,2020,FALSE,19.1864627943479,-3.09353570591864,3.96951742580431,-13.8848111048195,17.816506701097,3.96951742580431,4.89480492880215,0.97978403779679,13.2957210131992,-2.43565429786944,-15.4827804289667,3.2958016442659,0,0,-5,-5,-5,10,2,local,17.9299502333005
shuffle,2026-06-22_shuffle_g6,34UFD,34UFD_shuffle_10.0_ 2x 2_local,2020,FALSE,3.43490756257572,-0.371332374347839,1.15936924332856,-9.75588456065576,30.4596994025983,1.15936924332856,1.71999559296237,0.863925736903305,2.60376574430536,-0.694966837459465,-21.0676925223098,0.51700883120571,0,0,0,-1,-2,10,2,local,27.5610488772392
shuffle,2026-06-22_shuffle_g6,33NTG,33NTG_shuffle_15.0_ 2x 2_local,2020,FALSE,17.89581746215,-4.38418215493878,5.61564091835416,-19.6776581251649,25.2048519518239,5.61564091835416,6.75498794966773,0.966100515488133,12.0493582189984,-3.68202479468912,-23.4056013478629,4.82308639610905,1,1,-7,-8,-7,15,2,local,17.343855770429
shuffle,2026-06-22_shuffle_g6,34UFD,34UFD_shuffle_15.0_ 2x 2_local,2020,FALSE,3.41348941433944,-0.392750522584124,1.41576596491805,-10.318596018452,37.1959200780799,1.41576596491805,2.02102060591148,0.801798394409543,2.43461273460398,-0.864119847160839,-26.1955107224404,0.629684251633172,0,0,0,-1,-2,15,2,local,26.5951553901037
shuffle,2026-06-22_shuffle_g6,33NTG,33NTG_shuffle_20.0_ 2x 2_local,2020,FALSE,16.7533829270968,-5.52662268622828,7.10667454600629,-24.8053020369212,31.8970949529563,7.10667454600629,8.44419887015777,0.950462482988172,10.8472902694155,-4.88410433907961,-31.0468617730951,6.25989199611094,1,2,-9,-11,-9,20,2,local,16.8993630965551
shuffle,2026-06-22_shuffle_g6,34UFD,34UFD_shuffle_20.0_ 2x 2_local,2020,FALSE,3.44151628518775,-0.364723651735811,1.60643775565412,-9.58225592132806,42.2053728161062,1.60643775565412,2.23437467998452,0.745153431938261,2.31721237909841,-0.981520202666414,-29.7544641263797,0.725431195861459,0,0,0,-1,-3,20,2,local,29.4885836203893
shuffle,2026-06-22_shuffle_g6,33NTG,33NTG_shuffle_25.0_ 2x 2_local,2020,FALSE,15.7746922704312,-6.50530811112307,8.41793816780171,-29.1979712734154,37.7824866411176,8.41793816780171,9.93643356778793,0.933146558488099,9.73698605501081,-5.99440930762531,-38.1047527536097,7.55276621860893,1,3,-10,-13,-11,25,2,local,18.0137144525846
shuffle,2026-06-22_shuffle_g6,34UFD,34UFD_shuffle_25.0_ 2x 2_local,2020,FALSE,3.49590301774684,-0.310336919176726,1.75646165513981,-8.15337247045859,46.1468978374362,1.75646165513981,2.39498532818092,0.694319630410862,2.2285218568224,-1.07021072494242,-32.4430883199952,0.820159552901069,0,0,0,-1,-3,25,2,local,26.3425254861514
shuffle,2026-06-22_shuffle_g6,33NTG,33NTG_shuffle_30.0_ 2x 2_local,2020,FALSE,14.95574764611,-7.32425763624635,9.55889071602958,-32.8736799808861,42.9034490561783,9.55889071602958,11.2341176292126,0.913828907286374,8.74131103477937,-6.9900892559648,-44.4339926947097,8.69261195794209,1,4,-11,-15,-13,30,2,local,17.2174133221308
shuffle,2026-06-22_shuffle_g6,34UFD,34UFD_shuffle_30.0_ 2x 2_local,2020,FALSE,3.56480785288715,-0.24143208403641,1.88167964769147,-6.34306002872616,49.436706011034,1.88167964769147,2.52494284843221,0.647696634349756,2.15596495781343,-1.1427676239514,-34.64262699767,0.902677862968058,0,1,1,-1,-3,30,2,local,26.9104442795118
shuffle,2026-06-22_shuffle_g6,33NTG,33NTG_shuffle_50.0_ 2x 2_local,2020,FALSE,11.3684075599389,-10.9117816592806,13.7908828549931,-48.9752647606233,61.8975122666226,13.7908828549931,16.2273115927272,0.798825792907649,5.17826483140359,-10.5580567644839,-67.0935497863943,12.9392433984783,1,5,-16,-22,-22,50,2,local,17.6704035719236
shuffle,2026-06-22_shuffle_g6,34UFD,34UFD_shuffle_50.0_ 2x 2_local,2020,FALSE,3.87402878664577,0.0677888497222079,2.2753410670875,1.78099255027519,59.7792337002951,2.2753410670875,2.91900047308023,0.478534939980608,1.93377667187334,-1.36495590989148,-41.3781922619878,1.25299608932841,1,1,1,-1,-3,50,2,local,29.4893576383591
shuffle,2026-06-22_shuffle_g6,33NTG,33NTG_shuffle_65.0_ 2x 2_local,2020,FALSE,12.5207247444865,-9.75930130423433,14.1823028821158,-43.8029169395636,63.6547859104953,14.1823028821158,16.316702343244,0.676575198701043,4.57728579644021,-11.1540658543717,-70.9034169596993,13.2111750102047,2,7,-15,-21,-21,65,2,local,18.8351410786311
shuffle,2026-06-22_shuffle_g6,34UFD,34UFD_shuffle_65.0_ 2x 2_local,2020,FALSE,4.07681338536812,0.270573448444559,2.53271877768398,7.10868082224089,66.5412275541167,2.53271877768398,3.17788146068425,0.345553765830091,1.80579638158881,-1.49293620017601,-45.2578729306178,1.44496798426068,1,2,1,-1,-3,65,2,local,30.4196816802025
shuffle,2026-06-22_shuffle_g6,33NTG,33NTG_shuffle_80.0_ 2x 2_local,2020,FALSE,12.3604049196797,-9.91962529821192,15.3558308220356,-44.522494813522,68.9219479141655,15.3558308220356,17.4733874117627,0.464825599686499,3.71851613717996,-12.0128207828132,-76.3623641392229,14.0385330479451,4,8,-15,-22,-23,80,2,local,20.0424020210902
shuffle,2026-06-22_shuffle_g6,34UFD,34UFD_shuffle_80.0_ 2x 2_local,2020,FALSE,4.22179663938474,0.41555670246118,2.775765010464,10.9177747422055,72.9266955437273,2.775765010464,3.42865153030752,0.198554779971778,1.71814658035929,-1.58058600140553,-47.9149480058769,1.5649775643372,1,2,1,-1,-3,80,2,local,28.3881235082944
shuffle,2026-06-22_shuffle_g6,33NTG,33NTG_shuffle_100.0_ 2x 2_local,2020,FALSE,12.4079623335371,-9.87206901676662,16.854377221323,-44.3090445500295,75.6479062184676,16.854377221323,18.8683889172183,-0.0065478318326902,3.22779774222756,-12.5035312510951,-79.4817224685998,14.4414861104427,6,8,-15,-23,-24,100,2,local,21.970900952816
shuffle,2026-06-22_shuffle_g6,34UFD,34UFD_shuffle_100.0_ 2x 2_local,2020,FALSE,4.30318565464623,0.496945717722663,3.06369881969621,13.0560796470526,80.4914790046705,3.06369881969621,3.73444588964696,-0.000310608391314913,1.67751510102616,-1.62121748073866,-49.146678021148,1.62114809004066,1,2,1,0,-3,100,2,local,29.9036572257678
shuffle,2026-06-22_shuffle_g6,33NTG,33NTG_shuffle_2.5_ 4x 4_local,2020,FALSE,21.6960631362086,-0.583928942877503,0.801614644056985,-2.62086692313338,3.59791260791987,0.801614644056985,1.88442039352229,0.993624900234868,15.3765680665049,-0.354779760055907,-2.25524070770907,0.61458074805962,0,0,-1,-1,-1,2.5,4,local,14.3203666011492
shuffle,2026-06-22_shuffle_g6,34UFD,34UFD_shuffle_2.5_ 4x 4_local,2020,FALSE,3.67957173241363,-0.126668204509933,0.348169766062291,-3.32790908111573,9.14734151898221,0.348169766062291,0.794760199020962,0.971519159156842,3.13703714751771,-0.161695434247115,-4.9017442378008,0.146494598639194,0,0,0,0,-1,2.5,4,local,25.0506361325582
shuffle,2026-06-23_shuffle_g6,33NTG,33NTG_shuffle_5.0_ 4x 4_local,2020,FALSE,21.1263790451251,-1.1536253770051,1.49743172239695,-5.17785075419118,6.72096689940327,1.49743172239695,2.83616780840735,0.986883025680534,15.0118687947523,-0.719488605563068,-4.57359519114762,1.2148628670348,0,0,-2,-2,-1,5,4,local,14.5672698179881
shuffle,2026-06-23_shuffle_g6,34UFD,34UFD_shuffle_5.0_ 4x 4_local,2020,FALSE,3.57313530518387,-0.233104631739689,0.577060350771248,-6.12427581031842,15.1609031572945,0.577060350771248,1.09695153759928,0.946523301262656,2.99482922709066,-0.303903354674159,-9.21273086379044,0.272233073721874,0,0,0,0,-1,5,4,local,22.6783743262291
shuffle,2026-06-23_shuffle_g6,33NTG,33NTG_shuffle_10.0_ 4x 4_local,2020,FALSE,20.0064621293177,-2.27353878722417,2.82811179010173,-10.2043927006133,12.6934994333954,2.82811179010173,4.49305185087386,0.971343508720361,14.2616693790303,-1.46970809143813,-9.3425263884051,2.39631803917709,0,0,-4,-4,-3,10,4,local,15.7100983540217
shuffle,2026-06-23_shuffle_g6,34UFD,34UFD_shuffle_10.0_ 4x 4_local,2020,FALSE,3.40756782656105,-0.398672110362512,0.917436406167734,-10.47417180654,24.1034832635712,0.917436406167734,1.53118911308547,0.896059756022251,2.75317628537779,-0.545556296387028,-16.5383608056872,0.474041779223091,0,0,0,-1,-2,10,4,local,22.542804423968
shuffle,2026-06-23_shuffle_g6,33NTG,33NTG_shuffle_15.0_ 4x 4_local,2020,FALSE,18.9297709622166,-3.35022334978201,4.09918129068477,-15.0369129492003,18.3984844577685,4.09918129068477,6.00007807188741,0.953386392739682,13.5003868362011,-2.23100029503274,-14.1818409045647,3.53076985211202,1,0,-6,-5,-4,15,4,local,16.2651877125104
shuffle,2026-06-23_shuffle_g6,34UFD,34UFD_shuffle_15.0_ 4x 4_local,2020,FALSE,3.29198586392209,-0.51425407300147,1.17792135581957,-13.5108159633552,30.9471125136593,1.17792135581957,1.8532580135844,0.844505824409189,2.56410813630702,-0.734624445457801,-22.2698999463842,0.623981237854166,0,0,0,-1,-2,15,4,local,24.9238461812337
shuffle,2026-06-23_shuffle_g6,33NTG,33NTG_shuffle_20.0_ 4x 4_local,2020,FALSE,17.9032745138413,-4.37671777123839,5.3249594974748,-19.6441619693439,23.9001855536583,5.3249594974748,7.41727639893469,0.93298948081581,12.7267035574423,-3.00468742531798,-19.0999475418974,4.61602604701416,1,0,-8,-7,-5,20,4,local,15.0115391135216
shuffle,2026-06-23_shuffle_g6,34UFD,34UFD_shuffle_20.0_ 4x 4_local,2020,FALSE,3.21409690740881,-0.592143029514748,1.38886839725635,-15.5571650586314,36.48924976545,1.38886839725635,2.10746917839094,0.792298524801125,2.4136765209404,-0.885056060824418,-26.8301851964888,0.738987158813358,0,0,0,-1,-2,20,4,local,25.4896269043287
shuffle,2026-06-23_shuffle_g6,33NTG,33NTG_shuffle_25.0_ 4x 4_local,2020,FALSE,16.9406759168215,-5.33932424068847,6.49211928477461,-23.9646508211031,29.1387757579809,6.49211928477461,8.74843844052549,0.910129713375135,11.9630473204352,-3.76834714240755,-23.9543109246184,5.63998846070309,1,1,-9,-9,-7,25,4,local,16.5404103676478
shuffle,2026-06-23_shuffle_g6,34UFD,34UFD_shuffle_25.0_ 4x 4_local,2020,FALSE,3.1612262045777,-0.645013732345859,1.56678966088243,-16.9462183949233,41.1637123998232,1.56678966088243,2.31656166629315,0.739633920223899,2.29265169113262,-1.0060808906322,-30.499013354212,0.826646605251679,0,0,0,-1,-3,25,4,local,25.8034095287323
shuffle,2026-06-23_shuffle_g6,33NTG,33NTG_shuffle_30.0_ 4x 4_local,2020,FALSE,16.0343424237444,-6.24566707912293,7.60953543185549,-28.0326050952498,34.1540941931652,7.60953543185549,10.0082152419848,0.884551230665307,11.2110303086648,-4.52036817318737,-28.734687373167,6.60552926751918,1,1,-11,-11,-8,30,4,local,15.9359244386355
shuffle,2026-06-23_shuffle_g6,34UFD,34UFD_shuffle_30.0_ 4x 4_local,2020,FALSE,3.12875890139657,-0.677481035526987,1.72029813061023,-17.7992204052845,45.1967863066636,1.72029813061023,2.49160976897378,0.687126249759203,2.19463855478366,-1.10409402698116,-33.4702495462809,0.892079685045342,0,0,0,-1,-3,30,4,local,21.5580560008685
shuffle,2026-06-23_shuffle_g6,33NTG,33NTG_shuffle_50.0_ 4x 4_local,2020,FALSE,13.1330795551728,-9.14693578469291,11.4420792264735,-41.0544411445098,51.3557959989379,11.4420792264735,14.2275273084773,0.751097853280837,8.51532677872575,-7.21604719060339,-45.8704192314813,9.756906690582,1,2,-14,-17,-14,50,4,local,15.6505402565002
shuffle,2026-06-23_shuffle_g6,34UFD,34UFD_shuffle_50.0_ 4x 4_local,2020,FALSE,3.1056348635142,-0.700605073409359,2.19582592638972,-18.4067501003531,57.690160441239,2.19582592638972,3.00377949531966,0.477902727174708,1.94454294999625,-1.35418963176857,-41.0518160597328,1.03787676451058,0,0,0,-1,-4,50,4,local,23.8867701689402
shuffle,2026-06-23_shuffle_g6,33NTG,33NTG_shuffle_65.0_ 4x 4_local,2020,FALSE,11.7262034998012,-10.5538285668624,13.6565738633321,-47.3690007953513,61.2951266069572,13.6565738633321,16.577478189844,0.604344334076791,6.98922681047368,-8.74212794838582,-55.5713610327329,11.3474808142572,1,2,-15,-20,-18,65,4,local,20.7907696803411
shuffle,2026-06-23_shuffle_g6,34UFD,34UFD_shuffle_65.0_ 4x 4_local,2020,FALSE,3.1328772683485,-0.673362668575061,2.47395715398131,-17.6910200022575,64.9974041305686,2.47395715398131,3.28591396030616,0.323930471043504,1.84573255607726,-1.45300002568756,-44.0472208544474,1.10989856931089,0,0,0,-1,-4,65,4,local,25.1370205601056
shuffle,2026-06-23_shuffle_g6,33NTG,33NTG_shuffle_80.0_ 4x 4_local,2020,FALSE,10.8820164072888,-11.3980224606775,15.4741966986415,-51.1580007926526,69.4531853842049,15.4741966986415,18.4114871013558,0.394274863004748,5.95023819041122,-9.78109885681111,-62.1758902466472,12.3455459623194,1,2,-16,-22,-21,80,4,local,16.4687133948008
shuffle,2026-06-23_shuffle_g6,34UFD,34UFD_shuffle_80.0_ 4x 4_local,2020,FALSE,3.1642340087649,-0.64200592815866,2.71297510122908,-16.867195415893,71.2770383945336,2.71297510122908,3.52275881491877,0.177511011813902,1.79341218317954,-1.50532039858529,-45.6332958575242,1.14574379162988,1,1,0,-1,-4,80,4,local,24.2578636248906
shuffle,2026-06-23_shuffle_g6,33NTG,33NTG_shuffle_100.0_ 4x 4_local,2020,FALSE,10.514492445282,-11.7655319468244,17.6289063806781,-52.8075362026659,79.1242687639243,17.6289063806781,20.3923710901179,-0.00432372110477588,5.40471977699108,-10.3266129016496,-65.6435987503502,12.8325083849097,1,3,-16,-22,-22,100,4,local,17.0868577559789
shuffle,2026-06-23_shuffle_g6,34UFD,34UFD_shuffle_100.0_ 4x 4_local,2020,FALSE,3.18813522937568,-0.61810470754788,2.99132206996542,-16.2392470729912,78.5899501749013,2.99132206996542,3.79621125870962,-0.000165519799291304,1.77358202279245,-1.52515055897237,-46.2344406880176,1.16021455704439,1,1,0,-1,-4,100,4,local,29.9593445181847
shuffle,2026-06-23_shuffle_g6,33NTG,33NTG_shuffle_2.5_ 8x 8_local,2020,FALSE,21.8666428061793,-0.413344338215094,0.58774925896791,-1.8552270050079,2.63801435413209,0.58774925896791,2.020860427859,0.992083968977889,15.5043747984845,-0.226961674106811,-1.44273612418275,0.43920014140459,0,0,0,-1,0,2.5,8,local,16.3214035948118
shuffle,2026-06-23_shuffle_g6,34UFD,34UFD_shuffle_2.5_ 8x 8_local,2020,FALSE,3.70562610680902,-0.100613830114539,0.248952114140434,-2.64339168790976,6.54063112851609,0.248952114140434,0.739504852878678,0.975067497156683,3.18655759895772,-0.112174982807102,-3.40054793853851,0.112305037277004,0,0,0,0,0,2.5,8,local,21.8933502276738
shuffle,2026-06-23_shuffle_g6,33NTG,33NTG_shuffle_5.0_ 8x 8_local,2020,FALSE,21.4547417236515,-0.825257421254253,1.12417821613172,-3.7040280652028,5.04568338993297,1.12417821613172,2.95157637284416,0.983723858949375,15.2742135521745,-0.457127292807126,-2.90583808024827,0.877195264119003,0,0,-1,-1,-1,5,8,local,14.3025780200958
shuffle,2026-06-23_shuffle_g6,34UFD,34UFD_shuffle_5.0_ 8x 8_local,2020,FALSE,3.61403801923698,-0.192201917686586,0.442443810352529,-5.0496532239619,11.6241702489765,0.442443810352529,1.03118839546847,0.951825860126944,3.08294630771765,-0.215786274047173,-6.54149036633116,0.215316333921377,0,0,0,0,-1,5,8,local,21.9333503603935
shuffle,2026-06-23_shuffle_g6,33NTG,33NTG_shuffle_10.0_ 8x 8_local,2020,FALSE,20.6414125554731,-1.63857765894911,2.13306457703998,-7.35448105308605,9.57390266562691,2.13306457703998,4.41939830222475,0.965680160825892,14.8029050740132,-0.928457035080848,-5.90194942206641,1.74074259456251,0,0,-3,-2,-1,10,8,local,14.5908664782842
shuffle,2026-06-23_shuffle_g6,34UFD,34UFD_shuffle_10.0_ 8x 8_local,2020,FALSE,3.45007427987477,-0.356165657048788,0.755801231274214,-9.357414743976,19.856899296924,0.755801231274214,1.44970004821769,0.905183667834746,2.89061776369447,-0.408114818070356,-12.3718673143251,0.400680377889121,0,0,0,-1,-1,10,8,local,23.2433169523875
shuffle,2026-06-23_shuffle_g6,33NTG,33NTG_shuffle_15.0_ 8x 8_local,2020,FALSE,19.841360075375,-2.43865541655747,3.11049448498982,-10.9454834869414,13.9609170654128,3.11049448498982,5.70467251675559,0.945380765684674,14.3238704493024,-1.40750888182275,-8.94714221935986,2.59167515783192,0,0,-5,-3,-2,15,8,local,16.0835613568624
shuffle,2026-06-23_shuffle_g6,34UFD,34UFD_shuffle_15.0_ 8x 8_local,2020,FALSE,3.31234916778572,-0.493890769137841,1.01241871436297,-12.9758180598839,26.5989199614482,1.01241871436297,1.77039995662226,0.857562271277142,2.72280787715551,-0.575924704609308,-17.4589691747971,0.558328100584916,0,0,0,-1,-2,15,8,local,22.3539357105891
shuffle,2026-06-23_shuffle_g6,33NTG,33NTG_shuffle_20.0_ 8x 8_local,2020,FALSE,19.0540966117205,-3.22590175920471,4.07402014687523,-14.4789138019616,18.2855495725337,4.07402014687523,6.89054521431543,0.923100176608742,13.832626397528,-1.89877619111059,-12.0699739289738,3.42665779552368,1,0,-6,-5,-3,20,8,local,17.9506922205289
shuffle,2026-06-23_shuffle_g6,34UFD,34UFD_shuffle_20.0_ 8x 8_local,2020,FALSE,3.19461982602703,-0.61162011089653,1.2324092749231,-16.0688795512686,32.3786544029385,1.2324092749231,2.03638612743213,0.808736434713433,2.57649577481203,-0.722236806952789,-21.8943727341,0.693019451829065,0,0,0,-1,-2,20,8,local,22.9789000352224
shuffle,2026-06-23_shuffle_g6,33NTG,33NTG_shuffle_25.0_ 8x 8_local,2020,FALSE,18.2927981643442,-3.987196785457,5.01852305601421,-17.8958603646029,22.5247944055705,5.01852305601421,8.00992529751685,0.898645237880558,13.3386847883702,-2.39275339701882,-15.2100104823293,4.23557536766387,1,0,-8,-6,-4,25,8,local,16.0651519616445
shuffle,2026-06-23_shuffle_g6,34UFD,34UFD_shuffle_25.0_ 8x 8_local,2020,FALSE,3.09379473872378,-0.712445198199783,1.42796925662286,-18.7178215248202,37.5165328588569,1.42796925662286,2.26642428755992,0.758192566485053,2.44780117267179,-0.850931409093028,-25.7957075331575,0.809397563911541,0,0,0,-1,-2,25,8,local,23.3764831701914
shuffle,2026-06-23_shuffle_g6,33NTG,33NTG_shuffle_30.0_ 8x 8_local,2020,FALSE,17.5508551927475,-4.72915129436264,5.96062759481225,-21.2259870619815,26.7532578963148,5.96062759481225,9.08717260968633,0.871687686806581,12.8311191831185,-2.90029710623966,-18.4363381712912,5.02428439171802,1,1,-9,-7,-5,30,8,local,14.6727952162425
shuffle,2026-06-23_shuffle_g6,34UFD,34UFD_shuffle_30.0_ 8x 8_local,2020,FALSE,3.01162941238142,-0.794610524542146,1.60273898641288,-20.8765221770123,42.1081963558061,1.60273898641288,2.46483153631919,0.706903569043053,2.33848625495265,-0.960246326812171,-29.1095535333889,0.90484135080397,0,0,0,-1,-3,30,8,local,23.0920092701912
shuffle,2026-06-23_shuffle_g6,33NTG,33NTG_shuffle_50.0_ 8x 8_local,2020,FALSE,14.9744321131608,-7.30560082336912,9.51779626555199,-32.7899013622686,42.718950607774,9.51779626555199,12.9213730634974,0.737054360533548,10.8498861653874,-4.88149625395529,-31.0303069611555,7.76938220337491,1,1,-14,-12,-8,50,8,local,15.1608454465866
shuffle,2026-06-23_shuffle_g6,34UFD,34UFD_shuffle_50.0_ 8x 8_local,2020,FALSE,2.79093069687223,-1.01530924005134,2.16192953194045,-26.6748617238243,56.7996124198059,2.16192953194045,3.07554523397983,0.491064383612052,2.03284641816937,-1.26588616359545,-38.3749252847348,1.16069823761213,0,0,-1,-2,-4,50,8,local,26.8247583071391
shuffle,2026-06-23_shuffle_g6,33NTG,33NTG_shuffle_65.0_ 8x 8_local,2020,FALSE,13.5013322192292,-8.77870540300201,11.9952674505537,-39.4016632819442,53.8386319356333,11.9952674505537,15.4112003865105,0.593129203998129,9.49320028637504,-6.23815229441021,-39.6542653428903,9.34244578533732,1,1,-15,-15,-11,65,8,local,15.9795605977376
shuffle,2026-06-23_shuffle_g6,34UFD,34UFD_shuffle_65.0_ 8x 8_local,2020,FALSE,2.70640301295697,-1.0998369239666,2.47878073407188,-28.8956277636967,65.1241323497694,2.47878073407188,3.40013159567158,0.331773771403066,1.91137880467166,-1.38735377709316,-42.0571762852909,1.25831169768713,0,0,-1,-2,-4,65,8,local,24.0973284204801
shuffle,2026-06-23_shuffle_g6,33NTG,33NTG_shuffle_80.0_ 8x 8_local,2020,FALSE,12.4967172924455,-9.78332047565367,14.3606296504953,-43.9106996921771,64.4551405162204,14.3606296504953,17.6573285338668,0.385975801725631,8.40882395386184,-7.32251083027987,-46.5472951326513,10.4179511765155,1,1,-15,-18,-14,80,8,local,18.6917384982109
shuffle,2026-06-23_shuffle_g6,34UFD,34UFD_shuffle_80.0_ 8x 8_local,2020,FALSE,2.66470861665405,-1.14153132026951,2.74310572691452,-29.9910499387006,72.0686497008297,2.74310572691452,3.6592404076371,0.181131302832257,1.84743203564335,-1.45130054612147,-43.9957016868893,1.30740789013573,0,0,-1,-2,-4,80,8,local,23.3295602718989
shuffle,2026-06-23_shuffle_g6,33NTG,33NTG_shuffle_100.0_ 8x 8_local,2020,FALSE,11.9967533935852,-10.283273080034,17.4166670591645,-46.1546717290034,78.1716623173085,17.4166670591645,20.3587760379359,-0.00258704782275154,7.78624266602152,-7.94508658287042,-50.5048648920119,10.9596524772246,1,1,-16,-19,-16,100,8,local,16.8472463885943
shuffle,2026-06-23_shuffle_g6,34UFD,34UFD_shuffle_100.0_ 8x 8_local,2020,FALSE,2.65337957904,-1.15286035788356,3.04104132277273,-30.2886937499629,79.8962065757391,3.04104132277273,3.93948751788639,0.00123086794329271,1.82308610329319,-1.47564647847163,-44.7337406684285,1.32330405907935,0,0,-1,-2,-4,100,8,local,25.0961743950844
shuffle,2026-06-23_shuffle_g6,33NTG,33NTG_shuffle_2.5_16x16_local,2020,FALSE,21.8946592425608,-0.385348291699081,0.553333364733155,-1.72956984465348,2.48354208984129,0.553333364733155,2.67178484216315,0.985790599056819,15.5912690081016,-0.140067421435965,-0.890372042218686,0.399115314274231,0,0,0,0,0,2.5,16,local,16.7179899652799
shuffle,2026-06-23_shuffle_g6,34UFD,34UFD_shuffle_2.5_16x16_local,2020,FALSE,3.71131934807839,-0.0949205888451763,0.206098862447172,-2.49381516715147,5.41476275438784,0.206098862447172,0.769966461353593,0.972807043032748,3.21781582290495,-0.0809167588598743,-2.45296509657002,0.0984372843274508,0,0,0,0,0,2.5,16,local,21.0924659927686
shuffle,2026-06-23_shuffle_g6,33NTG,33NTG_shuffle_5.0_16x16_local,2020,FALSE,21.5147031443479,-0.765310568745342,1.0800364126637,-3.43496453189162,4.84755721684764,1.0800364126637,3.81165254332284,0.971476643360533,15.4459719385557,-0.285379566469025,-1.81408168508518,0.793966272908913,0,0,-1,-1,0,5,16,local,14.2101347327232
shuffle,2026-06-23_shuffle_g6,34UFD,34UFD_shuffle_5.0_16x16_local,2020,FALSE,3.62461943470758,-0.181620502215984,0.383485521176036,-4.77165142570547,10.0751799027676,0.383485521176036,1.07450655494052,0.947079771916064,3.14248027274177,-0.156252309023049,-4.73673767576074,0.188785193471054,0,0,0,0,-1,5,16,local,23.5363569180171
shuffle,2026-06-23_shuffle_g6,33NTG,33NTG_shuffle_10.0_16x16_local,2020,FALSE,20.7768760406795,-1.50309782779117,2.07400688922907,-6.74640749879094,9.30883896665644,2.07400688922907,5.46456338939909,0.942798752787841,15.1478259955835,-0.583531395241229,-3.70935184259162,1.56009227844805,0,0,-3,-2,-1,10,16,local,15.8891430258751
shuffle,2026-06-23_shuffle_g6,34UFD,34UFD_shuffle_10.0_16x16_local,2020,FALSE,3.46287652753191,-0.343363409391649,0.684195864463268,-9.02106580462124,17.9756367386623,0.684195864463268,1.49947012421057,0.89685553995669,2.99745455512697,-0.301278026637849,-9.13314490247843,0.356918282784419,0,0,0,-1,-1,10,16,local,22.1279750625292
shuffle,2026-06-23_shuffle_g6,33NTG,33NTG_shuffle_15.0_16x16_local,2020,FALSE,20.0699285084208,-2.21009231939684,3.00627436479522,-9.91961514074274,13.493139831547,3.00627436479522,6.7605153142021,0.914273355133216,14.8391934691941,-0.892148843264451,-5.67115523611678,2.29496309648737,0,0,-5,-2,-1,15,16,local,15.3866967995961
shuffle,2026-06-23_shuffle_g6,34UFD,34UFD_shuffle_15.0_16x16_local,2020,FALSE,3.31684523469835,-0.489394702225215,0.940539214404029,-12.8576944789449,24.7104551996328,0.940539214404029,1.82352357259319,0.84664616431731,2.85733738182234,-0.44139519994248,-13.380751212829,0.508914661960208,0,0,0,-1,-1,15,16,local,22.7669244805972
shuffle,2026-06-23_shuffle_g6,33NTG,33NTG_shuffle_20.0_16x16_local,2020,FALSE,19.3707702675849,-2.90919624433551,3.93211166900249,-13.0574533977823,17.6486426355206,3.93211166900249,7.94114874316554,0.883653039133165,14.5028933207217,-1.22848683215932,-7.80914846771621,3.02144760762496,0,0,-6,-3,-2,20,16,local,17.1243399659793
shuffle,2026-06-23_shuffle_g6,34UFD,34UFD_shuffle_20.0_16x16_local,2020,FALSE,3.18897901770905,-0.617260919214509,1.16050303885244,-16.2170785195801,30.4894872126855,1.16050303885244,2.08432360388408,0.797948400035707,2.73385922840282,-0.564873353362,-17.1239510739544,0.64105850596315,0,0,0,-1,-2,20,16,local,21.2808909018834
shuffle,2026-06-23_shuffle_g6,33NTG,33NTG_shuffle_25.0_16x16_local,2020,FALSE,18.7146894400864,-3.56529366251338,4.82569764046155,-16.002227856705,21.6593415634075,4.82569764046155,9.00189051099332,0.852191508394606,14.1617833372042,-1.56962805446122,-9.97766834381317,3.70583587210684,0,0,-8,-4,-2,25,16,local,17.2490075985591
shuffle,2026-06-23_shuffle_g6,34UFD,34UFD_shuffle_25.0_16x16_local,2020,FALSE,3.07678084106661,-0.729459095856948,1.35780616474894,-19.1648216598384,35.673162681552,1.35780616474894,2.30602598747921,0.749823947062272,2.62198134755942,-0.676751234205397,-20.5154924635733,0.758348394885769,0,0,0,-1,-2,25,16,local,20.4997621019681
shuffle,2026-06-23_shuffle_g6,33NTG,33NTG_shuffle_30.0_16x16_local,2020,FALSE,18.0914620211881,-4.18861328993211,5.69119796296243,-18.799816569029,25.5438901506849,5.69119796296243,9.95879418259162,0.820644037475118,13.8160970743303,-1.91529342197021,-12.1749785717964,4.35408509913778,0,0,-9,-5,-3,30,16,local,16.0920987526576
shuffle,2026-06-23_shuffle_g6,34UFD,34UFD_shuffle_30.0_16x16_local,2020,FALSE,2.97936699665706,-0.826872940266506,1.53362296113366,-21.7241412514534,40.2923353900078,1.53362296113366,2.49988033208293,0.701739907345662,2.52121937132571,-0.777513210439114,-23.5700588382689,0.859285958244828,0,0,-1,-1,-2,30,16,local,21.1236182928085
shuffle,2026-06-23_shuffle_g6,33NTG,33NTG_shuffle_50.0_16x16_local,2020,FALSE,15.9065872364939,-6.37341634310854,9.07937777717807,-28.605993353356,40.7512402084636,9.07937777717807,13.4230519840054,0.670555308472201,12.3812583843825,-3.35011283245752,-21.295745846181,6.64253307705844,1,0,-13,-9,-5,50,16,local,15.0132582028707
shuffle,2026-06-23_shuffle_g6,34UFD,34UFD_shuffle_50.0_16x16_local,2020,FALSE,2.68523382904627,-1.12100610787729,2.11872367367786,-29.4517982695374,55.6644801375907,2.11872367367786,3.11817372760389,0.499858782456188,2.19988940565709,-1.09884317610773,-33.3110717183339,1.16448043357975,0,0,-1,-2,-3,50,16,local,23.3379456003507
shuffle,2026-06-23_shuffle_g6,33NTG,33NTG_shuffle_65.0_16x16_local,2020,FALSE,14.6738932517558,-7.60611901118282,11.5512848356034,-34.138755945997,51.8459536704037,11.5512848356034,15.7383815231669,0.522664721672511,11.3802501429596,-4.3511009141158,-27.6587872098807,7.94052938129938,1,0,-15,-12,-7,65,16,local,18.1901864727338
shuffle,2026-06-23_shuffle_g6,34UFD,34UFD_shuffle_65.0_16x16_local,2020,FALSE,2.55470146855762,-1.25153846836594,2.46070533734842,-32.8812289584011,64.6492438240064,2.46070533734842,3.45598836783035,0.348321940907485,2.05241432247472,-1.2463182592901,-37.7817306616386,1.29866367298094,0,0,-1,-2,-4,65,16,local,24.1392190257708
shuffle,2026-06-23_shuffle_g6,33NTG,33NTG_shuffle_80.0_16x16_local,2020,FALSE,13.8403573223823,-8.43969911534345,13.9999531716713,-37.880061654839,62.8362554233295,13.9999531716713,17.8982313078707,0.332004357964102,10.6007315417224,-5.13061483926171,-32.6139588755323,8.82237198537105,1,1,-16,-14,-9,80,16,local,14.2972259243329
shuffle,2026-06-23_shuffle_g6,34UFD,34UFD_shuffle_80.0_16x16_local,2020,FALSE,2.47758898236852,-1.32865095455504,2.75730574519733,-34.9071781225893,72.4417217750585,2.75730574519733,3.73666922609986,0.195343212001995,1.96005178968664,-1.33868079207819,-40.5816706537027,1.37808455002743,0,0,-1,-2,-4,80,16,local,22.8723936080933
shuffle,2026-06-23_shuffle_g6,33NTG,33NTG_shuffle_100.0_16x16_local,2020,FALSE,13.4162525815215,-8.86377234145032,17.3661086536508,-39.7834938340277,77.9447451862833,17.3661086536508,20.7160169407785,-0.00035246103717705,10.1488755664766,-5.58245244301876,-35.486212223464,9.27358064426539,1,1,-16,-15,-10,100,16,local,17.405558570226
shuffle,2026-06-23_shuffle_g6,34UFD,34UFD_shuffle_100.0_16x16_local,2020,FALSE,2.44963026765203,-1.35660966927153,3.10773827472106,-35.6417275776899,81.6485120807419,3.10773827472106,4.05178077541392,0.000442645834706891,1.92367328680871,-1.37505929495611,-41.6844730778526,1.40797128202926,0,0,-1,-2,-4,100,16,local,22.4346455295881
shuffle,2026-06-23_shuffle_g6,33NTG,33NTG_shuffle_2.5_32x32_local,2020,FALSE,21.9144090556245,-0.365583369060438,0.538305576399845,-1.64085948546101,2.41609407283027,0.538305576399845,2.96852043117867,0.982378728803914,15.6376246983319,-0.0936971083854683,-0.595608617868709,0.374998352574354,0,0,0,0,0,2.5,32,local,14.9232521533966
shuffle,2026-06-23_shuffle_g6,34UFD,34UFD_shuffle_2.5_32x32_local,2020,FALSE,3.71664780485669,-0.0895921320668709,0.181053604454045,-2.35382250072455,4.75675752066182,0.181053604454045,0.772890021344002,0.972571785531851,3.23256150729761,-0.0661710744672144,-2.00595449394727,0.0898750990273598,0,0,0,0,0,2.5,32,local,23.5046625415484
shuffle,2026-06-23_shuffle_g6,33NTG,33NTG_shuffle_5.0_32x32_local,2020,FALSE,21.5197783648346,-0.760225563021571,1.09260010024842,-3.41214285905524,4.90394931610568,1.09260010024842,4.32091786419522,0.963065144637907,15.5364475977788,-0.194874808344826,-1.23876940103248,0.779918121630013,0,0,-1,-1,0,5,32,local,15.7219342192014
shuffle,2026-06-23_shuffle_g6,34UFD,34UFD_shuffle_5.0_32x32_local,2020,FALSE,3.63412410566135,-0.172115831262214,0.34332078247497,-4.52193855654115,9.01994588266716,0.34332078247497,1.08230911754895,0.94621114068121,3.17258818293657,-0.126144398828254,-3.82402621920832,0.172462948128411,0,0,0,0,0,5,32,local,22.3477823376656
shuffle,2026-06-23_shuffle_g6,33NTG,33NTG_shuffle_10.0_32x32_local,2020,FALSE,20.8256066464353,-1.45433806991343,2.09216636072291,-6.52756588236171,9.39035705590289,2.09216636072291,6.05376758743063,0.928718283444065,15.3236606890144,-0.407750903683912,-2.59195369265635,1.49435952352938,0,0,-3,-1,0,10,32,local,14.2176517605782
shuffle,2026-06-23_shuffle_g6,34UFD,34UFD_shuffle_10.0_32x32_local,2020,FALSE,3.47772650990997,-0.328513427013596,0.633422454543854,-8.63091745285824,16.6416848396537,0.633422454543854,1.50753484341002,0.895518586889509,3.05241569113639,-0.246316890628428,-7.46701602882428,0.329080768980307,0,0,0,-1,-1,10,32,local,23.91353820165
shuffle,2026-06-23_shuffle_g6,33NTG,33NTG_shuffle_15.0_32x32_local,2020,FALSE,20.1508172571818,-2.12909968077469,3.04899741142494,-9.55613832270404,13.6849586105531,3.04899741142494,7.41573277556382,0.894601446616123,15.0940902074204,-0.637274792047478,-4.0509821752215,2.18935614576882,0,0,-5,-2,-1,15,32,local,14.3421004652977
shuffle,2026-06-23_shuffle_g6,34UFD,34UFD_shuffle_15.0_32x32_local,2020,FALSE,3.33457157849241,-0.471668358431153,0.882936689147267,-12.3919764977398,23.1970843609221,0.882936689147267,1.82733670586317,0.84582748507459,2.93171169789018,-0.367020883874638,-11.1261181310515,0.472311466683469,0,0,0,-1,-1,15,32,local,24.6736001729965
shuffle,2026-06-23_shuffle_g6,33NTG,33NTG_shuffle_20.0_32x32_local,2020,FALSE,19.4743842860109,-2.80575381427654,4.01964931826454,-12.5930719174507,18.0414021680264,4.01964931826454,8.66541541998895,0.857697890911178,14.8324936335503,-0.8990324942101,-5.7148460162656,2.88683743633936,0,0,-7,-3,-1,20,32,local,17.1216582020124
shuffle,2026-06-23_shuffle_g6,34UFD,34UFD_shuffle_20.0_32x32_local,2020,FALSE,3.20985756583728,-0.596382371086285,1.10184867808324,-15.6685437851907,28.9484818703738,1.10184867808324,2.08704284282261,0.797415566596546,2.82478732627405,-0.473945255490774,-14.3674955075386,0.59694820443216,0,0,0,-1,-1,20,32,local,23.1658463160197
shuffle,2026-06-23_shuffle_g6,33NTG,33NTG_shuffle_25.0_32x32_local,2020,FALSE,18.8885226377648,-3.39142732876692,4.86859255525014,-15.2218803626643,21.8519007563464,4.86859255525014,9.63799500118581,0.82556546856995,14.5940348002306,-1.13744739793964,-7.23038925138242,3.49113657069713,0,0,-8,-3,-1,25,32,local,16.0122166832288
shuffle,2026-06-23_shuffle_g6,34UFD,34UFD_shuffle_25.0_32x32_local,2020,FALSE,3.09144639456116,-0.714793542362401,1.30388601505488,-18.7795187431127,34.2565375978047,1.30388601505488,2.31323868358195,0.749031008256701,2.72308562265405,-0.575646959110776,-17.4505494107923,0.715214447544712,0,0,-1,-1,-2,25,32,local,21.9908636967341
shuffle,2026-06-23_shuffle_g6,33NTG,33NTG_shuffle_30.0_32x32_local,2020,FALSE,18.2793030649905,-4.000645802415,5.7619556615147,-17.956261148641,25.8616197721359,5.7619556615147,10.623246986843,0.78941366537647,14.313849284425,-1.41759688784816,-9.01123057806785,4.12046771618415,0,0,-10,-4,-2,30,32,local,15.3210451801618
shuffle,2026-06-23_shuffle_g6,34UFD,34UFD_shuffle_30.0_32x32_local,2020,FALSE,2.98869409457039,-0.817545842353174,1.48031011509326,-21.4790936961784,38.8916657810527,1.48031011509326,2.50394742358981,0.702827212919955,2.62648840059462,-0.672244181170198,-20.3788626239762,0.818037066023683,0,0,-1,-1,-2,30,32,local,22.1106486082077
shuffle,2026-06-23_shuffle_g6,33NTG,33NTG_shuffle_50.0_32x32_local,2020,FALSE,16.2627367381814,-6.01726310498949,9.16788659689396,-27.0074647546905,41.148503866368,9.16788659689396,14.0314710047533,0.628278055610488,13.1831343761615,-2.54818931928076,-16.1981875690412,6.20935757692483,1,0,-14,-8,-3,50,32,local,19.7094073653221
shuffle,2026-06-23_shuffle_g6,34UFD,34UFD_shuffle_50.0_32x32_local,2020,FALSE,2.66355893032522,-1.14268100659835,2.07299675094222,-30.0212552423044,54.4631128172582,2.07299675094222,3.11780142683582,0.511873787684691,2.30859832749675,-0.990134254268074,-30.0155962851148,1.14268100659913,0,0,-1,-2,-3,50,32,local,24.8914570132891
shuffle,2026-06-23_shuffle_g6,33NTG,33NTG_shuffle_65.0_32x32_local,2020,FALSE,15.0869473534421,-7.19306697131369,11.6491708570399,-32.2848399757146,52.2852933900329,11.6491708570399,16.2856066159019,0.481006350764227,12.390108550049,-3.34121690117147,-21.2392586469073,7.42623422067199,1,0,-16,-10,-5,65,32,local,15.8488106211027
shuffle,2026-06-23_shuffle_g6,34UFD,34UFD_shuffle_65.0_32x32_local,2020,FALSE,2.50855219068785,-1.29768774623571,2.43243038220328,-34.0936926662743,63.9063858956122,2.43243038220328,3.46681377605595,0.363195444525599,2.14072696016827,-1.15800562159655,-35.1045619156257,1.29768774623614,0,0,-1,-2,-3,65,32,local,23.2713388164838
shuffle,2026-06-23_shuffle_g6,33NTG,33NTG_shuffle_80.0_32x32_local,2020,FALSE,14.3408389768685,-7.93919751857719,14.1471861703677,-35.633682737459,63.4971409192243,14.1471861703677,18.4344547745062,0.295433300267722,11.7836209652271,-3.94770668875012,-25.094555116917,8.20131991030374,1,0,-17,-12,-6,80,32,local,15.4796863079071
shuffle,2026-06-23_shuffle_g6,34UFD,34UFD_shuffle_80.0_32x32_local,2020,FALSE,2.41245473519713,-1.39378520172644,2.74742389391889,-36.6184272359083,72.1820993801963,2.74742389391889,3.75874173916309,0.21060759260158,2.03134831594255,-1.26738426582227,-38.4203397640744,1.39378520172671,0,0,-1,-2,-4,80,32,local,24.6371474941572
shuffle,2026-06-23_shuffle_g6,33NTG,33NTG_shuffle_100.0_32x32_local,2020,FALSE,13.9798155339737,-8.30022070791356,17.547041958011,-37.2540718417183,78.7567927067459,17.547041958011,21.2092286114278,-0.00638026255905273,11.4526780033285,-4.27865610196277,-27.198304182756,8.57925323208508,1,0,-17,-13,-6,100,32,local,15.3872242649396
shuffle,2026-06-23_shuffle_g6,34UFD,34UFD_shuffle_100.0_32x32_local,2020,FALSE,2.3684551412843,-1.43778479563926,3.14226004274777,-37.7744130550364,82.5554903217043,3.14226004274777,4.10704773876069,-0.000579633576022013,1.97773011955896,-1.32100246220586,-40.0457578619217,1.43778479563957,0,0,-1,-2,-4,100,32,local,22.968218421936
shuffle,2026-06-23_shuffle_g6,33NTG,33NTG_shuffle_2.5_64x64_local,2020,FALSE,21.9241928672974,-0.355799557387538,0.530182149139728,-1.59694649174716,2.37963343538805,0.530182149139728,3.08722160607969,0.980923650754751,15.6605338869706,-0.0707879197468166,-0.449980749339129,0.364030668789985,0,0,0,0,0,2.5,64,local,14.7443389574687
shuffle,2026-06-23_shuffle_g6,34UFD,34UFD_shuffle_2.5_64x64_local,2020,FALSE,3.72463949684884,-0.0816004400747228,0.165105983162133,-2.14385959442897,4.33777128867977,0.165105983162133,0.754418517684299,0.973856826198591,3.24355544114641,-0.0551771406184134,-1.67267698277299,0.0816004400747532,0,0,0,0,0,2.5,64,local,23.0914866328239
shuffle,2026-06-23_shuffle_g6,33NTG,33NTG_shuffle_5.0_64x64_local,2020,FALSE,21.5471775326793,-0.732815139129844,1.07901826819232,-3.28911750521837,4.84299202466793,1.07901826819232,4.47873684769697,0.960229279304666,15.5842373851408,-0.147084627623553,-0.934979447399327,0.748887021254939,0,0,-1,-1,0,5,64,local,15.5621147274971
shuffle,2026-06-23_shuffle_g6,34UFD,34UFD_shuffle_5.0_64x64_local,2020,FALSE,3.64133247986748,-0.164907457056084,0.323999591901332,-4.33255548228451,8.51232705427415,0.323999591901332,1.08017813024809,0.946387034086886,3.18570828243232,-0.113024299332497,-3.42629469140021,0.164907457056132,0,0,0,0,0,5,64,local,21.2536990404129
shuffle,2026-06-23_shuffle_g6,33NTG,33NTG_shuffle_10.0_64x64_local,2020,FALSE,20.8585709622671,-1.42142146241786,2.0908454790435,-6.37981124644823,9.38440839291744,2.0908454790435,6.31082934362416,0.922253834722771,15.4146906235392,-0.316631183178158,-2.01274366558921,1.45288356263619,0,0,-3,-1,0,10,64,local,14.3847950577736
shuffle,2026-06-23_shuffle_g6,34UFD,34UFD_shuffle_10.0_64x64_local,2020,FALSE,3.49159227650892,-0.314647660414638,0.603073648776819,-8.26662705528111,15.8443413649918,0.603073648776819,1.51326726743453,0.894523844561161,3.07935967806536,-0.219372903699458,-6.6502178719226,0.314647660414805,0,0,0,-1,-1,10,64,local,20.6544466336568
shuffle,2026-06-23_shuffle_g6,33NTG,33NTG_shuffle_15.0_64x64_local,2020,FALSE,20.2144480218557,-2.06512946328935,3.04349244193855,-9.26915900746445,13.6604585251574,3.04349244193855,7.70690607628813,0.885506557474017,15.2366257516733,-0.494815109675733,-3.14538963110148,2.11349166335958,0,0,-5,-2,-1,15,64,local,15.4902585307757
shuffle,2026-06-23_shuffle_g6,34UFD,34UFD_shuffle_15.0_64x64_local,2020,FALSE,3.346421081875,-0.459818855048561,0.85580472373119,-12.080658672827,22.4842557987268,0.85580472373119,1.84226476787624,0.843137799224651,2.97213163943137,-0.326600942333455,-9.90080081480031,0.459818855048558,0,0,0,-1,-1,15,64,local,20.663396135966
shuffle,2026-06-23_shuffle_g6,33NTG,33NTG_shuffle_20.0_64x64_local,2020,FALSE,19.6075217954743,-2.67239178871214,3.97932089739533,-11.9946236712916,17.8605759953203,3.97932089739533,8.88098512717992,0.849273190926007,15.0183996364865,-0.713047723686534,-4.53262632077796,2.73810748686013,0,0,-6,-2,-1,20,64,local,14.0592707912127
shuffle,2026-06-23_shuffle_g6,34UFD,34UFD_shuffle_20.0_64x64_local,2020,FALSE,3.23082191257856,-0.575418024344998,1.07087909165075,-15.1177548940881,28.13482884414,1.07087909165075,2.08668992120631,0.797484757279389,2.87980072637738,-0.418931855387436,-12.6997822649603,0.575418024344701,0,0,0,-1,-1,20,64,local,18.8917901198069
shuffle,2026-06-23_shuffle_g6,33NTG,33NTG_shuffle_25.0_64x64_local,2020,FALSE,18.9814529745012,-3.2985415571901,4.90531248703434,-14.8049477862224,22.0166682718749,4.90531248703434,9.98347430590334,0.811321913308257,14.8157983265117,-0.915524534941753,-5.8197555476092,3.37887669468732,0,0,-8,-3,-1,25,64,local,11.7569887638092
shuffle,2026-06-23_shuffle_g6,34UFD,34UFD_shuffle_25.0_64x64_local,2020,FALSE,3.11146635311047,-0.694773583813097,1.26735262701114,-18.2535414300407,33.2967087733173,1.26735262701114,2.31030138607652,0.750369203900725,2.79164364749373,-0.507088934271091,-15.3722352964968,0.694773583813184,0,0,-1,-1,-1,25,64,local,19.2841821829478
shuffle,2026-06-23_shuffle_g6,33NTG,33NTG_shuffle_30.0_64x64_local,2020,FALSE,18.3921547608671,-3.88768710027913,5.81637616632908,-17.4493478208158,26.1060029176969,5.81637616632908,10.9627770487834,0.773659012888056,14.5617369615339,-1.16982568301931,-7.43616962568143,3.98653014711293,0,0,-10,-4,-1,30,64,local,12.7666695038478
shuffle,2026-06-23_shuffle_g6,34UFD,34UFD_shuffle_30.0_64x64_local,2020,FALSE,3.00812127413111,-0.798118662792451,1.44032521236372,-20.9686902564934,37.8411565280322,1.44032521236372,2.49665176323371,0.705793100990406,2.69600111029185,-0.602731471472972,-18.2716075502704,0.798118662792363,0,0,-1,-1,-2,30,64,local,16.6927936752637
shuffle,2026-06-23_shuffle_g6,33NTG,33NTG_shuffle_50.0_64x64_local,2020,FALSE,16.4494407025978,-5.83057379765812,9.23666322960544,-26.1695242504944,41.4571688429528,9.23666322960544,14.3651132973707,0.608086576838795,13.6150558190009,-2.11627008718643,-13.4525856231487,5.9874412698632,1,0,-14,-7,-2,50,64,local,11.7018800059954
shuffle,2026-06-23_shuffle_g6,34UFD,34UFD_shuffle_50.0_64x64_local,2020,FALSE,2.67241669633132,-1.13382324059224,2.04734061051182,-29.7885382787683,53.78905808462,2.04734061051182,3.12082913770802,0.515726316451864,2.3843326760263,-0.914399905738523,-27.7197342637977,1.13382324059309,0,0,-1,-2,-3,50,64,local,16.9433324774106
shuffle,2026-06-23_shuffle_g6,33NTG,33NTG_shuffle_65.0_64x64_local,2020,FALSE,15.3777909093244,-6.90224301133258,11.6577265060388,-30.979499564106,52.3236479242085,11.6577265060388,16.5291747062856,0.465361255068584,12.9502563587247,-2.78107328537001,-17.6785646750081,7.09283154131506,1,0,-16,-9,-4,65,64,local,11.4597047845523
shuffle,2026-06-23_shuffle_g6,34UFD,34UFD_shuffle_65.0_64x64_local,2020,FALSE,2.49989376376674,-1.30634617315682,2.41064997222504,-34.3211724643058,63.3341568627823,2.41064997222504,3.47042073478526,0.372599652448408,2.21213573831536,-1.08659684344946,-32.9398281466068,1.30634617315612,0,0,-1,-2,-3,65,64,local,19.1826410055161
shuffle,2026-06-23_shuffle_g6,33NTG,33NTG_shuffle_80.0_64x64_local,2020,FALSE,14.5844458676377,-7.69556802431003,14.1935831160354,-34.540229919207,63.7054500274129,14.1935831160354,18.6866712455792,0.285205484208767,12.4002835377138,-3.33104210813632,-21.174579835966,7.90823411054994,1,0,-17,-11,-4,80,64,local,11.5213213165601
shuffle,2026-06-23_shuffle_g6,34UFD,34UFD_shuffle_80.0_64x64_local,2020,FALSE,2.39514405831865,-1.41109587860491,2.73212786268011,-37.0732245467806,71.7802321439669,2.73212786268011,3.76380497890775,0.224581171802205,2.09812231703917,-1.20061026472565,-36.3961077464281,1.41109587860558,0,0,-1,-2,-4,80,64,local,18.2375679572423
shuffle,2026-06-23_shuffle_g6,33NTG,33NTG_shuffle_100.0_64x64_local,2020,FALSE,14.3341438518192,-7.94595577099906,17.520383979388,-35.6639149084467,78.6369193854252,17.520383979388,21.3910688267577,0.00351368785980255,12.1783036157675,-3.55302970874753,-22.5856870199974,8.17060167039287,1,0,-17,-11,-5,100,64,local,11.6291080633799
shuffle,2026-06-23_shuffle_g6,34UFD,34UFD_shuffle_100.0_64x64_local,2020,FALSE,2.352700732401,-1.45353920452256,3.15274255974869,-38.1883230855227,82.8308937953327,3.15274255974869,4.13706532124062,0.00625156319705409,2.05072617576058,-1.24800640600424,-37.832906277494,1.45353920452319,0,0,-1,-2,-4,100,64,local,17.1823961257935
