"mode","tile","out_name","year","original","mean_height","mean_change","mean_abs_change","relative_mean_change","relative_mean_abs_change","mae","rmse","correlation","SD","sd_change","relative_sd_change","wasserstein","q05_shift","q25_shift","q50_shift","q75_shift","q95_shift","shuffle_percentage","patch_size","time_min"
"shuffle","20MMD","20MMD_original","2020",TRUE,32.6590851864273,0,0,0,0,0,0,1,5.90165031419954,0,0,0,0,0,0,0,0,0,1,4.18466553688049
"shuffle","20MMD","20MMD_original","2020",TRUE,29.8949659030184,0,0,0,0,0,0,1,4.96120531287663,0,0,0,0,0,0,0,0,0,2,3.99348291953405
"shuffle","20MMD","20MMD_original","2020",TRUE,31.1457616164047,0,0,0,0,0,0,1,5.18768663824733,0,0,0,0,0,0,0,0,0,4,4.35956490039825
"shuffle","20MMD","20MMD_original","2020",TRUE,31.1457616164047,0,0,0,0,0,0,1,5.18768663824733,0,0,0,0,0,0,0,0,0,8,4.14510207573573
"shuffle","20MMD","20MMD_original","2020",TRUE,31.1457616164047,0,0,0,0,0,0,1,5.18768663824733,0,0,0,0,0,0,0,0,0,16,4.19284199476242
"shuffle","20MMD","20MMD_original","2020",TRUE,31.1457616164047,0,0,0,0,0,0,1,5.18768663824733,0,0,0,0,0,0,0,0,0,32,3.9856898188591
"shuffle","20MMD","20MMD_original","2020",TRUE,31.1457616164047,0,0,0,0,0,0,1,5.18768663824733,0,0,0,0,0,0,0,0,0,64,4.03381911118825
"shuffle","20MMD","20MMD_original","2020",TRUE,31.1457616164047,0,0,0,0,0,0,1,5.18768663824733,0,0,0,0,0,0,0,0,0,128,4.43408924738566
"shuffle","20MMD","20MMD_original","2020",TRUE,31.1457616164047,0,0,0,0,0,0,1,5.18768663824733,0,0,0,0,0,0,0,0,0,256,4.92673589785894
"shuffle","17SNB","17SNB_original","2020",TRUE,14.7435625246118,0,0,0,0,0,0,1,5.06927685142209,0,0,0,0,0,0,0,0,0,1,5.12247163852056
"shuffle","17SNB","17SNB_original","2020",TRUE,14.7435625246118,0,0,0,0,0,0,1,5.06927685142209,0,0,0,0,0,0,0,0,0,2,5.14381703535716
"shuffle","17SNB","17SNB_original","2020",TRUE,14.7435625246118,0,0,0,0,0,0,1,5.06927685142209,0,0,0,0,0,0,0,0,0,4,4.31514816681544
"shuffle","17SNB","17SNB_original","2020",TRUE,14.7435625246118,0,0,0,0,0,0,1,5.06927685142209,0,0,0,0,0,0,0,0,0,8,4.82362283468246
"shuffle","17SNB","17SNB_original","2020",TRUE,14.7435625246118,0,0,0,0,0,0,1,5.06927685142209,0,0,0,0,0,0,0,0,0,16,4.53545962174733
"shuffle","17SNB","17SNB_original","2020",TRUE,14.7435625246118,0,0,0,0,0,0,1,5.06927685142209,0,0,0,0,0,0,0,0,0,32,5.21701503197352
"shuffle","17SNB","17SNB_original","2020",TRUE,14.7435625246118,0,0,0,0,0,0,1,5.06927685142209,0,0,0,0,0,0,0,0,0,64,5.35244546333949
"shuffle","17SNB","17SNB_original","2020",TRUE,14.7435625246118,0,0,0,0,0,0,1,5.06927685142209,0,0,0,0,0,0,0,0,0,128,4.14662349621455
"shuffle","17SNB","17SNB_original","2020",TRUE,14.7435625246118,0,0,0,0,0,0,1,5.06927685142209,0,0,0,0,0,0,0,0,0,256,4.83201812903086
"shuffle","10TES","10TES_original","2020",TRUE,21.6535428058439,0,0,0,0,0,0,1,8.32633410923009,0,0,0,0,0,0,0,0,0,1,25.6314747412999
"shuffle","10TES","10TES_original","2020",TRUE,21.6535428058439,0,0,0,0,0,0,1,8.32633410923009,0,0,0,0,0,0,0,0,0,2,25.4000758767128
"shuffle","10TES","10TES_original","2020",TRUE,21.6535428058439,0,0,0,0,0,0,1,8.32633410923009,0,0,0,0,0,0,0,0,0,4,24.6891843080521
"shuffle","10TES","10TES_original","2020",TRUE,21.6535428058439,0,0,0,0,0,0,1,8.32633410923009,0,0,0,0,0,0,0,0,0,8,22.9621799508731
"shuffle","10TES","10TES_original","2020",TRUE,21.6535428058439,0,0,0,0,0,0,1,8.32633410923009,0,0,0,0,0,0,0,0,0,16,24.2420415878296
"shuffle","10TES","10TES_original","2020",TRUE,21.6535428058439,0,0,0,0,0,0,1,8.32633410923009,0,0,0,0,0,0,0,0,0,32,25.5601395805677
"shuffle","10TES","10TES_original","2020",TRUE,21.6535428058439,0,0,0,0,0,0,1,8.32633410923009,0,0,0,0,0,0,0,0,0,64,24.6780190030734
"shuffle","10TES","10TES_original","2020",TRUE,21.6535428058439,0,0,0,0,0,0,1,8.32633410923009,0,0,0,0,0,0,0,0,0,128,26.1846863826116
"shuffle","10TES","10TES_original","2020",TRUE,21.6535428058439,0,0,0,0,0,0,1,8.32633410923009,0,0,0,0,0,0,0,0,0,256,23.4439217130343
"shuffle","10TES","10TES_shuffle_2.5_  1x  1_ST512","2020",FALSE,21.9583530722197,0.304810266375782,0.647479299631217,1.40766926275694,2.99017719842351,0.647479299631217,1.07652779401784,0.993403636130036,7.87847791114522,-0.447856198084868,-5.37879206154364,0.392182264453109,1,1,0,0,0,2.5,1,28.6990464051565
"shuffle","17SNB","17SNB_shuffle_2.5_  1x  1_ST512","2020",FALSE,16.0218651520747,1.27830262746291,1.42332234771442,8.67024252333181,9.65385635485609,1.42332234771442,1.92188769073195,0.95940729321025,4.73831866759585,-0.330958183826239,-6.52870603690535,1.293644756039,2,2,2,1,0,2.5,1,5.56982487440109
"shuffle","20MMD","20MMD_shuffle_2.5_  1x  1_ST512","2020",FALSE,30.8579678194548,-0.287793796949963,0.46960337630529,-0.924022345301645,1.50776013150356,0.46960337630529,0.842707132070945,0.988396555872029,5.20753884848834,0.0198522102410115,0.382679441249338,0.294426777683307,-1,-1,0,0,0,2.5,1,5.13702704509099
"shuffle","10TES","10TES_shuffle_5.0_  1x  1_ST512","2020",FALSE,22.1617520950149,0.508209289170988,1.10258628728693,2.3470029534097,5.09194406279494,1.10258628728693,1.67027265797972,0.984561557916487,7.55948573735503,-0.766848371875059,-9.20991593437232,0.657039467436015,2,1,0,0,0,5,1,29.7348293781281
"shuffle","17SNB","17SNB_shuffle_5.0_  1x  1_ST512","2020",FALSE,17.0022895354926,2.25872701088079,2.43315607931553,15.3200897483918,16.5031760488946,2.43315607931553,3.10458969121712,0.907555953459066,4.52949016413898,-0.539786687283112,-10.6481990055778,2.27998579398681,2,3,3,2,0,5,1,4.99837791522344
"shuffle","20MMD","20MMD_shuffle_5.0_  1x  1_ST512","2020",FALSE,30.6162079689112,-0.529553647493501,0.77295354538225,-1.70024305077382,2.48172947222176,0.77295354538225,1.25887675352687,0.976126913813209,5.25020595539783,0.0625193171504979,1.20514829653666,0.537202456803881,-1,-1,0,0,-1,5,1,5.28259625434876
"shuffle","10TES","10TES_shuffle_10.0_  1x  1_ST512","2020",FALSE,22.3845225292396,0.730979723395738,1.75229608355911,3.37579734618974,8.09242210048972,1.75229608355911,2.52062500428228,0.962577866012796,7.16179971689585,-1.16453439233424,-13.9861597800081,0.97210918277595,3,2,0,0,0,10,1,29.8103123307228
"shuffle","17SNB","17SNB_shuffle_10.0_  1x  1_ST512","2020",FALSE,18.3406325016151,3.59706997700327,3.82478556071766,24.3975631466179,25.9420716962596,3.82478556071766,4.69714653791408,0.804267591308664,4.29860329208299,-0.770673559339108,-15.2028303430086,3.61561401437678,4,5,5,3,1,10,1,5.24225239753723
"shuffle","20MMD","20MMD_shuffle_10.0_  1x  1_ST512","2020",FALSE,30.2372240508496,-0.90853756555514,1.23715465153744,-2.91705040558907,3.97214448236778,1.23715465153744,1.9196733199205,0.948961192811719,5.35033332228771,0.162646684040379,3.13524496335671,0.917574761153007,-2,-2,-1,0,-1,10,1,5.96154955625534
"shuffle","10TES","10TES_shuffle_15.0_  1x  1_ST512","2020",FALSE,22.458946511369,0.805403705525094,2.19514129109109,3.71950083525238,10.1375618335244,2.19514129109109,3.08986001258873,0.939457784197772,6.95152172133027,-1.37481238789982,-16.5116168756161,1.13108665422371,3,2,0,0,0,15,1,29.4825067281723
"shuffle","17SNB","17SNB_shuffle_15.0_  1x  1_ST512","2020",FALSE,19.1713282127388,4.42776568812698,4.70076249479523,30.0318575021172,31.8834914353171,4.70076249479523,5.6706590755378,0.722551598085906,4.18233765060773,-0.886939200814366,-17.4963653951066,4.43628776875523,5,6,6,4,1,15,1,5.78376714388529
"shuffle","20MMD","20MMD_shuffle_15.0_  1x  1_ST512","2020",FALSE,29.9616963302124,-1.18406528619236,1.58066452820886,-3.8016899402733,5.07505498718101,1.58066452820886,2.41590580815183,0.922464121094271,5.43589714451921,0.248210506271878,4.78460870095531,1.19543227178876,-3,-2,-1,0,-1,15,1,5.28569060961405
"shuffle","10TES","10TES_shuffle_20.0_  1x  1_ST512","2020",FALSE,22.447875156511,0.794332350667123,2.52771704567616,3.66837130436109,11.6734571720706,2.52771704567616,3.50538282286806,0.91715775408676,6.83283135599628,-1.49350275323381,-17.9370985314918,1.21692916767137,4,2,0,0,0,20,1,30.4886895616849
"shuffle","17SNB","17SNB_shuffle_20.0_  1x  1_ST512","2020",FALSE,19.7064536618443,4.96289113723253,5.27465945373048,33.6614107272095,35.7760171256123,5.27465945373048,6.29778402459721,0.661216359238477,4.10646543870638,-0.962811412715718,-18.9930722060607,4.96534754755975,5,6,6,4,2,20,1,5.6877673347791
"shuffle","20MMD","20MMD_shuffle_20.0_  1x  1_ST512","2020",FALSE,29.7460841602717,-1.39967745613308,1.85637610243395,-4.49395803310798,5.96028482236948,1.85637610243395,2.80746368496574,0.897783230388532,5.49539528587313,0.307708647625793,5.93151955935705,1.41306613111846,-3,-2,-1,-1,-1,20,1,5.45768810908
"shuffle","10TES","10TES_shuffle_25.0_  1x  1_ST512","2020",FALSE,22.3778116077347,0.724268801890862,2.79692323963232,3.34480508979526,12.9167003511199,2.79692323963232,3.83230217378644,0.895961478252617,6.76232941544161,-1.56400469378848,-18.7838329962608,1.27349734208096,4,1,-1,0,0,25,1,31.136183321476
"shuffle","17SNB","17SNB_shuffle_25.0_  1x  1_ST512","2020",FALSE,20.0676407220051,5.32407819739326,5.67158293940303,36.1112057449184,38.4681987812329,5.67158293940303,6.72640714572606,0.613761725854748,4.05023139835523,-1.01904545306687,-20.1023830998891,5.32484377052802,6,7,7,5,2,25,1,5.59537493785222
"shuffle","20MMD","20MMD_shuffle_25.0_  1x  1_ST512","2020",FALSE,29.5678397403447,-1.57792187606001,2.08715347640798,-5.06624912722927,6.70124398341463,2.08715347640798,3.13426913804132,0.874712574961698,5.54408931438091,0.356402676133579,6.8701658559313,1.59326016582862,-4,-2,-1,-1,-1,25,1,6.0735454082489
"shuffle","10TES","10TES_shuffle_30.0_  1x  1_ST512","2020",FALSE,22.2717346784683,0.618191872624454,3.02945461193848,2.85492253238863,13.9905725317193,3.02945461193848,4.10982459563119,0.875535554406177,6.72010676729314,-1.60622734193695,-19.2909306888896,1.32544572821937,5,1,-1,0,0,30,1,31.2609647472699
"shuffle","17SNB","17SNB_shuffle_30.0_  1x  1_ST512","2020",FALSE,20.3131248501219,5.56956232551009,5.95097303957611,37.776231600827,40.3631960026079,5.95097303957611,7.02231106670602,0.577190880545316,4.00129501968394,-1.06798183173815,-21.0677353602921,5.57012710165714,6,7,7,5,2,30,1,5.56586892604828
"shuffle","20MMD","20MMD_shuffle_30.0_  1x  1_ST512","2020",FALSE,29.4131194119886,-1.73264220441619,2.28935705250195,-5.56301119155677,7.35046097346397,2.28935705250195,3.41660285270598,0.853014800780464,5.58327271392042,0.39558607567309,7.62548132257154,1.74982981458504,-4,-2,-1,-1,-1,30,1,5.61386461655299
"shuffle","10TES","10TES_shuffle_50.0_  1x  1_ST512","2020",FALSE,21.645307984478,-0.00823482136591025,3.83527583642196,-0.0380299031883495,17.7120015454787,3.83527583642196,5.05027086538528,0.795062333364044,6.65353677537793,-1.67279733385216,-20.0904421070228,1.69435558244797,5,-1,-2,0,0,50,1,32.8459112842878
"shuffle","17SNB","17SNB_shuffle_50.0_  1x  1_ST512","2020",FALSE,20.6835747476648,5.94001222305294,6.46661641398803,40.2888529358974,43.8606096945236,6.46661641398803,7.56101267346563,0.474452884432159,3.80950643937704,-1.25977041204505,-24.8510872254224,5.94279900929915,7,8,7,5,2,50,1,5.88193174997966
"shuffle","20MMD","20MMD_shuffle_50.0_  1x  1_ST512","2020",FALSE,28.892954973873,-2.25280664253179,2.96420544830022,-7.23310821638478,9.51720328694402,2.96420544830022,4.32930881351473,0.772670569664289,5.68847305938476,0.500786421137428,9.65336682916181,2.27834623947754,-5,-3,-2,-1,-2,50,1,5.82682337760925
"shuffle","10TES","10TES_shuffle_65.0_  1x  1_ST512","2020",FALSE,21.1147462967382,-0.538796509105641,4.42255260781081,-2.4882602996505,20.4241525161289,4.42255260781081,5.73596412050817,0.730576697401604,6.6181374909198,-1.70819661831029,-20.5155906056746,2.13783327561193,6,-2,-3,0,0,65,1,33.8883850852648
"shuffle","17SNB","17SNB_shuffle_65.0_  1x  1_ST512","2020",FALSE,20.6797442467752,5.9361817221634,6.5879694154112,40.2628720992907,44.6837011367757,6.5879694154112,7.69302195394332,0.409493872818669,3.6745461528095,-1.39473069861259,-27.5134055505634,5.9464927473487,7,8,7,5,2,65,1,6.03796318769455
"shuffle","20MMD","20MMD_shuffle_65.0_  1x  1_ST512","2020",FALSE,28.5627768742523,-2.58298474215243,3.40171282202923,-8.29321425484727,10.9219124705479,3.40171282202923,4.9034172311066,0.715035207265551,5.76342030895753,0.575733670710194,11.0980811073952,2.61407481724187,-6,-4,-2,-2,-2,65,1,6.1297111471494
"shuffle","10TES","10TES_shuffle_80.0_  1x  1_ST512","2020",FALSE,20.6366552604673,-1.01688754537656,5.0504456231308,-4.69617168190196,23.3238766903667,5.0504456231308,6.47357943843577,0.654397338938598,6.5595861241441,-1.76674798508599,-21.2187976354141,2.62662974080541,6,-3,-4,-1,0,80,1,34.8109559059143
"shuffle","17SNB","17SNB_shuffle_80.0_  1x  1_ST512","2020",FALSE,20.588368449699,5.84480592508723,6.63574240594873,39.6431046792819,45.0077272360158,6.63574240594873,7.76705030487235,0.337766983381252,3.55600576458449,-1.5132710868376,-29.851813802852,5.86728741632256,7,8,7,5,2,80,1,6.25257757107417
"shuffle","20MMD","20MMD_shuffle_80.0_  1x  1_ST512","2020",FALSE,28.2839485149947,-2.86181310141001,3.80340124970434,-9.18845118207887,12.2116174153887,3.80340124970434,5.42893975313091,0.655352332784043,5.83486119638662,0.647174558139288,12.4752052941644,2.89643676578401,-6,-4,-2,-2,-3,80,1,6.19986755847931
"shuffle","10TES","10TES_shuffle_100.0_  1x  1_ST512","2020",FALSE,20.2592670889871,-1.39427571685676,6.09618575951186,-6.43901891417268,28.1532948865375,6.09618575951186,7.8063322112856,0.484331761187626,6.46780825577487,-1.85852585345522,-22.3210578517978,3.04061887857663,7,-3,-4,-1,0,100,1,35.7418271581332
"shuffle","17SNB","17SNB_shuffle_100.0_  1x  1_ST512","2020",FALSE,20.4544485663711,5.7108860417593,6.72253661431437,38.7347768371855,45.596419475227,6.72253661431437,7.96746006959638,0.196902252698313,3.48108185732914,-1.58819499409296,-31.3298137119384,5.74160272721452,7,7,7,5,1,100,1,6.33350178400675
"shuffle","20MMD","20MMD_shuffle_100.0_  1x  1_ST512","2020",FALSE,28.045315700613,-3.10044591579172,4.3613591930711,-9.95463188210717,14.0030584154151,4.3613591930711,6.14436639248409,0.54845547005112,5.89867710117441,0.710990462927076,13.7053471519491,3.13659916534173,-6,-4,-2,-2,-3,100,1,6.33980635007222
"shuffle","10TES","10TES_shuffle_2.5_  2x  2_ST512","2020",FALSE,21.5106472663367,-0.142895539507215,0.376387082638033,-0.659917597727474,1.7382240218744,0.376387082638033,0.729589351953124,0.996304012949374,8.27661446518211,-0.0497196440479772,-0.59713726828306,0.148484553601851,0,0,0,0,0,2.5,2,26.7171219269435
"shuffle","17SNB","17SNB_shuffle_2.5_  2x  2_ST512","2020",FALSE,15.0352007039157,0.291638179303906,0.643408015165166,1.97807130276055,4.36399285512649,0.643408015165166,1.03931441126697,0.980508418934087,4.91468118705699,-0.154595664365106,-3.04965913080357,0.326968932125385,1,1,1,0,0,2.5,2,5.10846747557322
"shuffle","20MMD","20MMD_shuffle_2.5_  2x  2_ST512","2020",FALSE,30.9456744484684,-0.200087167936335,0.336831015883583,-0.642421817776154,1.08146662146856,0.336831015883583,0.691134078578419,0.99200286574781,5.24061053907983,0.052923900832492,1.02018307047113,0.200087167936349,-1,-1,0,0,0,2.5,2,5.07590899864833
"shuffle","10TES","10TES_shuffle_5.0_  2x  2_ST512","2020",FALSE,21.3727592599993,-0.280783545844553,0.644408777150936,-1.29670949628056,2.9759969670045,0.644408777150936,1.06128136329133,0.992425057156648,8.22938178740185,-0.0969523218282387,-1.16440585444155,0.290240578758652,0,0,0,0,0,5,2,27.5411226352056
"shuffle","17SNB","17SNB_shuffle_5.0_  2x  2_ST512","2020",FALSE,15.3007648916697,0.557202367057934,1.04381809723177,3.77929259721171,7.07982277342598,1.04381809723177,1.49308135744073,0.962150964076644,4.77555587504231,-0.29372097637978,-5.79413957825922,0.622212703915143,1,1,1,0,0,5,2,5.25349417924881
"shuffle","20MMD","20MMD_shuffle_5.0_  2x  2_ST512","2020",FALSE,30.757990263594,-0.387771352810702,0.564526725360911,-1.24502125710247,1.81253145231668,0.564526725360911,1.00310355142277,0.984614025398808,5.29248598752738,0.104799349280044,2.02015573776928,0.387771352810617,-1,-1,0,0,-1,5,2,5.062366771698
"shuffle","10TES","10TES_shuffle_10.0_  2x  2_ST512","2020",FALSE,21.1150473199948,-0.538495485849104,1.10837661734561,-2.48687011948814,5.1186848604122,1.10837661734561,1.64612757168719,0.982408768173789,8.13416884476185,-0.192165264468242,-2.30792161288866,0.555439006800725,0,-1,-1,0,-1,10,2,26.140155172348
"shuffle","17SNB","17SNB_shuffle_10.0_  2x  2_ST512","2020",FALSE,15.7443872642912,1.00082473967937,1.66430894557713,6.78821511428237,11.288377166637,1.66430894557713,2.2048927250358,0.922222042038926,4.54102777447571,-0.528249076946385,-10.4206002636884,1.11755645625569,1,2,2,1,-1,10,2,5.11228396097819
"shuffle","20MMD","20MMD_shuffle_10.0_  2x  2_ST512","2020",FALSE,30.4204954912533,-0.725266125151453,0.947412831646953,-2.32861900788918,3.04186760084859,0.947412831646953,1.53976112277768,0.967812658640674,5.39524524641603,0.207558608168696,4.00098584672455,0.725266125151505,-2,-1,0,0,-1,10,2,4.4443497856458
"shuffle","10TES","10TES_shuffle_15.0_  2x  2_ST512","2020",FALSE,20.8810032173635,-0.77253958848036,1.51009359840899,-3.56772836393251,6.97388696135878,1.51009359840899,2.16038331190843,0.970211338628384,8.03842086281151,-0.287913246418581,-3.45786324019135,0.804472268544833,0,-1,-1,0,-1,15,2,28.7299230058988
"shuffle","17SNB","17SNB_shuffle_15.0_  2x  2_ST512","2020",FALSE,16.0998004417332,1.35623791712142,2.1536601759316,9.19884807255649,14.6074612044167,2.1536601759316,2.7686143506771,0.879594360021531,4.35825472605708,-0.711022125365011,-14.0261056202828,1.50917123414232,2,2,2,1,-1,15,2,4.65155553817749
"shuffle","20MMD","20MMD_shuffle_15.0_  2x  2_ST512","2020",FALSE,30.1221321382239,-1.02362947818085,1.2792837594275,-3.28657712978094,4.10740881916237,1.2792837594275,2.01409604005029,0.948841718065431,5.49294772745007,0.305261089202736,5.88433940770695,1.02362947818094,-3,-1,-1,0,-1,15,2,4.6115670522054
"shuffle","10TES","10TES_shuffle_20.0_  2x  2_ST512","2020",FALSE,20.6678636003897,-0.985679205454122,1.86914250031699,-4.55204589056026,8.63204011037189,1.86914250031699,2.62413274119372,0.956396611470614,7.94179114810468,-0.384542961125406,-4.61839455492332,1.04292178109555,0,-1,-1,-1,-1,20,2,27.0837541460991
"shuffle","17SNB","17SNB_shuffle_20.0_  2x  2_ST512","2020",FALSE,16.3826778852255,1.63911536061372,2.54587380318038,11.1174986227209,17.2676976743612,2.54587380318038,3.21959171674104,0.837392968427825,4.20848191156575,-0.860794939856341,-16.980625937107,1.82096752256849,2,3,2,1,-1,20,2,4.5689940015475
"shuffle","20MMD","20MMD_shuffle_20.0_  2x  2_ST512","2020",FALSE,29.8669944555559,-1.27876716084889,1.56629562023416,-4.10575017107737,5.02892059447723,1.56629562023416,2.42035671688036,0.929625417220659,5.57646938742449,0.38878274917716,7.49433757834901,1.27876716084874,-4,-2,-1,-1,-1,20,2,4.62913490931193
"shuffle","10TES","10TES_shuffle_25.0_  2x  2_ST512","2020",FALSE,20.4693858836523,-1.18415692219157,2.20018929038122,-5.46865209452927,10.1608744126039,2.20018929038122,3.04886868234865,0.941352442808273,7.84139189166953,-0.484942217560559,-5.8241983951014,1.28412817385252,0,-2,-2,-1,-1,25,2,26.2571869095167
"shuffle","17SNB","17SNB_shuffle_25.0_  2x  2_ST512","2020",FALSE,16.6178815785205,1.87431905390865,2.87749118640874,12.712796183282,19.5169327739159,2.87749118640874,3.60158492283504,0.795012000420838,4.08276615502719,-0.986510696394909,-19.4605803807729,2.07556560657588,3,3,3,1,-1,25,2,4.45269723335902
"shuffle","20MMD","20MMD_shuffle_25.0_  2x  2_ST512","2020",FALSE,29.6395140281288,-1.50624758827598,1.82610192556213,-4.83612379375119,5.86308322799308,1.82610192556213,2.79082102671213,0.90949514891509,5.65037257744074,0.462685939193404,8.91892613139261,1.50624758827648,-4,-2,-1,-1,-1,25,2,5.60318074226379
"shuffle","10TES","10TES_shuffle_30.0_  2x  2_ST512","2020",FALSE,20.2851797813972,-1.36836302444669,2.50739850023145,-6.31934938645421,11.5796224327538,2.50739850023145,3.44399894132775,0.925172066503903,7.74298141304082,-0.583352696189266,-7.00611684009407,1.52920263658702,0,-2,-2,-1,-1,30,2,26.86092933019
"shuffle","17SNB","17SNB_shuffle_30.0_  2x  2_ST512","2020",FALSE,16.8117212182494,2.06815869363759,3.15247921168744,14.0275370364874,21.3820723887115,3.15247921168744,3.91955844108959,0.754673565427509,3.97953998120138,-1.08973687022071,-21.496890033043,2.28212385473122,3,3,3,1,-1,30,2,4.45790993372599
"shuffle","20MMD","20MMD_shuffle_30.0_  2x  2_ST512","2020",FALSE,29.4410104679866,-1.70475114841819,2.05530463439389,-5.47346110656764,6.59898659633785,2.05530463439389,3.11045919161448,0.890431683575717,5.71218497014705,0.524498331899719,10.1104474590416,1.70475446545003,-5,-2,-1,-1,-1,30,2,4.7226046760877
"shuffle","10TES","10TES_shuffle_50.0_  2x  2_ST512","2020",FALSE,19.6615100443501,-1.99203276149374,3.61158037704209,-9.1995696933073,16.6789352182471,3.61158037704209,4.82462030634907,0.850044914285543,7.35268494244003,-0.973649166790056,-11.6936115464154,2.44443005383786,2,-3,-4,-2,-1,50,2,27.0226647615433
"shuffle","17SNB","17SNB_shuffle_50.0_  2x  2_ST512","2020",FALSE,17.2703669754198,2.52680445080799,3.90537181373257,17.1383574803575,26.4886577257921,3.90537181373257,4.78691726685063,0.607954161914491,3.656606956858,-1.41266989456409,-27.8672863204895,2.77268602704624,4,4,4,2,-1,50,2,4.91574617226919
"shuffle","20MMD","20MMD_shuffle_50.0_  2x  2_ST512","2020",FALSE,28.8263304257352,-2.3194311906695,2.80427952146061,-7.44702030162538,9.00372755689357,2.80427952146061,4.13835728453377,0.815349278918586,5.88058156121682,0.692894922969486,13.3565300159221,2.32574165253905,-6,-3,-2,-1,-2,50,2,5.66119924783707
"shuffle","10TES","10TES_shuffle_65.0_  2x  2_ST512","2020",FALSE,19.2755436607482,-2.37799914509566,4.39047497104383,-10.9820326697481,20.2760121538122,4.39047497104383,5.7518749181156,0.780587599771267,7.0859287156332,-1.24040539359689,-14.8973771328951,3.05244527701176,4,-4,-4,-2,-1,65,2,28.2110281705856
"shuffle","17SNB","17SNB_shuffle_65.0_  2x  2_ST512","2020",FALSE,17.4246340070805,2.68107148246873,4.26042114629449,18.1846923224502,28.8968228620624,4.26042114629449,5.20310694554247,0.508194904452802,3.48354871763696,-1.58572813378514,-31.2811507491505,2.94156952848681,4,4,4,2,-1,65,2,5.26202985445658
"shuffle","20MMD","20MMD_shuffle_65.0_  2x  2_ST512","2020",FALSE,28.4954350554286,-2.65032656097613,3.25605300850644,-8.50942928806141,10.4542410893925,3.25605300850644,4.74420434040187,0.75872419299195,5.95181880694089,0.764132168693558,14.7297287206947,2.66277211539396,-7,-3,-2,-2,-2,65,2,4.88332181374232
"shuffle","10TES","10TES_shuffle_80.0_  2x  2_ST512","2020",FALSE,18.9598531153162,-2.69368969052771,5.18919438289665,-12.4399490405826,23.9646437048453,5.18919438289665,6.67926889578281,0.691801958226383,6.85946344242699,-1.4668706668031,-17.6172448470091,3.56678397265779,4,-4,-5,-2,-1,80,2,28.7627655426661
"shuffle","17SNB","17SNB_shuffle_80.0_  2x  2_ST512","2020",FALSE,17.4835287891065,2.73996626449473,4.53274132267223,18.5841533206159,30.7438674682975,4.53274132267223,5.53566075726326,0.4059725547071,3.35176813100229,-1.7175087204198,-33.8807441526494,3.01674351967194,5,4,4,2,-1,80,2,5.08503056367238
"shuffle","20MMD","20MMD_shuffle_80.0_  2x  2_ST512","2020",FALSE,28.2491566487575,-2.89660496764727,3.66544131778518,-9.30015776567687,11.7686681190501,3.66544131778518,5.28997099452182,0.694937424263018,5.98802613459607,0.800339496348736,15.427676190926,2.91334909562492,-7,-4,-2,-2,-2,80,2,5.1309060494105
"shuffle","10TES","10TES_shuffle_100.0_  2x  2_ST512","2020",FALSE,18.721906999255,-2.93163580658889,6.42728898557482,-13.5388274929205,29.6823898204788,6.42728898557482,8.17176938668372,0.501811218302794,6.69086450975531,-1.63546959947478,-19.6421327563806,3.927112323591,5,-5,-6,-3,-2,100,2,33.726474014918
"shuffle","17SNB","17SNB_shuffle_100.0_  2x  2_ST512","2020",FALSE,17.4544893786987,2.71092685408692,4.86112585425791,18.3871899994422,32.9711753597077,4.86112585425791,5.98651456363271,0.238657123393697,3.27266336424039,-1.7966134871817,-35.4412185374664,3.01741479560039,5,4,4,2,-1,100,2,6.00079785188039
"shuffle","20MMD","20MMD_shuffle_100.0_  2x  2_ST512","2020",FALSE,28.0563608757565,-3.08940074064826,4.25005287249145,-9.91916903075842,13.6456861284552,4.25005287249145,6.05314710818515,0.576806397172792,6.01518763131792,0.827500993070588,15.9512524709889,3.1076307323185,-7,-4,-2,-2,-2,100,2,6.50404082139333
"shuffle","10TES","10TES_shuffle_2.5_  4x  4_ST512","2020",FALSE,21.502694897808,-0.150847908035871,0.305845409513002,-0.696643082328127,1.41244974208313,0.305845409513002,0.869323706790176,0.994702918751145,8.30328821716836,-0.0230458920617291,-0.276783176838674,0.153824444413425,0,0,0,0,0,2.5,4,33.1583999752998
"shuffle","17SNB","17SNB_shuffle_2.5_  4x  4_ST512","2020",FALSE,14.8130192315442,0.0694567069324243,0.407571676241268,0.471098534132971,2.76440429889925,0.407571676241268,0.865988604880713,0.985400962787769,4.97885353052626,-0.0904233208958383,-1.78375187519048,0.115423002949072,0,0,0,0,0,2.5,4,5.19524660507838
"shuffle","20MMD","20MMD_shuffle_2.5_  4x  4_ST512","2020",FALSE,31.0318847126325,-0.113876903772233,0.232297383095038,-0.365625683438909,0.745839469125984,0.232297383095038,0.603157873393029,0.99352069928537,5.21080321388841,0.0231165756410778,0.445604703079903,0.113876903772219,0,-1,0,0,0,2.5,4,6.56678212881088
"shuffle","10TES","10TES_shuffle_5.0_  4x  4_ST512","2020",FALSE,21.354258381737,-0.299284424106869,0.532515418627769,-1.38214991786978,2.45925308113577,0.532515418627769,1.23618024185709,0.989582494282194,8.280188405722,-0.0461457035080919,-0.554213930196933,0.304874290837855,0,0,0,0,0,5,4,39.6932794570923
"shuffle","17SNB","17SNB_shuffle_5.0_  4x  4_ST512","2020",FALSE,14.8775758910813,0.134013366469508,0.691583648730184,0.908961902835875,4.69074992950792,0.691583648730184,1.20304858083023,0.971812661330135,4.89334787848743,-0.175928972934669,-3.47049447270403,0.22265272341424,0,1,1,0,0,5,4,5.12152804931005
"shuffle","20MMD","20MMD_shuffle_5.0_  4x  4_ST512","2020",FALSE,30.9220971260334,-0.223664490371355,0.402162771598671,-0.718121756423992,1.29122792549356,0.402162771598671,0.850228776037033,0.9876500192937,5.23425428910283,0.046567650855498,0.897657358718778,0.223664490371331,-1,-1,0,0,0,5,4,5.02364416519801
"shuffle","10TES","10TES_shuffle_10.0_  4x  4_ST512","2020",FALSE,21.0650253462776,-0.588517459566301,0.945942472950773,-2.71788069436597,4.36853443075136,0.945942472950773,1.84114850802295,0.977871495880024,8.23789759210701,-0.0884365171230819,-1.06213029603324,0.598711255533681,0,-1,0,0,-1,10,4,28.1806332111359
"shuffle","17SNB","17SNB_shuffle_10.0_  4x  4_ST512","2020",FALSE,14.9947755940502,0.251213069438345,1.11759688253235,1.70388309486929,7.58023632800226,1.11759688253235,1.69103851459323,0.944073350018663,4.73554850459656,-0.333728346825536,-6.5833521546947,0.422072775454934,1,1,1,0,-1,10,4,4.49868512948354
"shuffle","20MMD","20MMD_shuffle_10.0_  4x  4_ST512","2020",FALSE,30.7100938370044,-0.435667779400365,0.684019589491442,-1.39880278018597,2.1961883543447,0.684019589491442,1.24379437496433,0.975405988749936,5.28313339001764,0.0954467517703019,1.83987118779689,0.435667779400399,-1,-1,0,0,-1,10,4,5.21780273914337
"shuffle","10TES","10TES_shuffle_15.0_  4x  4_ST512","2020",FALSE,20.7871015256333,-0.866441280210598,1.33084696621378,-4.00138345941599,6.14609340442254,1.33084696621378,2.37327313160758,0.964364439258166,8.19894557528694,-0.127388533943147,-1.52994742070141,0.880727935197831,0,-1,-1,0,-1,15,4,26.3845443725586
"shuffle","17SNB","17SNB_shuffle_15.0_  4x  4_ST512","2020",FALSE,15.0889844195939,0.345421894982085,1.45798669221028,2.34286587387182,9.88897147332215,1.45798669221028,2.08238742103875,0.914311725268453,4.59313191798856,-0.476144933433534,-9.39275852136503,0.591708472516685,1,1,1,0,-1,15,4,4.08169674873352
"shuffle","20MMD","20MMD_shuffle_15.0_  4x  4_ST512","2020",FALSE,30.5113299898539,-0.63443162655086,0.931190519488897,-2.0369757990336,2.98978246529194,0.931190519488897,1.58823399640743,0.962071523071939,5.33331322727034,0.14562658902301,2.80715855019744,0.634431626550803,-2,-1,0,0,-1,15,4,5.13873401085536
"shuffle","10TES","10TES_shuffle_20.0_  4x  4_ST512","2020",FALSE,20.5192841909961,-1.13425861484777,1.69859936662592,-5.23821263346181,7.84444089291247,1.69859936662592,2.8675267924768,0.94916432882922,8.16127314732718,-0.165060961902908,-1.98239657137865,1.15265579547965,0,-2,-1,-1,-1,20,4,24.318651564916
"shuffle","17SNB","17SNB_shuffle_20.0_  4x  4_ST512","2020",FALSE,15.1728918544486,0.429329329836738,1.74685736265217,2.91197822181747,11.8482718117558,1.74685736265217,2.41566555441291,0.883231745246499,4.46400432281966,-0.605272528602433,-11.940017212369,0.745842870406987,1,1,1,0,-1,20,4,4.66213821570078
"shuffle","20MMD","20MMD_shuffle_20.0_  4x  4_ST512","2020",FALSE,30.3277671673496,-0.817994449055139,1.15704330093699,-2.62634274008022,3.71493018917721,1.15704330093699,1.90468818971897,0.947613323283479,5.37734115919863,0.189654520951296,3.65585923315082,0.817994449055229,-2,-1,-1,0,-1,20,4,5.30928829113642
"shuffle","10TES","10TES_shuffle_25.0_  4x  4_ST512","2020",FALSE,20.262874473933,-1.3906683319109,2.04979451592327,-6.42235935421884,9.46632398357496,2.04979451592327,3.32898922020491,0.932678905510014,8.12351334637789,-0.202820762852198,-2.43589507929261,1.41280911466886,0,-2,-2,-1,-1,25,4,28.3395274003347
"shuffle","17SNB","17SNB_shuffle_25.0_  4x  4_ST512","2020",FALSE,15.2391302705831,0.495567745971316,2.00325851565623,3.3612483085011,13.5873437122957,2.00325851565623,2.7104380017812,0.850725985962195,4.35181648030047,-0.717460371121625,-14.1531108311899,0.8764085980858,1,1,1,0,-2,25,4,5.04431428511937
"shuffle","20MMD","20MMD_shuffle_25.0_  4x  4_ST512","2020",FALSE,30.1559896098554,-0.989772006549387,1.36853221663253,-3.17787061603934,4.39395970947044,1.36853221663253,2.2002517951501,0.932379981344323,5.42419544153883,0.236508803291501,4.55904181929164,0.989772006549536,-3,-1,-1,0,-1,25,4,5.42243222792943
"shuffle","10TES","10TES_shuffle_30.0_  4x  4_ST512","2020",FALSE,20.0192234022889,-1.63431940355497,2.387940134391,-7.54758432931305,11.0279419668293,2.387940134391,3.76883457818546,0.914804253489189,8.08966392692756,-0.236670182302532,-2.84242956381217,1.66020987626225,0,-3,-2,-1,-1,30,4,27.1430186708768
"shuffle","17SNB","17SNB_shuffle_30.0_  4x  4_ST512","2020",FALSE,15.2968905403973,0.553328015785533,2.23322250362372,3.75301434006773,15.1471023363298,2.23322250362372,2.97712598075359,0.816979703064319,4.24887909006557,-0.820397761356526,-16.1837237421029,0.991971880297965,1,2,1,0,-2,30,4,4.25773624181747
"shuffle","20MMD","20MMD_shuffle_30.0_  4x  4_ST512","2020",FALSE,30.0007274468071,-1.14503416959769,1.5626509770493,-3.67637235428716,5.01721870312602,1.5626509770493,2.4711353481425,0.916667326922946,5.46035095051691,0.272664312269574,5.25599041120368,1.14503416959784,-3,-1,-1,-1,-1,30,4,4.43874331712723
"shuffle","10TES","10TES_shuffle_50.0_  4x  4_ST512","2020",FALSE,19.159828760612,-2.49371404523186,3.65104598824503,-11.5164251300201,16.8611945905669,3.65104598824503,5.34450641556893,0.832101822967134,7.93803162821592,-0.388302481014169,-4.66354671720079,2.53286147813505,0,-4,-3,-2,-2,50,4,27.4947771112124
"shuffle","17SNB","17SNB_shuffle_50.0_  4x  4_ST512","2020",FALSE,15.4313407322119,0.687778207600116,2.9714239685471,4.66493906375742,20.1540432550601,2.9714239685471,3.84091803853985,0.674181316925623,3.92958329459248,-1.13969355682961,-22.4823695811739,1.32065011293605,2,2,2,0,-2,50,4,4.74629680315654
"shuffle","20MMD","20MMD_shuffle_50.0_  4x  4_ST512","2020",FALSE,29.4815396162811,-1.66422200012368,2.256270124092,-5.34333377562076,7.24422845034429,2.256270124092,3.4257803326824,0.847503226577408,5.57308844239624,0.385401804148902,7.42916507923676,1.66422200012384,-4,-2,-1,-1,-2,50,4,4.59508860111237
"shuffle","10TES","10TES_shuffle_65.0_  4x  4_ST512","2020",FALSE,18.6513069716995,-3.0022358341444,4.54730849696355,-13.8648712640878,21.000297908462,4.54730849696355,6.40126063846331,0.756299505637783,7.81035670105229,-0.5159774081778,-6.19693374549813,3.05011489402493,0,-5,-4,-2,-2,65,4,28.2134758234024
"shuffle","17SNB","17SNB_shuffle_65.0_  4x  4_ST512","2020",FALSE,15.4623471994594,0.718784674847607,3.41436175486597,4.87524418638793,23.1583224825498,3.41436175486597,4.36532693334244,0.558536228807128,3.75795089421749,-1.31132595720461,-25.8681069438284,1.4659642140258,2,2,2,0,-3,65,4,4.82372014522552
"shuffle","20MMD","20MMD_shuffle_65.0_  4x  4_ST512","2020",FALSE,29.2040346111463,-1.94172700525841,2.7079824710689,-6.23432179688838,8.6945456798288,2.7079824710689,4.03861363226827,0.787389213940238,5.60558704769997,0.417900409452634,8.05562167867992,1.9417270052586,-5,-2,-1,-1,-2,65,4,5.73649848302205
"shuffle","10TES","10TES_shuffle_80.0_  4x  4_ST512","2020",FALSE,18.2777579317198,-3.37578487412406,5.45829645290412,-15.5899886886547,25.2074060205567,5.45829645290412,7.42981271913639,0.660334140630554,7.66798917874528,-0.658344930484804,-7.9067801249412,3.43587257783141,0,-5,-5,-2,-2,80,4,26.0806777834892
"shuffle","17SNB","17SNB_shuffle_80.0_  4x  4_ST512","2020",FALSE,15.455370624527,0.711808099915158,3.80806841002137,4.82792472122608,25.8286855952519,3.80806841002137,4.83740725524939,0.434806411289262,3.63752973005361,-1.43174712136849,-28.2436166603691,1.54888898068322,2,2,2,0,-3,80,4,4.92825907468796
"shuffle","20MMD","20MMD_shuffle_80.0_  4x  4_ST512","2020",FALSE,29.0043390446848,-2.14142257171999,3.14363376531981,-6.87548629599759,10.093295530985,3.14363376531981,4.62573462895756,0.714563068090836,5.61505988431243,0.427373246065096,8.23822400748331,2.14142257172007,-5,-3,-2,-1,-2,80,4,5.47825713952382
"shuffle","10TES","10TES_shuffle_100.0_  4x  4_ST512","2020",FALSE,18.0410164714247,-3.61252633441913,6.81913595079101,-16.6833038215076,31.4920103926396,6.81913595079101,8.97462842317534,0.467189491330146,7.53657440356881,-0.789759705661278,-9.48508305456775,3.69644824190025,0,-5,-6,-3,-2,100,4,28.0135354677836
"shuffle","17SNB","17SNB_shuffle_100.0_  4x  4_ST512","2020",FALSE,15.4234003468452,0.679837822233385,4.32567322674549,4.61108243749442,29.3394030074111,4.32567322674549,5.47641023612631,0.246923066323348,3.57510867109312,-1.49416818032898,-29.4749768876761,1.57625509405066,3,2,2,0,-3,100,4,5.35653357903163
"shuffle","20MMD","20MMD_shuffle_100.0_  4x  4_ST512","2020",FALSE,28.8449768799529,-2.3007847364518,3.75121969270281,-7.38715194956079,12.0440775823797,3.75121969270281,5.43505726647566,0.589317519960233,5.64187711913024,0.454190480882908,8.75516415225028,2.30078473645191,-5,-3,-2,-2,-2,100,4,4.65898993810018
"shuffle","10TES","10TES_shuffle_2.5_  8x  8_ST512","2020",FALSE,21.5369807262495,-0.116562079594335,0.261065316061161,-0.538304889132862,1.20564712390023,0.261065316061161,0.941511904167126,0.993693817473938,8.30885467848598,-0.0174794307441086,-0.209929490155,0.119623146337713,0,0,0,0,0,2.5,8,26.8998865445455
"shuffle","17SNB","17SNB_shuffle_2.5_  8x  8_ST512","2020",FALSE,14.7560792450356,0.01251672042374,0.271445552167126,0.0848961735187509,1.8411123615069,0.271445552167126,0.807214285445158,0.987244190929552,5.01035619514906,-0.0589206562730373,-1.1623089051944,0.0581344793302858,0,0,0,0,0,2.5,8,4.55186124245326
"shuffle","20MMD","20MMD_shuffle_2.5_  8x  8_ST512","2020",FALSE,31.0820537645897,-0.0637078518150069,0.158845882854761,-0.204547419965648,0.510008022314971,0.158845882854761,0.568986232356007,0.994064935360278,5.19131546134273,0.0036288230953998,0.0699506995786046,0.0637319711388199,0,-1,0,0,0,2.5,8,4.7075244307518
"shuffle","10TES","10TES_shuffle_5.0_  8x  8_ST512","2020",FALSE,21.4203301771095,-0.233212628734336,0.462798364203557,-1.07701834672244,2.13728704052372,0.462798364203557,1.33593783242352,0.987478771038686,8.2932931179501,-0.0330409912799912,-0.39682519157337,0.238994014637904,0,0,0,0,0,5,8,27.9090536475182
"shuffle","17SNB","17SNB_shuffle_5.0_  8x  8_ST512","2020",FALSE,14.7677226085038,0.0241600838919513,0.501715242344407,0.16386869762054,3.40294444783532,0.501715242344407,1.13637744676613,0.974564973151093,4.95291537688088,-0.116361474541209,-2.2954255202804,0.115309310865506,0,0,0,0,0,5,8,4.76728247801463
"shuffle","20MMD","20MMD_shuffle_5.0_  8x  8_ST512","2020",FALSE,31.0191716287411,-0.126589987663642,0.295699684581918,-0.406443705640405,0.949405855678837,0.295699684581918,0.805927248772128,0.988251774989711,5.19652232308701,0.00883568483967689,0.170320326878149,0.126591671182443,0,-1,0,0,0,5,8,4.94898526668549
"shuffle","10TES","10TES_shuffle_10.0_  8x  8_ST512","2020",FALSE,21.1910319420846,-0.462510863759228,0.823051649034048,-2.13595931116826,3.80100224898035,0.823051649034048,1.92421733235826,0.974669310885227,8.26011491036157,-0.0662191988685237,-0.795298362998873,0.472961320314846,0,-1,0,0,-1,10,8,26.4326079765956
"shuffle","17SNB","17SNB_shuffle_10.0_  8x  8_ST512","2020",FALSE,14.7872253788996,0.0436628542878044,0.886499725139925,0.2961486019062,6.01279184498366,0.886499725139925,1.60113274212348,0.948873269151494,4.84512040088789,-0.224156450534203,-4.42186246883162,0.219053139899763,0,0,0,0,-1,10,8,4.25315627654394
"shuffle","20MMD","20MMD_shuffle_10.0_  8x  8_ST512","2020",FALSE,30.8985444729828,-0.247217143421967,0.532602833412148,-0.793742488839173,1.71003310168412,0.532602833412148,1.16192351611445,0.976135970837102,5.20465060529015,0.0169639670428126,0.327004467034344,0.247268715770204,-1,-1,0,0,-1,10,8,5.29914485216141
"shuffle","10TES","10TES_shuffle_15.0_  8x  8_ST512","2020",FALSE,20.9636174535578,-0.689925352286096,1.16676000334472,-3.18620079158547,5.38830995835857,1.16676000334472,2.4349496490196,0.96028946236037,8.23279046398179,-0.0935436452482943,-1.12346735095097,0.704144921846783,0,-1,-1,0,-1,15,8,25.999213051796
"shuffle","17SNB","17SNB_shuffle_15.0_  8x  8_ST512","2020",FALSE,14.8038160558601,0.0602535312482519,1.2055241512215,0.408676879469729,8.17661368620431,1.2055241512215,1.96591231794601,0.921920037256877,4.74357665532278,-0.325700196099318,-6.42498339793671,0.316554696986934,1,1,1,0,-1,15,8,4.58411651055018
"shuffle","20MMD","20MMD_shuffle_15.0_  8x  8_ST512","2020",FALSE,30.7786730004756,-0.367088615929188,0.740840740954962,-1.17861499246767,2.3786245784555,0.740840740954962,1.45722776142015,0.963268698645913,5.21630693134364,0.0286202930963029,0.551696644228539,0.36711425208675,-1,-1,0,0,-1,15,8,4.54746299982071
"shuffle","10TES","10TES_shuffle_20.0_  8x  8_ST512","2020",FALSE,20.7448121960623,-0.908730609781543,1.49642923152135,-4.19668327686449,6.91078242918055,1.49642923152135,2.89137728596037,0.944956892259271,8.20310506200461,-0.123229047225475,-1.47999162186959,0.92632327687721,0,-2,-1,0,-1,20,8,26.6403144240379
"shuffle","17SNB","17SNB_shuffle_20.0_  8x  8_ST512","2020",FALSE,14.8137641593306,0.0702016347187744,1.48284736674548,0.476151097142125,10.0575920119044,1.48284736674548,2.27610731305914,0.893916722824249,4.64448742863732,-0.424789422784773,-8.37968481965245,0.407622920344176,1,1,1,0,-1,20,8,5.59398593505224
"shuffle","20MMD","20MMD_shuffle_20.0_  8x  8_ST512","2020",FALSE,30.6695634219036,-0.476198194501094,0.926828788971585,-1.52893417847993,2.97577821466217,0.926828788971585,1.71622840048528,0.949856733059624,5.22322963917353,0.0355430009261957,0.685141632575631,0.476232398269193,-1,-1,0,0,-1,20,8,4.1413187623024
"shuffle","10TES","10TES_shuffle_25.0_  8x  8_ST512","2020",FALSE,20.5275807858642,-1.12596201997971,1.82274631996404,-5.19989744900235,8.41777410887294,1.82274631996404,3.32548201821021,0.928259283451488,8.17687434347337,-0.14945976575672,-1.79502484281814,1.14651611473715,0,-2,-1,0,-1,25,8,26.8893677473068
"shuffle","17SNB","17SNB_shuffle_25.0_  8x  8_ST512","2020",FALSE,14.8241321606395,0.0805696360277235,1.73342984669722,0.546473322802589,11.7571980571423,1.73342984669722,2.5571370119029,0.864267736782514,4.55416577727449,-0.515111074147604,-10.1614310925453,0.492820085177356,1,1,1,0,-1,25,8,4.38890986442566
"shuffle","20MMD","20MMD_shuffle_25.0_  8x  8_ST512","2020",FALSE,30.566525437219,-0.579236179185742,1.10583132575105,-1.85975923889642,3.55050340194154,1.10583132575105,1.96165723277944,0.935283358869214,5.22875731915166,0.0410706809043253,0.791695485257781,0.579405564513043,-1,-1,0,0,-1,25,8,5.01274822155635
"shuffle","10TES","10TES_shuffle_30.0_  8x  8_ST512","2020",FALSE,20.3196744545815,-1.33386835126233,2.14010375236979,-6.16004671024246,9.88338846700048,2.14010375236979,3.73753487125573,0.910418303500016,8.15079675089631,-0.175537358333777,-2.10821900768054,1.35729748456861,0,-2,-1,-1,-1,30,8,25.2358175794284
"shuffle","17SNB","17SNB_shuffle_30.0_  8x  8_ST512","2020",FALSE,14.8324642117513,0.0889016871394936,1.96294525993475,0.602986469458028,13.3139141686953,1.96294525993475,2.81745162219752,0.832953217295689,4.47110515958819,-0.598171691833907,-11.7999412808969,0.56960643605786,1,1,1,0,-2,30,8,3.97335548400879
"shuffle","20MMD","20MMD_shuffle_30.0_  8x  8_ST512","2020",FALSE,30.4641503588979,-0.681611257506869,1.27548486591606,-2.18845589939871,4.09521167478612,1.27548486591606,2.19971241694834,0.91954712724681,5.2372521776532,0.0495655394058705,0.955445902233915,0.681786276788172,-2,-1,0,0,-1,30,8,4.1920575539271
"shuffle","10TES","10TES_shuffle_50.0_  8x  8_ST512","2020",FALSE,19.5608329462293,-2.09270985961454,3.38717942078317,-9.66451484811878,15.6426107780803,3.38717942078317,5.26729325781802,0.826115433753365,8.04085853213183,-0.285475577098261,-3.42858661871134,2.12574574877476,0,-3,-2,-1,-2,50,8,28.3101346850395
"shuffle","17SNB","17SNB_shuffle_50.0_  8x  8_ST512","2020",FALSE,14.8162276192891,0.0726650946772978,2.75281493021864,0.492859812925106,18.6713009533706,2.75281493021864,3.71452487260107,0.693625732999313,4.19321488583108,-0.876061965591017,-17.2817936614619,0.812376221279285,1,1,1,0,-2,50,8,5.45316038926442
"shuffle","20MMD","20MMD_shuffle_50.0_  8x  8_ST512","2020",FALSE,30.1276699399717,-1.01809167643302,1.90760862154981,-3.26879685580327,6.12477757020093,1.90760862154981,3.05923087634335,0.847233481932374,5.24836027176804,0.0606736335207101,1.16957013311831,1.0187390644203,-2,-1,-1,-1,-1,50,8,4.99661379257838
"shuffle","10TES","10TES_shuffle_65.0_  8x  8_ST512","2020",FALSE,19.0925601196221,-2.56098268622172,4.31390185935854,-11.8270839519645,19.9223835934797,4.31390185935854,6.34520244918273,0.746614403709187,7.95459226451914,-0.37174184471095,-4.46465202854229,2.59984653228192,0,-4,-3,-1,-2,65,8,26.0096220493317
"shuffle","17SNB","17SNB_shuffle_65.0_  8x  8_ST512","2020",FALSE,14.7977079870657,0.0541454624538584,3.26749287445965,0.367248162467328,22.1621664981251,3.26749287445965,4.30765707663962,0.572866515543807,4.03924417479069,-1.0300326766314,-20.3191245382947,0.945775950946155,1,1,1,-1,-3,65,8,4.46567606925964
"shuffle","20MMD","20MMD_shuffle_65.0_  8x  8_ST512","2020",FALSE,29.9347797565698,-1.21098185983489,2.35692158752823,-3.88811124527794,7.56739108375765,2.35692158752823,3.66559581304634,0.78050482435139,5.25422855634264,0.0665419180953073,1.28268962131816,1.21188405922718,-2,-1,-1,-1,-2,65,8,5.1901814142863
"shuffle","10TES","10TES_shuffle_80.0_  8x  8_ST512","2020",FALSE,18.7400142579552,-2.91352854788862,5.26780003464602,-13.455204878078,24.3276589049638,5.26780003464602,7.42515786082613,0.645432345726463,7.86351797458868,-0.462816134641405,-5.55846220641511,2.95896918723255,0,-5,-4,-2,-2,80,8,25.2502513964971
"shuffle","17SNB","17SNB_shuffle_80.0_  8x  8_ST512","2020",FALSE,14.7698782849329,0.0263157603210757,3.75758794158615,0.178489834306642,25.4862956989772,3.75758794158615,4.87174685087698,0.437434009388781,3.93585957177526,-1.13341727964684,-22.3585594724202,1.03157742021334,1,1,1,-1,-3,80,8,4.74627126455307
"shuffle","20MMD","20MMD_shuffle_80.0_  8x  8_ST512","2020",FALSE,29.7897224427558,-1.35603917364896,2.79639395273379,-4.35384817475366,8.97840928462288,2.79639395273379,4.25609277525064,0.702196848690727,5.26549614596704,0.0778095077197065,1.4998883538192,1.35693088855291,-3,-2,-1,-1,-2,80,8,5.5302820165952
"shuffle","10TES","10TES_shuffle_100.0_  8x  8_ST512","2020",FALSE,18.5128461557488,-3.14069665009503,6.65581423755507,-14.5043085016435,30.7377610085995,6.65581423755507,9.00279262477514,0.45290577259316,7.78093745669213,-0.545396652537957,-6.55026144018605,3.19347468548778,0,-5,-5,-2,-2,100,8,23.7916649103165
"shuffle","17SNB","17SNB_shuffle_100.0_  8x  8_ST512","2020",FALSE,14.7344045840594,-0.00915794055237562,4.38744816905727,-0.0621148418985441,29.7583990418407,4.38744816905727,5.59952907066759,0.239518870017076,3.88464165834801,-1.18463519307408,-23.3689188378368,1.06967742751972,1,1,1,-1,-3,100,8,4.6171661456426
"shuffle","20MMD","20MMD_shuffle_100.0_  8x  8_ST512","2020",FALSE,29.6632176228081,-1.48254399359663,3.39391821332317,-4.76001843157934,10.8968862445013,3.39391821332317,5.05484290226851,0.576435776141836,5.31065036040145,0.12296372215412,2.37029972565312,1.4833346140299,-3,-2,-1,-1,-2,100,8,4.70450243552526
"shuffle","10TES","10TES_shuffle_2.5_ 16x 16_ST512","2020",FALSE,21.5530494252732,-0.100493380570637,0.249502356674028,-0.46409671374199,1.15224727385808,0.249502356674028,1.11757995300986,0.991053093330379,8.31425804092174,-0.0120760683083496,-0.145034635290011,0.102295035242751,0,0,0,0,0,2.5,16,25.328476647536
"shuffle","17SNB","17SNB_shuffle_2.5_ 16x 16_ST512","2020",FALSE,14.7421657409522,-0.00139678365960094,0.198636023979957,-0.00947385448577475,1.34727291079323,0.198636023979957,0.831639879437673,0.986467871257715,5.02971411208437,-0.0395627393377271,-0.780441481049285,0.0354602981822662,0,0,0,0,0,2.5,16,5.30986171960831
"shuffle","20MMD","20MMD_shuffle_2.5_ 16x 16_ST512","2020",FALSE,31.1098348584736,-0.0359267579311648,0.121996906659217,-0.115350391406842,0.391696655749655,0.121996906659217,0.615225011641918,0.992984087768936,5.18145683316561,-0.00622980508172688,-0.120088307489437,0.0363630393281666,0,0,0,0,0,2.5,16,4.94872521559397
"shuffle","10TES","10TES_shuffle_5.0_ 16x 16_ST512","2020",FALSE,21.4533698178693,-0.200172987974579,0.464344398503736,-0.924435274954434,2.14442690818437,0.464344398503736,1.57303653072598,0.982389727221452,8.29849252690899,-0.0278415823210949,-0.334379835781888,0.203555430403681,0,0,0,0,0,5,16,23.7812477111816
"shuffle","17SNB","17SNB_shuffle_5.0_ 16x 16_ST512","2020",FALSE,14.7437261851508,0.000163660538987642,0.392173108655777,0.0011100474441943,2.6599616476758,0.392173108655777,1.18718845966809,0.972270820957265,4.99219662848271,-0.0770802229393794,-1.52053685759451,0.069663689131949,0,0,0,0,0,5,16,4.11871807575226
"shuffle","20MMD","20MMD_shuffle_5.0_ 16x 16_ST512","2020",FALSE,31.0718936536175,-0.073867962787233,0.243247439426243,-0.237168587164444,0.780996921578321,0.243247439426243,0.893881629477858,0.985231286773333,5.17833089358868,-0.00935574465865052,-0.180345215720496,0.0740979547913574,0,-1,0,0,0,5,16,5.84341843128204
"shuffle","10TES","10TES_shuffle_10.0_ 16x 16_ST512","2020",FALSE,21.2510113609784,-0.402531444865502,0.846819705281648,-1.85896344295617,3.91076745673742,0.846819705281648,2.25664205173361,0.964249562517914,8.27767829978773,-0.0486558094423586,-0.584360521738151,0.408510335448721,0,-1,0,0,-1,10,16,28.6292340795199
"shuffle","17SNB","17SNB_shuffle_10.0_ 16x 16_ST512","2020",FALSE,14.7405857843823,-0.00297674022951,0.740511242927647,-0.0201901014394645,5.02260726802963,0.740511242927647,1.68642905631846,0.943408558006575,4.91584614829959,-0.153430703122499,-3.0266783136821,0.137282263546537,0,0,0,0,-1,10,16,5.62917728424072
"shuffle","20MMD","20MMD_shuffle_10.0_ 16x 16_ST512","2020",FALSE,31.0036036303333,-0.142157986071467,0.463084558148823,-0.456428029669987,1.48683009859329,0.463084558148823,1.26686435861966,0.970435928266735,5.16468789699341,-0.0229987412539252,-0.44333327854389,0.142748934507625,0,-1,0,0,0,10,16,4.67342405716578
"shuffle","10TES","10TES_shuffle_15.0_ 16x 16_ST512","2020",FALSE,21.0581419108639,-0.595400894979957,1.19780017780366,-2.7496696513758,5.53165913099635,1.19780017780366,2.80312033470135,0.945451726760718,8.25403638048996,-0.0722977287401321,-0.868302037747765,0.603384282418373,0,-1,0,0,-1,15,16,24.7998591264089
"shuffle","17SNB","17SNB_shuffle_15.0_ 16x 16_ST512","2020",FALSE,14.740097186212,-0.00346533839982399,1.05446414773395,-0.0235040777562357,7.15203090144394,1.05446414773395,2.07009232249817,0.913828632120993,4.84993256856847,-0.219344282853625,-4.32693437905433,0.197944446793399,0,0,0,0,-1,15,16,4.10053863922755
"shuffle","20MMD","20MMD_shuffle_15.0_ 16x 16_ST512","2020",FALSE,30.9386108953003,-0.207150721104441,0.663429021097158,-0.665100836690834,2.13007801596903,0.663429021097158,1.57526653555017,0.954384692000446,5.14940186711489,-0.0382847711324459,-0.737993132626462,0.20845141439748,0,-1,0,0,-1,15,16,5.71594670216242
"shuffle","10TES","10TES_shuffle_20.0_ 16x 16_ST512","2020",FALSE,20.8711369872216,-0.782405818622237,1.53180570972523,-3.61329240964246,7.07415744139488,1.53180570972523,3.27242871723982,0.926388714542494,8.22885327286456,-0.0974808363655306,-1.17075336020289,0.792266591891499,0,-1,-1,0,-1,20,16,23.9991438070933
"shuffle","17SNB","17SNB_shuffle_20.0_ 16x 16_ST512","2020",FALSE,14.7340823823563,-0.00948014225551042,1.33804289522501,-0.0643002140065196,9.07543813099026,1.33804289522501,2.38718371795586,0.884173376605029,4.78276038847864,-0.286516462943451,-5.65201845038458,0.256290775925482,0,0,0,0,-1,20,16,4.03444908857346
"shuffle","20MMD","20MMD_shuffle_20.0_ 16x 16_ST512","2020",FALSE,30.8706598510269,-0.275101765377819,0.854191895140448,-0.883271915986542,2.7425622325785,0.854191895140448,1.85360947248002,0.937065146269821,5.1429150829867,-0.0447715552606383,-0.863035074835676,0.277301374368065,-1,-1,0,0,-1,20,16,5.16614883740743
"shuffle","10TES","10TES_shuffle_25.0_ 16x 16_ST512","2020",FALSE,20.6866964270283,-0.966846378815561,1.86094777843771,-4.46507247097979,8.5941953939079,1.86094777843771,3.70844390740607,0.906314555872308,8.20675743162926,-0.119576677600827,-1.43612634362428,0.978308215533836,0,-2,-1,0,-1,25,16,29.1906491915385
"shuffle","17SNB","17SNB_shuffle_25.0_ 16x 16_ST512","2020",FALSE,14.7306496904616,-0.0129128341501978,1.61509637004936,-0.0875828628843409,10.9545869076978,1.61509637004936,2.69298625284445,0.850965547593954,4.71768334810166,-0.351593503320431,-6.93577237198631,0.313583353082131,1,1,0,0,-1,25,16,6.03130580584208
"shuffle","20MMD","20MMD_shuffle_25.0_ 16x 16_ST512","2020",FALSE,30.8106047849605,-0.335156831444266,1.03013497820343,-1.07609130119244,3.30746440202911,1.03013497820343,2.09347385025682,0.919856364944582,5.131778295995,-0.055908342252331,-1.07771240151891,0.337239694239681,-1,-1,0,0,-1,25,16,4.25699848333995
"shuffle","10TES","10TES_shuffle_30.0_ 16x 16_ST512","2020",FALSE,20.5145618902579,-1.13898091558596,2.17398481729244,-5.2600210773757,10.0398573886289,2.17398481729244,4.10323814708601,0.886086286614701,8.1804236998881,-0.145910409341994,-1.75239676222272,1.15169571844488,0,-2,-1,0,-1,30,16,24.6510847846667
"shuffle","17SNB","17SNB_shuffle_30.0_ 16x 16_ST512","2020",FALSE,14.7209602496993,-0.0226022749125434,1.8665590467771,-0.153302669384098,12.6601629942642,1.8665590467771,2.97092678192577,0.81660239373192,4.65385964024916,-0.415417211172935,-8.19480220450767,0.368391472450889,1,1,0,0,-1,30,16,4.41065660317739
"shuffle","20MMD","20MMD_shuffle_30.0_ 16x 16_ST512","2020",FALSE,30.7520380745279,-0.393723541876863,1.20448159372224,-1.26413200847683,3.86724077759534,1.20448159372224,2.32887486203161,0.901017780261444,5.12660621771773,-0.061080420529608,-1.17741152827697,0.39592176738134,-1,-1,0,0,-1,30,16,5.62282033363978
"shuffle","10TES","10TES_shuffle_50.0_ 16x 16_ST512","2020",FALSE,19.8741052786059,-1.779437527238,3.40959117136688,-8.21776622510827,15.7461123195355,3.40959117136688,5.56881696537549,0.793957591527731,8.10058241813778,-0.225751691092306,-2.71129753059093,1.79614960858379,0,-3,-2,-1,-2,50,16,27.1713525454203
"shuffle","17SNB","17SNB_shuffle_50.0_ 16x 16_ST512","2020",FALSE,14.6905578854679,-0.0530046391439125,2.74517265192362,-0.359510390079945,18.6194662744573,2.74517265192362,3.90471323720575,0.670818562968178,4.45424936331658,-0.615027488105518,-12.1324501725129,0.536861043062962,1,1,1,0,-2,50,16,4.64217660029729
"shuffle","20MMD","20MMD_shuffle_50.0_ 16x 16_ST512","2020",FALSE,30.5444624732825,-0.601299143122269,1.839623031804,-1.93059701197212,5.90649557542063,1.839623031804,3.15832818643633,0.818684559876741,5.10676687437668,-0.0809197638706536,-1.55984294182411,0.602461254481512,-1,-1,0,0,-1,50,16,4.28964239756266
"shuffle","10TES","10TES_shuffle_65.0_ 16x 16_ST512","2020",FALSE,19.4733964803189,-2.18014632552494,4.31838481655235,-10.0683123545795,19.9430867053631,4.31838481655235,6.58966903588664,0.7117269274998,8.03824088273866,-0.288093226491426,-3.46002481658841,2.1987558467088,0,-4,-3,-1,-2,65,16,26.1707245349884
"shuffle","17SNB","17SNB_shuffle_65.0_ 16x 16_ST512","2020",FALSE,14.6616010060965,-0.0819615185153442,3.32888709473917,-0.5559139344953,22.5785802392208,3.32888709473917,4.5251041365268,0.547084513902909,4.34290937732191,-0.726367474100188,-14.32881839737,0.629082116064798,1,1,1,-1,-2,65,16,4.9619198123614
"shuffle","20MMD","20MMD_shuffle_65.0_ 16x 16_ST512","2020",FALSE,30.418533291751,-0.727228324653765,2.2972147848288,-2.33491906093164,7.37568987113429,2.2972147848288,3.75615303183019,0.743760761423518,5.10538025186388,-0.0823063863834514,-1.5865720526878,0.727958288404745,-1,-1,0,0,-1,65,16,5.33613485495249
"shuffle","10TES","10TES_shuffle_80.0_ 16x 16_ST512","2020",FALSE,19.1586130717318,-2.49492973411209,5.25455972643743,-11.5220394024333,24.2665127529123,5.25455972643743,7.62260623961271,0.610940092690669,7.99000615592105,-0.336327953309035,-4.03932809921958,2.51495072652987,0,-4,-3,-1,-2,80,16,27.1508421142896
"shuffle","17SNB","17SNB_shuffle_80.0_ 16x 16_ST512","2020",FALSE,14.6334112944185,-0.110151230193328,3.88488044170033,-0.747114071035744,26.3496725110719,3.88488044170033,5.11730514413469,0.410315450272342,4.27169646600449,-0.797580385417607,-15.7336126787761,0.690042691725767,1,1,1,-1,-2,80,16,4.72053699096044
"shuffle","20MMD","20MMD_shuffle_80.0_ 16x 16_ST512","2020",FALSE,30.321365262073,-0.824396354331704,2.73735969912685,-2.64689739966894,8.78886743191749,2.73735969912685,4.32410626042252,0.660689699405329,5.11670963589489,-0.0709770023524472,-1.36818214556666,0.825183007661309,-1,-1,-1,-1,-1,80,16,4.29332177639008
"shuffle","10TES","10TES_shuffle_100.0_ 16x 16_ST512","2020",FALSE,18.9441530877155,-2.7093897181284,6.59428466612769,-12.5124546242714,30.4536062539753,6.59428466612769,9.11771798161096,0.428683469133231,7.95165492267607,-0.374679186554019,-4.49992976066948,2.73067428348333,0,-4,-4,-1,-2,100,16,24.8786407907804
"shuffle","17SNB","17SNB_shuffle_100.0_ 16x 16_ST512","2020",FALSE,14.6025722139435,-0.140990310668339,4.57672130125042,-0.95628387259172,31.0421670041442,4.57672130125042,5.85201273280762,0.219472357488988,4.23769184553534,-0.831585005886756,-16.4044109300022,0.71838329907503,1,1,1,-1,-2,100,16,4.18921172618866
"shuffle","20MMD","20MMD_shuffle_100.0_ 16x 16_ST512","2020",FALSE,30.2246531492886,-0.921108467116127,3.32342287208641,-2.95741192159826,10.6705461661786,3.32342287208641,5.07109384191854,0.5369278523454,5.17580829916102,-0.0118783390863122,-0.228971792527648,0.92165049349596,-2,-1,-1,-1,-1,100,16,5.02264069318771
"shuffle","10TES","10TES_shuffle_2.5_ 32x 32_ST512","2020",FALSE,21.5743432587848,-0.0791995470591154,0.235003881243209,-0.365757916703316,1.08529067668218,0.235003881243209,1.13448563001236,0.990742550122017,8.30518654803355,-0.021147561196539,-0.253984057318768,0.0804064708378691,0,0,0,0,0,2.5,32,25.6712927381198
"shuffle","17SNB","17SNB_shuffle_2.5_ 32x 32_ST512","2020",FALSE,14.7427415866977,-0.000820937914118858,0.162631871948758,-0.00556811091449875,1.10307038531069,0.162631871948758,0.867329542615156,0.98530271071203,5.04418509292849,-0.0250917584936046,-0.494977079158056,0.0223359079648496,0,0,0,0,0,2.5,32,4.32191205819448
"shuffle","20MMD","20MMD_shuffle_2.5_ 32x 32_ST512","2020",FALSE,31.124565739659,-0.0211958767457538,0.105375217169758,-0.0680538077919077,0.33832923550746,0.105375217169758,0.679358842377199,0.991419956971223,5.17848244633553,-0.00920419191180688,-0.177423822093397,0.0234645766808667,0,0,0,0,0,2.5,32,5.07022301355998
"shuffle","10TES","10TES_shuffle_5.0_ 32x 32_ST512","2020",FALSE,21.4920589757977,-0.161483830046148,0.446160888536413,-0.745761705112599,2.06045215111867,0.446160888536413,1.62399239579789,0.981089494527378,8.28727422774543,-0.0390598814846541,-0.469112588712416,0.164193116092228,0,0,0,0,0,5,32,26.8386463920275
"shuffle","17SNB","17SNB_shuffle_5.0_ 32x 32_ST512","2020",FALSE,14.7408198908761,-0.00274263373573724,0.318113882322894,-0.0186022457676623,2.15764596780363,0.318113882322894,1.22018746676993,0.970799374711146,5.02120859378597,-0.0480682576361229,-0.948227114931357,0.0423633219653573,0,0,0,0,0,5,32,4.10354888836543
"shuffle","20MMD","20MMD_shuffle_5.0_ 32x 32_ST512","2020",FALSE,31.1050209614759,-0.0407406549288183,0.205458818046455,-0.130806417356511,0.659668627073283,0.205458818046455,0.930811097605115,0.983880350112003,5.16821436704798,-0.0194722711993514,-0.375355578646325,0.0440027976415312,0,0,0,0,0,5,32,4.20051614840825
"shuffle","10TES","10TES_shuffle_10.0_ 32x 32_ST512","2020",FALSE,21.3287393941526,-0.324803411691263,0.848084182012721,-1.5000012450785,3.91660704032155,0.848084182012721,2.31543074501313,0.961750756561607,8.2395355731659,-0.0867985360641921,-1.04245800042989,0.331373605569779,0,-1,0,0,-1,10,32,26.6121258974075
"shuffle","17SNB","17SNB_shuffle_10.0_ 32x 32_ST512","2020",FALSE,14.7378034712953,-0.00575905331647597,0.644281640678062,-0.0390614772166648,4.36991832606635,0.644281640678062,1.760976630345,0.938654225747909,4.97005017792378,-0.099226673498312,-1.9574127909482,0.0860565316282496,0,0,0,0,0,10,32,4.10027025938034
"shuffle","20MMD","20MMD_shuffle_10.0_ 32x 32_ST512","2020",FALSE,31.0603652419042,-0.0853963745005899,0.419866171923274,-0.274182970872065,1.34806840524371,0.419866171923274,1.37400235870275,0.964831397007613,5.14999878437492,-0.0376878538724146,-0.726486707862283,0.0910085427744444,0,-1,0,0,0,10,32,4.82283434470495
"shuffle","10TES","10TES_shuffle_15.0_ 32x 32_ST512","2020",FALSE,21.1636967964842,-0.489846009359713,1.21687374631018,-2.26219798649999,5.61974434032002,1.21687374631018,2.87672300312371,0.941273035179255,8.20048013381803,-0.125853975412062,-1.51151723869148,0.498708021484057,0,-1,0,0,-1,15,32,25.3865514596303
"shuffle","17SNB","17SNB_shuffle_15.0_ 32x 32_ST512","2020",FALSE,14.73265107229,-0.0109114523218263,0.950894687963781,-0.0740082480310411,6.44955848612862,0.950894687963781,2.18158057215754,0.905082885626929,4.92339596675833,-0.145880884663764,-2.87774546428332,0.125413723117015,0,0,0,0,-1,15,32,4.50451775391897
"shuffle","20MMD","20MMD_shuffle_15.0_ 32x 32_ST512","2020",FALSE,31.0177372207171,-0.128024395687593,0.621809294323925,-0.411049173445678,1.99644915408462,0.621809294323925,1.7072189177258,0.945638278975631,5.13318636681258,-0.0545002714347582,-1.05056984423352,0.137691360664905,0,-1,0,0,0,15,32,5.10471510092417
"shuffle","10TES","10TES_shuffle_20.0_ 32x 32_ST512","2020",FALSE,20.9974264621841,-0.656116343659743,1.57220629634926,-3.03006463904221,7.26073470030479,1.57220629634926,3.3900484547328,0.918900103107088,8.17352621873682,-0.152807890493273,-1.83523611338007,0.665699788436225,0,-1,-1,0,-1,20,32,27.7068224151929
"shuffle","17SNB","17SNB_shuffle_20.0_ 32x 32_ST512","2020",FALSE,14.7243954257496,-0.0191670988621944,1.23953812530205,-0.130003171419379,8.40731758849234,1.23953812530205,2.52529985369631,0.87173125041612,4.87421849575146,-0.195058355670633,-3.84785367593235,0.167623161710117,0,0,0,0,-1,20,32,4.4113562186559
"shuffle","20MMD","20MMD_shuffle_20.0_ 32x 32_ST512","2020",FALSE,30.9779375194501,-0.167824096954682,0.810331079807292,-0.53883446172107,2.60173788583961,0.810331079807292,1.97505697858326,0.927163486306882,5.11820363302809,-0.0694830052192419,-1.33938323697047,0.179348999948161,0,-1,0,0,-1,20,32,5.05747320652008
"shuffle","10TES","10TES_shuffle_25.0_ 32x 32_ST512","2020",FALSE,20.8400268027936,-0.813516003050289,1.91349372622088,-3.75696490105414,8.83686214019659,1.91349372622088,3.84796736221266,0.895918675185997,8.14133464238784,-0.184999466842246,-2.22185975743114,0.824377958951766,0,-1,-1,0,-1,25,32,27.1986310243607
"shuffle","17SNB","17SNB_shuffle_25.0_ 32x 32_ST512","2020",FALSE,14.717034033285,-0.0265284913267809,1.51775451227993,-0.179932708139544,10.2943539578464,1.51775451227993,2.84446372523701,0.835917304648875,4.82832345648527,-0.240953394936827,-4.75321040848721,0.206786177828855,0,0,0,0,-1,25,32,4.03294354279836
"shuffle","20MMD","20MMD_shuffle_25.0_ 32x 32_ST512","2020",FALSE,30.9422921591862,-0.203469457218539,1.00267718660339,-0.653281366898312,3.21930540325998,1.00267718660339,2.24726327737622,0.905570590233735,5.1054672937672,-0.0822193444801318,-1.58489419684589,0.215413506387987,0,-1,0,0,-1,25,32,4.79001171191533
"shuffle","10TES","10TES_shuffle_30.0_ 32x 32_ST512","2020",FALSE,20.7125079285587,-0.941034877285212,2.20257257092628,-4.34587026115304,10.1718808357395,2.20257257092628,4.19204349536048,0.876724349860885,8.10512058404744,-0.221213525182653,-2.65679376158385,0.952935838766563,0,-2,-1,0,-1,30,32,29.0428093711535
"shuffle","17SNB","17SNB_shuffle_30.0_ 32x 32_ST512","2020",FALSE,14.7077769866712,-0.0357855379406349,1.76576275235853,-0.242719748913447,11.976499909102,1.76576275235853,3.1241325439136,0.800629316128998,4.78914874199016,-0.280128109431933,-5.52599744780852,0.240502774978066,0,0,0,0,-1,30,32,4.64014485279719
"shuffle","20MMD","20MMD_shuffle_30.0_ 32x 32_ST512","2020",FALSE,30.9044503069421,-0.241311309462592,1.17100268046196,-0.774780570257403,3.75974970490106,1.17100268046196,2.47303812382971,0.885542576815803,5.0935881095079,-0.0940985287394325,-1.81388228127873,0.255199706167638,0,-1,0,0,-1,30,32,4.8631706515948
"shuffle","10TES","10TES_shuffle_50.0_ 32x 32_ST512","2020",FALSE,20.142889127682,-1.51065367816186,3.4551860867281,-6.97647351155011,15.9566779335325,3.4551860867281,5.67535617900523,0.776753250803988,8.0258400726649,-0.300494036565189,-3.60895962884889,1.52518532967235,0,-2,-2,-1,-2,50,32,27.1779598116875
"shuffle","17SNB","17SNB_shuffle_50.0_ 32x 32_ST512","2020",FALSE,14.682789133437,-0.0607733911747719,2.73581257998918,-0.412202892437437,18.5559804519581,2.73581257998918,4.10917925932808,0.645734316625874,4.65154974592638,-0.417727105495709,-8.24036874960821,0.356888572878828,1,1,0,0,-1,50,32,4.25204948186874
"shuffle","20MMD","20MMD_shuffle_50.0_ 32x 32_ST512","2020",FALSE,30.7647420574167,-0.381019558988083,1.8451615086262,-1.22334320695307,5.92427801686615,1.8451615086262,3.32807394214511,0.792306302191794,5.06567095351199,-0.122015684735346,-2.35202496302994,0.397648157572042,-1,-1,0,0,-1,50,32,4.44960741996765
"shuffle","10TES","10TES_shuffle_65.0_ 32x 32_ST512","2020",FALSE,19.8084626065722,-1.84508019927168,4.31794253703492,-8.52091602660849,19.9410441780898,4.31794253703492,6.64153994689991,0.694546499975331,7.97876862875573,-0.347565480474362,-4.174291782131,1.86005670526137,0,-3,-2,-1,-2,65,32,28.8119981129964
"shuffle","17SNB","17SNB_shuffle_65.0_ 32x 32_ST512","2020",FALSE,14.6641683222249,-0.0793942023868812,3.38154747690604,-0.538500801650526,22.935755664624,3.38154747690604,4.74168975348971,0.520879040083929,4.57745853720741,-0.491818314214686,-9.7019422815054,0.417642711847344,1,1,0,0,-1,65,32,5.07440126736959
"shuffle","20MMD","20MMD_shuffle_65.0_ 32x 32_ST512","2020",FALSE,30.6803679622038,-0.465393654200906,2.32327076366246,-1.49424393576485,7.45934805600893,2.32327076366246,3.92693622024825,0.711163112069036,5.06878952108646,-0.118897117160876,-2.29191016057681,0.476438337623486,-1,-1,0,0,-1,65,32,4.22568938732147
"shuffle","10TES","10TES_shuffle_80.0_ 32x 32_ST512","2020",FALSE,19.520112049715,-2.1334307561289,5.20564270119385,-9.85257135637464,24.0406050311035,5.20564270119385,7.62356725037521,0.596836896444773,7.9586067902483,-0.367727318981788,-4.41643722384557,2.14859097114224,0,-3,-3,-1,-2,80,32,25.1387172102928
"shuffle","17SNB","17SNB_shuffle_80.0_ 32x 32_ST512","2020",FALSE,14.6351516804465,-0.108410844165274,3.97813358067019,-0.73530969183534,26.9821732300412,3.97813358067019,5.32824883539382,0.388821195848762,4.53344796991484,-0.535828881507256,-10.570124639315,0.454226444249969,1,1,0,0,-2,80,32,5.06641822655996
"shuffle","20MMD","20MMD_shuffle_80.0_ 32x 32_ST512","2020",FALSE,30.6206097538412,-0.525151862563526,2.75989709032945,-1.68611019705141,8.86122845323452,2.75989709032945,4.44072957823907,0.630051052681354,5.061645184729,-0.12604145351833,-2.42962735237442,0.535917965295787,-1,-1,0,0,-1,80,32,4.20580896933873
"shuffle","10TES","10TES_shuffle_100.0_ 32x 32_ST512","2020",FALSE,19.3322267279031,-2.32131607794075,6.51609857966391,-10.7202599535549,30.0925286826751,6.51609857966391,9.09433142340817,0.415747189536116,7.93082637472674,-0.395507734503354,-4.75008244102187,2.33772545633685,0,-4,-3,-1,-2,100,32,29.2213795820872
"shuffle","17SNB","17SNB_shuffle_100.0_ 32x 32_ST512","2020",FALSE,14.6117196975433,-0.131842827068509,4.74990231645333,-0.894239956241376,32.2167882323163,4.74990231645333,6.06867491968535,0.203579960939844,4.5218306623658,-0.547446189056293,-10.7992955425726,0.463801689383766,1,1,0,-1,-2,100,32,4.90488022168477
"shuffle","20MMD","20MMD_shuffle_100.0_ 32x 32_ST512","2020",FALSE,30.5440145155991,-0.601747100805607,3.34164507956627,-1.93203527406651,10.7290523851123,3.34164507956627,5.13424139474901,0.51144423822129,5.12824354012526,-0.0594430981220722,-1.14584982222741,0.602549755898154,-1,-1,0,0,-1,100,32,4.47889451583227
"shuffle","10TES","10TES_shuffle_2.5_ 64x 64_ST512","2020",FALSE,21.6535428058439,0,0,0,0,0,0,1,8.32633410923009,0,0,0,0,0,0,0,0,2.5,64,25.2163059751193
"shuffle","17SNB","17SNB_shuffle_2.5_ 64x 64_ST512","2020",FALSE,14.7435625246118,0,0,0,0,0,0,1,5.06927685142209,0,0,0,0,0,0,0,0,2.5,64,4.91203982432683
"shuffle","20MMD","20MMD_shuffle_2.5_ 64x 64_ST512","2020",FALSE,31.1457616164047,0,0,0,0,0,0,1,5.18768663824733,0,0,0,0,0,0,0,0,2.5,64,5.60232844352722
"shuffle","10TES","10TES_shuffle_5.0_ 64x 64_ST512","2020",FALSE,21.5166207682582,-0.136922037585624,0.445417884185162,-0.632330879123721,2.05702082185347,0.445417884185162,1.64266815757663,0.980561682998137,8.26731123339962,-0.0590228758304647,-0.708869894675922,0.146396327859023,0,0,0,0,0,5,64,25.9585810780525
"shuffle","17SNB","17SNB_shuffle_5.0_ 64x 64_ST512","2020",FALSE,14.7386136081678,-0.00494891644403062,0.29517936837556,-0.0335666256765911,2.0020898468929,0.29517936837556,1.26266469483234,0.968786372741986,5.03395257712776,-0.0353242742943349,-0.696830639352935,0.0288552052301135,0,0,0,0,0,5,64,5.07751814921697
"shuffle","20MMD","20MMD_shuffle_5.0_ 64x 64_ST512","2020",FALSE,31.1213110394328,-0.0244505769718977,0.192211591977049,-0.0785037054898004,0.617135629381463,0.192211591977049,0.962846378829645,0.98271338040739,5.16187749646717,-0.0258091417801589,-0.497507725117309,0.0326057253974198,0,0,0,0,0,5,64,5.13115620215734
"shuffle","10TES","10TES_shuffle_10.0_ 64x 64_ST512","2020",FALSE,21.3767136082472,-0.276829197596651,0.838594936498076,-1.27844759667661,3.87278397820312,0.838594936498076,2.33590598680212,0.960765864227883,8.21530595745327,-0.111028151776814,-1.33345780172015,0.293906224344986,0,0,0,0,-1,10,64,28.3199324369431
"shuffle","17SNB","17SNB_shuffle_10.0_ 64x 64_ST512","2020",FALSE,14.7342453379322,-0.00931718667961512,0.576220827808954,-0.0631949480599529,3.90828761262452,0.576220827808954,1.79503609286069,0.936532685823246,4.99987052634812,-0.0694063250739783,-1.36915633350164,0.0580375385125835,0,0,0,0,0,10,64,4.45400545597076
"shuffle","20MMD","20MMD_shuffle_10.0_ 64x 64_ST512","2020",FALSE,31.0897904419137,-0.0559711744910558,0.385813178751859,-0.179707194771488,1.23873412859054,0.385813178751859,1.43154448936973,0.961750083688879,5.15293514057113,-0.0347514976762033,-0.669884287535613,0.0629515268265406,0,0,0,0,0,10,64,4.3633601029714
"shuffle","10TES","10TES_shuffle_15.0_ 64x 64_ST512","2020",FALSE,21.2621135642188,-0.391429241625087,1.18238904897089,-1.80769144862266,5.46048773437565,1.18238904897089,2.82600169556914,0.94251786047542,8.15089592771531,-0.175438181514778,-2.10702788542076,0.42295468552524,0,-1,0,0,-1,15,64,27.7449074665705
"shuffle","17SNB","17SNB_shuffle_15.0_ 64x 64_ST512","2020",FALSE,14.730501866415,-0.0130606581968493,0.846162962256259,-0.0885854973996062,5.73920286120629,0.846162962256259,2.18997966837033,0.90500939643234,4.9693976479753,-0.0998792034467977,-1.97028504013898,0.0842885849002332,0,0,0,0,0,15,64,4.58935430049896
"shuffle","20MMD","20MMD_shuffle_15.0_ 64x 64_ST512","2020",FALSE,31.0697717865251,-0.0759898298795925,0.569818500004751,-0.243981286492503,1.8295218046767,0.569818500004751,1.71843718731225,0.944611672710083,5.12076500652901,-0.0669216317183281,-1.29000913865795,0.0939834121726042,0,0,0,0,0,15,64,5.1203454931577
"shuffle","10TES","10TES_shuffle_20.0_ 64x 64_ST512","2020",FALSE,21.1245877748474,-0.528955030996443,1.50961666775108,-2.44281056333049,6.9716844088149,1.50961666775108,3.30029985039715,0.921838974277234,8.12079150959879,-0.205542599631295,-2.46858457677602,0.555041627112487,0,-1,0,0,-1,20,64,26.3184325814247
"shuffle","17SNB","17SNB_shuffle_20.0_ 64x 64_ST512","2020",FALSE,14.7265640097173,-0.0169985148945351,1.11094255126513,-0.115294487788545,7.53510251956134,1.11094255126513,2.53224191142365,0.872390975776428,4.9438680456929,-0.125408805729189,-2.47389932341155,0.105267581582346,0,0,0,0,0,20,64,5.47579125960668
"shuffle","20MMD","20MMD_shuffle_20.0_ 64x 64_ST512","2020",FALSE,31.0446763885155,-0.101085227889271,0.750401194198227,-0.324555325165106,2.40932041874675,0.750401194198227,2.02052940291729,0.923130613597313,5.09535926726113,-0.0923273709862036,-1.77974070957756,0.130382572146691,0,0,0,0,0,20,64,4.76365424394608
"shuffle","10TES","10TES_shuffle_25.0_ 64x 64_ST512","2020",FALSE,20.9489031758717,-0.704639629972203,1.94768290833434,-3.25415400283613,8.9947540030664,1.94768290833434,3.89258172662774,0.891574105445709,8.08448240753538,-0.24185170169471,-2.90466006434461,0.727714833937559,0,-1,-1,0,-1,25,64,26.2137928167979
"shuffle","17SNB","17SNB_shuffle_25.0_ 64x 64_ST512","2020",FALSE,14.7134577471223,-0.0301047774895622,1.46296710539821,-0.20418930254684,9.92275172948221,1.46296710539821,2.95199184437694,0.825066531929535,4.89594006885751,-0.173336782564587,-3.41935916393994,0.145625300333177,0,0,0,0,-1,25,64,4.21591685215632
"shuffle","20MMD","20MMD_shuffle_25.0_ 64x 64_ST512","2020",FALSE,31.0109692834494,-0.134792332955346,0.987229993170914,-0.43277905551152,3.16970894894069,0.987229993170914,2.35950904052784,0.895114034991641,5.09053204174972,-0.097154596497611,-1.87279231134198,0.158985581578239,0,-1,0,0,-1,25,64,4.37584278583527
"shuffle","10TES","10TES_shuffle_30.0_ 64x 64_ST512","2020",FALSE,20.8430786440119,-0.810464161832012,2.22916890714626,-3.74287094310167,10.2947075549441,2.22916890714626,4.23613578534671,0.871528240331472,8.04334413790665,-0.282989971323437,-3.39873427622524,0.832679993639712,0,-1,-1,0,-1,30,64,24.9750863750776
"shuffle","17SNB","17SNB_shuffle_30.0_ 64x 64_ST512","2020",FALSE,14.7191824838425,-0.0243800407693584,1.71196090905797,-0.165360581804161,11.6115823851945,1.71196090905797,3.229385727263,0.789677265467546,4.87229984959859,-0.196977001823504,-3.88570219376056,0.165107996065714,0,0,0,0,-1,30,64,5.10695735613505
"shuffle","20MMD","20MMD_shuffle_30.0_ 64x 64_ST512","2020",FALSE,30.9836377224224,-0.162123893982322,1.15842121940434,-0.520532764550956,3.71935428541323,1.15842121940434,2.60215597385444,0.872122783700283,5.07396036910142,-0.113726269145916,-2.19223474886561,0.190983823384512,0,-1,0,0,-1,30,64,5.08882926702499
"shuffle","10TES","10TES_shuffle_50.0_ 64x 64_ST512","2020",FALSE,20.346184154424,-1.3073586514199,3.48354563224804,-6.03762009359075,16.0876474740563,3.48354563224804,5.72400901362182,0.766585091109955,7.9538131736827,-0.372520935547394,-4.47400897754558,1.32255339820477,0,-2,-1,-1,-2,50,64,24.92199994723
"shuffle","17SNB","17SNB_shuffle_50.0_ 64x 64_ST512","2020",FALSE,14.6977821793958,-0.0457803452160626,2.72633090192122,-0.310510740803929,18.4916698211174,2.72633090192122,4.24875312701392,0.628938924375624,4.77485833914487,-0.294418512277224,-5.80789964538296,0.2459363535485,1,0,0,0,-1,50,64,4.54645098845164
"shuffle","20MMD","20MMD_shuffle_50.0_ 64x 64_ST512","2020",FALSE,30.8989364578331,-0.246825158571635,1.85718424979819,-0.792483939264565,5.96287954897848,1.85718424979819,3.45644374247152,0.772681726564644,5.02897197228438,-0.158714665962957,-3.05944975150965,0.282530258750098,0,-1,0,0,-1,50,64,4.97717295487722
"shuffle","10TES","10TES_shuffle_65.0_ 64x 64_ST512","2020",FALSE,20.0531385470857,-1.60040425875818,4.28654738449244,-7.39095802062588,19.7960556520829,4.28654738449244,6.62469627729067,0.687982379056595,7.92193073423097,-0.404403374999124,-4.85691986045606,1.61391728269719,0,-2,-2,-1,-2,65,64,25.4658767819405
"shuffle","17SNB","17SNB_shuffle_65.0_ 64x 64_ST512","2020",FALSE,14.673446425415,-0.0701160991968344,3.37640596286654,-0.475570942096171,22.90088272241,3.37640596286654,4.85815047913712,0.509767662642519,4.72354376148263,-0.345733089939465,-6.82016587518742,0.287166766253885,1,0,0,0,-1,65,64,4.26240119934082
"shuffle","20MMD","20MMD_shuffle_65.0_ 64x 64_ST512","2020",FALSE,30.8340176226081,-0.31174399379665,2.31464481337027,-1.00091947545265,7.43165263343931,2.31464481337027,3.99893778362308,0.696334213523466,5.03763490530526,-0.150051732942076,-2.89245946036501,0.340640610573835,0,-1,0,0,-1,65,64,4.26440978050232
"shuffle","10TES","10TES_shuffle_80.0_ 64x 64_ST512","2020",FALSE,19.7773152983583,-1.87622750748557,5.20584727422866,-8.66475996241692,24.0415497865952,5.20584727422866,7.6485332676805,0.583820490662277,7.90774401837103,-0.418590090859058,-5.02730355721654,1.88822790341589,0,-3,-2,-1,-2,80,64,27.202666481336
"shuffle","17SNB","17SNB_shuffle_80.0_ 64x 64_ST512","2020",FALSE,14.6589973843687,-0.0845651402430914,4.04621061608286,-0.573573314468091,27.4439139748511,4.04621061608286,5.46731567342139,0.375140583915508,4.69512168878368,-0.374155162638417,-7.38083899547633,0.310641130866822,1,0,0,0,-1,80,64,5.23235461314519
"shuffle","20MMD","20MMD_shuffle_80.0_ 64x 64_ST512","2020",FALSE,30.7803324666267,-0.365429149778002,2.78487332521133,-1.17328692834253,8.94141989369273,2.78487332521133,4.51905266960993,0.61300408291925,5.04797858518064,-0.139708053066693,-2.69307039551436,0.389062520054315,0,-1,0,0,-1,80,64,4.49032732248306
"shuffle","10TES","10TES_shuffle_100.0_ 64x 64_ST512","2020",FALSE,19.6239729174735,-2.02956988837038,6.48354384171175,-9.37292297416863,29.9421849802886,6.48354384171175,9.09891401355404,0.403161385701609,7.89687050944538,-0.429463599784705,-5.15789534927053,2.04209806618923,0,-3,-3,-1,-2,100,64,27.3615727146467
"shuffle","17SNB","17SNB_shuffle_100.0_ 64x 64_ST512","2020",FALSE,14.630324831719,-0.113237692892799,4.8729123336264,-0.768048378427997,33.0511185847513,4.8729123336264,6.22249517871561,0.188894661321273,4.68931172136394,-0.379965130058155,-7.49545036096347,0.317758849481314,1,0,0,0,-1,100,64,4.91294283469518
"shuffle","20MMD","20MMD_shuffle_100.0_ 64x 64_ST512","2020",FALSE,30.7112212112034,-0.434540405201307,3.39945544000764,-1.395183108871,10.9146646721174,3.39945544000764,5.24321817960459,0.485803323854716,5.11669382342639,-0.0709928148209453,-1.36848695326999,0.439808168866631,-1,-1,0,0,-1,100,64,4.44917275905609
"shuffle","10TES","10TES_shuffle_2.5_128x128_ST512","2020",FALSE,21.6535428058439,0,0,0,0,0,0,1,8.32633410923009,0,0,0,0,0,0,0,0,2.5,128,28.3857653538386
"shuffle","17SNB","17SNB_shuffle_2.5_128x128_ST512","2020",FALSE,14.7435625246118,0,0,0,0,0,0,1,5.06927685142209,0,0,0,0,0,0,0,0,2.5,128,4.43771659135818
"shuffle","20MMD","20MMD_shuffle_2.5_128x128_ST512","2020",FALSE,31.1457616164047,0,0,0,0,0,0,1,5.18768663824733,0,0,0,0,0,0,0,0,2.5,128,4.24177368481954
"shuffle","10TES","10TES_shuffle_5.0_128x128_ST512","2020",FALSE,21.6535428058439,0,0,0,0,0,0,1,8.32633410923009,0,0,0,0,0,0,0,0,5,128,25.0001324971517
"shuffle","17SNB","17SNB_shuffle_5.0_128x128_ST512","2020",FALSE,14.7435625246118,0,0,0,0,0,0,1,5.06927685142209,0,0,0,0,0,0,0,0,5,128,4.58231625556946
"shuffle","20MMD","20MMD_shuffle_5.0_128x128_ST512","2020",FALSE,31.1457616164047,0,0,0,0,0,0,1,5.18768663824733,0,0,0,0,0,0,0,0,5,128,4.18645510276159
"shuffle","10TES","10TES_shuffle_10.0_128x128_ST512","2020",FALSE,21.6535428058439,0,0,0,0,0,0,1,8.32633410923009,0,0,0,0,0,0,0,0,10,128,25.3083523074786
"shuffle","17SNB","17SNB_shuffle_10.0_128x128_ST512","2020",FALSE,14.7435625246118,0,0,0,0,0,0,1,5.06927685142209,0,0,0,0,0,0,0,0,10,128,4.64872206846873
"shuffle","20MMD","20MMD_shuffle_10.0_128x128_ST512","2020",FALSE,31.1457616164047,0,0,0,0,0,0,1,5.18768663824733,0,0,0,0,0,0,0,0,10,128,5.50328004757563
"shuffle","10TES","10TES_shuffle_15.0_128x128_ST512","2020",FALSE,21.3350967529503,-0.318446052893616,1.08106608735599,-1.47064180558792,4.99255986444965,1.08106608735599,2.7133333555219,0.946754543221044,8.15600557358113,-0.170328535648954,-2.04566059221834,0.358926497436385,0,-1,0,0,-1,15,128,26.073390630881
"shuffle","17SNB","17SNB_shuffle_15.0_128x128_ST512","2020",FALSE,14.7339768980573,-0.00958562655449668,0.735308858682041,-0.06501567405093,4.98732146626415,0.735308858682041,2.1051322175457,0.912675510392255,4.99996034398956,-0.0693165074325321,-1.36738452967087,0.0561639144599898,0,0,0,0,0,15,128,5.20663365920385
"shuffle","20MMD","20MMD_shuffle_15.0_128x128_ST512","2020",FALSE,31.093121767248,-0.0526398491567157,0.494101366833913,-0.169011276092828,1.58641606816147,0.494101366833913,1.64658142441105,0.949183945707446,5.13100137205118,-0.0566852661961565,-1.09268870980433,0.0708080673554251,0,0,0,0,0,15,128,4.91634987592697
"shuffle","10TES","10TES_shuffle_20.0_128x128_ST512","2020",FALSE,21.1716655100513,-0.481877295792597,1.55406354239854,-2.22539701753815,7.17694816193832,1.55406354239854,3.37147069725507,0.91771648485304,8.08271356178114,-0.243620547448948,-2.9259040563708,0.53344554254812,0,-1,0,0,-1,20,128,26.8491507569949
"shuffle","17SNB","17SNB_shuffle_20.0_128x128_ST512","2020",FALSE,14.728556117924,-0.0150064066878031,1.08866942697763,-0.10178277239814,7.38403235419043,1.08866942697763,2.60009956244578,0.865893732558313,4.96394654769139,-0.105330303730701,-2.07781714863636,0.0860490623764464,0,0,0,0,0,20,128,5.10427980422974
"shuffle","20MMD","20MMD_shuffle_20.0_128x128_ST512","2020",FALSE,31.0680717659062,-0.0776898504985297,0.747538395479902,-0.249439559242018,2.40012880303485,0.747538395479902,2.08072756511535,0.918401423238887,5.09695079807156,-0.0907358401757747,-1.74906170135269,0.107476398649916,0,0,0,0,0,20,128,4.46560620864232
"shuffle","10TES","10TES_shuffle_25.0_128x128_ST512","2020",FALSE,21.0379233711344,-0.615619434709444,1.96269508862801,-2.84304254610613,9.06408298275474,1.96269508862801,3.89498438340403,0.890042645165112,8.03040602631762,-0.295928082912472,-3.5541221266202,0.673369311914858,0,-1,-1,0,-1,25,128,26.8965595881144
"shuffle","17SNB","17SNB_shuffle_25.0_128x128_ST512","2020",FALSE,14.7279097422996,-0.0156527823122481,1.43083013751463,-0.106166893422933,9.70477884925106,1.43083013751463,3.00675021554339,0.819686120789053,4.93531402368898,-0.133962827733115,-2.64264177434962,0.1116202641775,0,0,0,0,0,25,128,4.92043671607971
"shuffle","20MMD","20MMD_shuffle_25.0_128x128_ST512","2020",FALSE,31.0446928069909,-0.101068809413839,0.977725054376824,-0.324502610206215,3.13919134943179,0.977725054376824,2.40105389896922,0.891163257939087,5.08738325145316,-0.100303386794176,-1.93348969952557,0.128606109773124,0,0,0,0,0,25,128,4.11693387031555
"shuffle","10TES","10TES_shuffle_30.0_128x128_ST512","2020",FALSE,21.0341364806619,-0.619406325182005,1.97472211239082,-2.86053109523879,9.11962596650873,1.97472211239082,3.91731029179967,0.888752482265171,8.02818843070719,-0.298145678522898,-3.58075564361982,0.673979842159414,0,-1,-1,0,-1,30,128,24.1460506677628
"shuffle","17SNB","17SNB_shuffle_30.0_128x128_ST512","2020",FALSE,14.7239744117196,-0.0195881128921851,1.44473613038407,-0.132858750112031,9.79909793153676,1.44473613038407,3.02651911076714,0.816982138827459,4.92506487445825,-0.14421197696384,-2.84482345688782,0.120109085653326,0,0,0,0,0,30,128,4.28914308150609
"shuffle","20MMD","20MMD_shuffle_30.0_128x128_ST512","2020",FALSE,31.0443211743827,-0.101440442022028,0.980730177107845,-0.325695814638864,3.14883992623666,0.980730177107845,2.44242084970187,0.8871502154385,5.07534215761707,-0.112344480630261,-2.16559882013646,0.139013297964992,0,0,0,0,0,30,128,5.33995150725047
"shuffle","10TES","10TES_shuffle_50.0_128x128_ST512","2020",FALSE,20.5101325894684,-1.14341021637548,3.49903773595314,-5.28047639422265,16.1591928273687,3.49903773595314,5.72444022824943,0.761686736814172,7.8768847987502,-0.449449310479887,-5.39792548057438,1.1931305785171,0,-2,-1,-1,-2,50,128,23.8896023790042
"shuffle","17SNB","17SNB_shuffle_50.0_128x128_ST512","2020",FALSE,14.7043682467368,-0.0391942778749996,2.73862383013263,-0.265839940716985,18.5750480968285,2.73862383013263,4.33906393524681,0.617328832160983,4.83867484010096,-0.230602011321129,-4.5490119809976,0.185732152931961,1,0,0,0,-1,50,128,4.74314432938894
"shuffle","20MMD","20MMD_shuffle_50.0_128x128_ST512","2020",FALSE,30.957208402459,-0.188553213945738,1.88094867617916,-0.60538963942505,6.03918022408689,1.88094867617916,3.54209725199146,0.760893684002216,5.0334693556419,-0.154217282605432,-2.97275632395435,0.228586374265586,0,0,0,0,-1,50,128,4.09214290380478
"shuffle","10TES","10TES_shuffle_65.0_128x128_ST512","2020",FALSE,20.3187629096068,-1.33477989623706,4.1950891694322,-6.16425639076865,19.3736849763911,4.1950891694322,6.50872114373189,0.691097491498586,7.8438161788675,-0.482517930362588,-5.7950824940798,1.37294981569274,0,-2,-2,-1,-2,65,128,23.8120811462402
"shuffle","17SNB","17SNB_shuffle_65.0_128x128_ST512","2020",FALSE,14.6870754684979,-0.0564870561139035,3.34320172282238,-0.383130305308559,22.6756709393777,3.34320172282238,4.91990832484879,0.505529849953216,4.81478554987607,-0.254491301546024,-5.02026835394937,0.2107587959211,1,0,0,0,-1,65,128,5.00748466253281
"shuffle","20MMD","20MMD_shuffle_65.0_128x128_ST512","2020",FALSE,30.9128291300092,-0.232932486395583,2.30058570619197,-0.747878601475251,7.38651292116815,2.30058570619197,4.02562649776468,0.690680447009584,5.02436967518719,-0.163316963060148,-3.14816553983926,0.275338258098068,0,-1,0,0,-1,65,128,4.63624978462855
"shuffle","10TES","10TES_shuffle_80.0_128x128_ST512","2020",FALSE,20.1332076212012,-1.5203351846427,4.91316690218898,-7.02118446978753,22.6898985826144,4.91316690218898,7.31430981869996,0.609405317451485,7.83209800051315,-0.494236108716944,-5.93581883975881,1.54411400116081,0,-2,-2,-1,-2,80,128,25.3034876267115
"shuffle","17SNB","17SNB_shuffle_80.0_128x128_ST512","2020",FALSE,14.6753713774947,-0.068191147117119,3.9043050199398,-0.462514721277749,26.4814220675786,3.9043050199398,5.41092263574254,0.399390770739238,4.79499456665146,-0.274282284770631,-5.41067873800749,0.226870970789784,1,0,0,0,-1,80,128,5.2434901714325
"shuffle","20MMD","20MMD_shuffle_80.0_128x128_ST512","2020",FALSE,30.8693470897377,-0.276414526667022,2.69411494332959,-0.88748681143643,8.65002107352731,2.69411494332959,4.45352082857574,0.621930448139663,5.03050886640343,-0.157177771843903,-3.02982394281637,0.314457967786153,0,-1,0,0,-1,80,128,4.43005137443542
"shuffle","10TES","10TES_shuffle_100.0_128x128_ST512","2020",FALSE,20.0051256659335,-1.64841713991038,6.4742761366949,-7.61269024053425,29.8993850324928,6.4742761366949,9.12354543983906,0.383149249173646,7.8131630368888,-0.513171072341289,-6.16322940695375,1.67471416667285,0,-2,-2,-1,-2,100,128,25.2329755663872
"shuffle","17SNB","17SNB_shuffle_100.0_128x128_ST512","2020",FALSE,14.6463415680128,-0.0972209565989974,4.95225835514285,-0.659412923007611,33.5892925938077,4.95225835514285,6.31750638501,0.179335206904549,4.78599677046508,-0.283280080957015,-5.58817538003563,0.234165257481814,1,0,0,0,-1,100,128,4.41776093641917
"shuffle","20MMD","20MMD_shuffle_100.0_128x128_ST512","2020",FALSE,30.7883321729277,-0.357429443477024,3.46745933176972,-1.14760219345146,11.1330054293595,3.46745933176972,5.32585890436196,0.469910989611698,5.13359120082165,-0.0540954374256799,-1.04276609590968,0.363127121171208,-1,-1,0,0,-1,100,128,4.52642086744308
"shuffle","10TES","10TES_shuffle_2.5_256x256_ST512","2020",FALSE,21.6535428058439,0,0,0,0,0,0,1,8.32633410923009,0,0,0,0,0,0,0,0,2.5,256,23.8694410125415
"shuffle","17SNB","17SNB_shuffle_2.5_256x256_ST512","2020",FALSE,14.7435625246118,0,0,0,0,0,0,1,5.06927685142209,0,0,0,0,0,0,0,0,2.5,256,4.26151469945908
"shuffle","20MMD","20MMD_shuffle_2.5_256x256_ST512","2020",FALSE,31.1457616164047,0,0,0,0,0,0,1,5.18768663824733,0,0,0,0,0,0,0,0,2.5,256,4.83214144309362
"shuffle","10TES","10TES_shuffle_5.0_256x256_ST512","2020",FALSE,21.6535428058439,0,0,0,0,0,0,1,8.32633410923009,0,0,0,0,0,0,0,0,5,256,23.8123163779577
"shuffle","17SNB","17SNB_shuffle_5.0_256x256_ST512","2020",FALSE,14.7435625246118,0,0,0,0,0,0,1,5.06927685142209,0,0,0,0,0,0,0,0,5,256,5.12049548625946
"shuffle","20MMD","20MMD_shuffle_5.0_256x256_ST512","2020",FALSE,31.1457616164047,0,0,0,0,0,0,1,5.18768663824733,0,0,0,0,0,0,0,0,5,256,5.1150271375974
"shuffle","10TES","10TES_shuffle_10.0_256x256_ST512","2020",FALSE,21.6535428058439,0,0,0,0,0,0,1,8.32633410923009,0,0,0,0,0,0,0,0,10,256,27.8860353628794
"shuffle","17SNB","17SNB_shuffle_10.0_256x256_ST512","2020",FALSE,14.7435625246118,0,0,0,0,0,0,1,5.06927685142209,0,0,0,0,0,0,0,0,10,256,4.29959528446197
"shuffle","20MMD","20MMD_shuffle_10.0_256x256_ST512","2020",FALSE,31.1457616164047,0,0,0,0,0,0,1,5.18768663824733,0,0,0,0,0,0,0,0,10,256,5.89651037851969
"shuffle","10TES","10TES_shuffle_15.0_256x256_ST512","2020",FALSE,21.6535428058439,0,0,0,0,0,0,1,8.32633410923009,0,0,0,0,0,0,0,0,15,256,28.9446754614512
"shuffle","17SNB","17SNB_shuffle_15.0_256x256_ST512","2020",FALSE,14.7435625246118,0,0,0,0,0,0,1,5.06927685142209,0,0,0,0,0,0,0,0,15,256,5.7904970963796
"shuffle","20MMD","20MMD_shuffle_15.0_256x256_ST512","2020",FALSE,31.1457616164047,0,0,0,0,0,0,1,5.18768663824733,0,0,0,0,0,0,0,0,15,256,5.21329152186712
"shuffle","10TES","10TES_shuffle_20.0_256x256_ST512","2020",FALSE,21.6535428058439,0,0,0,0,0,0,1,8.32633410923009,0,0,0,0,0,0,0,0,20,256,27.1893147110939
"shuffle","17SNB","17SNB_shuffle_20.0_256x256_ST512","2020",FALSE,14.7435625246118,0,0,0,0,0,0,1,5.06927685142209,0,0,0,0,0,0,0,0,20,256,4.09932034810384
"shuffle","20MMD","20MMD_shuffle_20.0_256x256_ST512","2020",FALSE,31.1457616164047,0,0,0,0,0,0,1,5.18768663824733,0,0,0,0,0,0,0,0,20,256,4.1682790239652
"shuffle","10TES","10TES_shuffle_25.0_256x256_ST512","2020",FALSE,21.6535428058439,0,0,0,0,0,0,1,8.32633410923009,0,0,0,0,0,0,0,0,25,256,26.1423825542132
"shuffle","17SNB","17SNB_shuffle_25.0_256x256_ST512","2020",FALSE,14.7435625246118,0,0,0,0,0,0,1,5.06927685142209,0,0,0,0,0,0,0,0,25,256,5.76651228666306
"shuffle","20MMD","20MMD_shuffle_25.0_256x256_ST512","2020",FALSE,31.1457616164047,0,0,0,0,0,0,1,5.18768663824733,0,0,0,0,0,0,0,0,25,256,4.60279575188955
"shuffle","10TES","10TES_shuffle_30.0_256x256_ST512","2020",FALSE,21.6535428058439,0,0,0,0,0,0,1,8.32633410923009,0,0,0,0,0,0,0,0,30,256,27.7401932477951
"shuffle","17SNB","17SNB_shuffle_30.0_256x256_ST512","2020",FALSE,14.7435625246118,0,0,0,0,0,0,1,5.06927685142209,0,0,0,0,0,0,0,0,30,256,5.68726936181386
"shuffle","20MMD","20MMD_shuffle_30.0_256x256_ST512","2020",FALSE,31.1457616164047,0,0,0,0,0,0,1,5.18768663824733,0,0,0,0,0,0,0,0,30,256,4.82623513539632
"shuffle","10TES","10TES_shuffle_50.0_256x256_ST512","2020",FALSE,20.8542147139673,-0.799328091876543,3.50683308297515,-3.69144254611684,16.1951931580855,3.50683308297515,5.69864822599276,0.75743135158578,7.81704517011203,-0.509288939118062,-6.11660464781847,0.938192844288707,0,-1,-1,0,-1,50,256,27.7043960054715
"shuffle","17SNB","17SNB_shuffle_50.0_256x256_ST512","2020",FALSE,14.7179031436772,-0.0256593809346466,2.76839004909682,-0.174037861553561,18.7769410851378,2.76839004909682,4.44902613993575,0.601784455128319,4.89502009256185,-0.174256758860247,-3.43750724151834,0.141556219791148,0,0,0,0,-1,50,256,4.43658523162206
"shuffle","20MMD","20MMD_shuffle_50.0_256x256_ST512","2020",FALSE,30.9807205593816,-0.165041057023117,1.91457281377165,-0.529898928322205,6.14713756995825,1.91457281377165,3.66948276290555,0.744908086615367,5.07222864118671,-0.115457997060627,-2.22561625464014,0.191874813208588,0,-1,0,0,-1,50,256,5.45405641794205
"shuffle","10TES","10TES_shuffle_65.0_256x256_ST512","2020",FALSE,20.8689429834156,-0.784599822428252,3.49837049686623,-3.62342471836296,16.1561113958779,3.49837049686623,5.67878779771714,0.758919967984073,7.81408765711922,-0.512246452110865,-6.15212463721602,0.924174548060289,0,-1,-1,0,-1,65,256,26.3272338787715
"shuffle","17SNB","17SNB_shuffle_65.0_256x256_ST512","2020",FALSE,14.7158468754366,-0.027715649175251,2.73933050527877,-0.187984750151021,18.5798412066686,2.73933050527877,4.41689741682926,0.607477440843049,4.8943516731063,-0.174925178315792,-3.45069293792309,0.143039755873277,0,0,0,0,-1,65,256,4.27856361071269
"shuffle","20MMD","20MMD_shuffle_65.0_256x256_ST512","2020",FALSE,30.976422710902,-0.169338905502755,1.92302893702123,-0.543698072271776,6.17428772718903,1.92302893702123,3.62634812437396,0.750445698279348,5.06170109132949,-0.125985546917842,-2.42854967354786,0.199393516519055,0,0,0,0,-1,65,256,4.89214762846629
"shuffle","10TES","10TES_shuffle_80.0_256x256_ST512","2020",FALSE,20.7245045643626,-0.929038241481223,4.92495897348452,-4.29046761452123,22.7443565131308,4.92495897348452,7.31367300854465,0.595330451957982,7.76225800363505,-0.564076105595036,-6.77460330314795,1.07761003683246,1,-1,-1,-1,-2,80,256,25.4531701723735
"shuffle","17SNB","17SNB_shuffle_80.0_256x256_ST512","2020",FALSE,14.6868308211274,-0.0567317034843988,3.96814078757503,-0.38478965575447,26.9143958995725,3.96814078757503,5.51697743087348,0.383188148895538,4.85959307840937,-0.209683773012729,-4.13636459712997,0.171462684448817,0,0,0,0,-1,80,256,4.1533634185791
"shuffle","20MMD","20MMD_shuffle_80.0_256x256_ST512","2020",FALSE,30.9132744290663,-0.232487187338471,2.82838161837496,-0.746448875457962,9.08111239407042,2.82838161837496,4.69654867612825,0.583438742675655,5.08881367790803,-0.0988729603393033,-1.90591620570027,0.250726730061402,0,-1,0,0,-1,80,256,5.27247747977575
"shuffle","10TES","10TES_shuffle_100.0_256x256_ST512","2020",FALSE,20.8798270567036,-0.773715749140305,6.60780687295992,-3.57316008783327,30.5160542651552,6.60780687295992,9.34294592533985,0.332844004082309,7.77583412680789,-0.550499982422203,-6.61155287789797,0.962857703428975,1,-1,-1,0,-1,100,256,24.5220391909281
"shuffle","17SNB","17SNB_shuffle_100.0_256x256_ST512","2020",FALSE,14.64667152431,-0.0968910003018415,5.10010047906103,-0.657174954425695,34.5920497203257,5.10010047906103,6.49814817550221,0.149516998202587,4.89236588117729,-0.176910970244801,-3.48986601896032,0.15498890547552,0,0,0,0,-1,100,256,4.10081691344579
"shuffle","20MMD","20MMD_shuffle_100.0_256x256_ST512","2020",FALSE,30.8363139672554,-0.309447649149348,3.62934044067188,-0.99354657934054,11.6527586814903,3.62934044067188,5.56748098730921,0.431956361143724,5.24259074639974,0.0549041081524049,1.05835436835395,0.309895431813407,-1,-1,0,0,-1,100,256,4.80415411392848
