"mode","run","tile","out_name","year","original","mean_height","mean_change","mean_abs_change","relative_mean_change","relative_mean_abs_change","mae","rmse","correlation","SD","sd_change","relative_sd_change","wasserstein","q05_shift","q25_shift","q50_shift","q75_shift","q95_shift","shuffle_percentage","patch_size","time_min"
"shuffle","2026-06-04_shuffle_3","34UFD","34UFD_original","2020",TRUE,3.80623993692356,0,0,0,0,0,0,1,3.29873258176482,0,0,0,0,0,0,0,0,0,1,12.7427952686946
"shuffle","2026-06-04_shuffle_3","34UFD","34UFD_original","2020",TRUE,3.80623993692356,0,0,0,0,0,0,1,3.29873258176482,0,0,0,0,0,0,0,0,0,2,18.9966520984968
"shuffle","2026-06-04_shuffle_3","34UFD","34UFD_original","2020",TRUE,3.80623993692356,0,0,0,0,0,0,1,3.29873258176482,0,0,0,0,0,0,0,0,0,4,20.5776367306709
"shuffle","2026-06-04_shuffle_3","34UFD","34UFD_original","2020",TRUE,3.80623993692356,0,0,0,0,0,0,1,3.29873258176482,0,0,0,0,0,0,0,0,0,8,22.6316003998121
"shuffle","2026-06-04_shuffle_3","34UFD","34UFD_original","2020",TRUE,10.1724941688349,0,0,0,0,0,0,1,7.83338107226773,0,0,0,0,0,0,0,0,0,16,21.5676446199417
"shuffle","2026-06-04_shuffle_3","34UFD","34UFD_original","2020",TRUE,3.80623993692356,0,0,0,0,0,0,1,3.29873258176482,0,0,0,0,0,0,0,0,0,32,22.5266800363859
"shuffle","2026-06-04_shuffle_3","34UFD","34UFD_original","2020",TRUE,4.37257268371207,0,0,0,0,0,0,1,3.77753261983977,0,0,0,0,0,0,0,0,0,64,19.1477323333422
"shuffle","2026-06-04_shuffle_3","55HEV","55HEV_original","2020",TRUE,5.45366105450677,0,0,0,0,0,0,1,5.78695173789122,0,0,0,0,0,0,0,0,0,1,18.9855153838793
"shuffle","2026-06-04_shuffle_3","55HEV","55HEV_original","2020",TRUE,5.45366105450677,0,0,0,0,0,0,1,5.78695173789122,0,0,0,0,0,0,0,0,0,2,18.1515986442566
"shuffle","2026-06-04_shuffle_3","55HEV","55HEV_original","2020",TRUE,5.45366105450677,0,0,0,0,0,0,1,5.78695173789122,0,0,0,0,0,0,0,0,0,4,18.9122143427531
"shuffle","2026-06-04_shuffle_3","55HEV","55HEV_original","2020",TRUE,5.49803533590288,0,0,0,0,0,0,1,5.46266648498487,0,0,0,0,0,0,0,0,0,8,16.1260084708532
"shuffle","2026-06-04_shuffle_3","55HEV","55HEV_original","2020",TRUE,4.39571909121582,0,0,0,0,0,0,1,4.98550342759475,0,0,0,0,0,0,0,0,0,16,14.332680730025
"shuffle","2026-06-04_shuffle_3","55HEV","55HEV_original","2020",TRUE,5.45366105450677,0,0,0,0,0,0,1,5.78695173789122,0,0,0,0,0,0,0,0,0,32,19.2798359672228
"shuffle","2026-06-04_shuffle_3","55HEV","55HEV_original","2020",TRUE,5.74381113333711,0,0,0,0,0,0,1,5.60604766809143,0,0,0,0,0,0,0,0,0,64,14.9152435143789
"shuffle","2026-06-04_shuffle_3","32UQU","32UQU_original","2020",TRUE,10.1286285183869,0,0,0,0,0,0,1,9.29496264200536,0,0,0,0,0,0,0,0,0,1,28.466602174441
"shuffle","2026-06-04_shuffle_3","32UQU","32UQU_original","2020",TRUE,9.35161919185245,0,0,0,0,0,0,1,8.51019492322069,0,0,0,0,0,0,0,0,0,2,32.3351811687152
"shuffle","2026-06-04_shuffle_3","32UQU","32UQU_original","2020",TRUE,11.6318323046987,0,0,0,0,0,0,1,9.92825057417181,0,0,0,0,0,0,0,0,0,4,36.8613744537036
"shuffle","2026-06-04_shuffle_3","32UQU","32UQU_original","2020",TRUE,9.43242963783114,0,0,0,0,0,0,1,8.55074166711972,0,0,0,0,0,0,0,0,0,8,35.7666581432025
"shuffle","2026-06-04_shuffle_3","32UQU","32UQU_original","2020",TRUE,9.43242963783114,0,0,0,0,0,0,1,8.55074166711972,0,0,0,0,0,0,0,0,0,16,35.0977472066879
"shuffle","2026-06-04_shuffle_3","32UQU","32UQU_original","2020",TRUE,9.43242963783114,0,0,0,0,0,0,1,8.55074166711972,0,0,0,0,0,0,0,0,0,32,33.4393767952919
"shuffle","2026-06-04_shuffle_3","32UQU","32UQU_original","2020",TRUE,9.43242963783114,0,0,0,0,0,0,1,8.55074166711972,0,0,0,0,0,0,0,0,0,64,31.169330839316
"shuffle","2026-06-04_shuffle_3","32UQU","32UQU_shuffle_2.5_ 1x 1_local","2020",FALSE,11.648435446695,2.21613918475816,2.65153310227135,23.4952245266214,28.1112152188368,2.65153310227135,3.87480663345331,0.933183984412689,8.79080991020887,0.239527671002035,2.80107315255977,2.21613918475796,1,2,3,3,1,2.5,1,66.5333516279856
"shuffle","2026-06-04_shuffle_3","55HEV","55HEV_shuffle_2.5_ 1x 1_local","2020",FALSE,5.58003819867505,-0.163772934662054,1.01936847401583,-2.85129386848247,17.7472491757156,1.01936847401583,1.48030666531567,0.976259879193735,4.64229666291003,-0.963751005181405,-17.1912738214285,0.761741604880938,1,1,0,-1,-2,2.5,1,29.8636185010274
"shuffle","2026-06-04_shuffle_3","34UFD","34UFD_shuffle_2.5_ 1x 1_local","2020",FALSE,4.26931928768863,-0.103253396023443,0.987163775307412,-2.36138775709925,22.576269091755,0.987163775307412,1.48577257553974,0.930037777702634,2.99361546293663,-0.783917156903145,-20.7520949729455,0.642779447289579,0,1,0,-1,-1,2.5,1,33.5133497714996
"shuffle","2026-06-04_shuffle_3","32UQU","32UQU_shuffle_5.0_ 1x 1_local","2020",FALSE,8.57487743701227,-0.857552200818871,1.16354042898655,-9.0915303240582,12.3355325580153,1.16354042898655,1.839252610763,0.993736675858522,7.18020629838809,-1.37053536873163,-16.0282630687086,1.04636264519769,0,0,0,-2,-4,5,1,60.7757649421692
"shuffle","2026-06-04_shuffle_3","55HEV","55HEV_shuffle_5.0_ 1x 1_local","2020",FALSE,5.61139761895912,-0.13241351437799,1.60806264682343,-2.30532500641362,27.9964401595697,1.60806264682343,2.21685632540095,0.957190296430581,3.86149856449034,-1.74454910360109,-31.1190558284179,1.39482187546826,1,2,0,-1,-4,5,1,30.4120764493942
"shuffle","2026-06-04_shuffle_3","34UFD","34UFD_shuffle_5.0_ 1x 1_local","2020",FALSE,4.63961895428842,0.267046270576353,1.34799005921065,6.10730318037037,30.8283053642984,1.34799005921065,1.8574647563483,0.887206427172238,2.76721306626237,-1.0103195535774,-26.7454885305598,0.973729488351038,1,1,0,0,-2,5,1,37.0723418752352
"shuffle","2026-06-04_shuffle_3","32UQU","32UQU_shuffle_10.0_ 1x 1_local","2020",FALSE,10.1931113081826,0.760681670351463,3.4071952281802,8.06453585723616,36.1221377630509,3.4071952281802,4.05672187430007,0.93150924537886,5.47392854628556,-3.07681312083417,-35.982997038321,3.16024346368226,2,3,3,-1,-7,10,1,60.3802985906601
"shuffle","2026-06-04_shuffle_3","55HEV","55HEV_shuffle_10.0_ 1x 1_local","2020",FALSE,5.63023393844478,-0.113577194892323,2.40420473293555,-1.97738387032123,41.8573082771043,2.40420473293555,3.20664761477672,0.910275618897187,2.89329221705568,-2.71275545103576,-48.3898035058861,2.18322710038551,2,2,1,-2,-6,10,1,29.6116970181465
"shuffle","2026-06-04_shuffle_3","34UFD","34UFD_shuffle_10.0_ 1x 1_local","2020",FALSE,6.23193461959249,1.85948341320319,2.83786474176159,42.527253602876,64.9032912617691,2.83786474176159,3.60463904420115,0.612454203671308,3.09998088835024,-0.677586075709121,-17.9371029595459,1.86834497407251,1,3,2,1,0,10,1,36.3567978143692
"shuffle","2026-06-04_shuffle_3","32UQU","32UQU_shuffle_15.0_ 1x 1_local","2020",FALSE,10.1863645652774,0.753934927446295,4.15894199426889,7.9930087622647,44.0919482461699,4.15894199426889,4.90662857281646,0.892789971355508,4.68959630542961,-3.86114536169012,-45.1556778581843,3.90163762705372,3,3,4,-2,-8,15,1,62.6205560922623
"shuffle","2026-06-04_shuffle_3","55HEV","55HEV_shuffle_15.0_ 1x 1_local","2020",FALSE,5.65866159399398,-0.0851495393431296,2.88381378850954,-1.48245715895708,50.2073226567613,2.88381378850954,3.77984519210569,0.860733535906069,2.34824708820678,-3.25780057988465,-58.1122525665888,2.63703862231028,2,3,1,-2,-7,15,1,33.5407223184903
"shuffle","2026-06-04_shuffle_3","34UFD","34UFD_shuffle_15.0_ 1x 1_local","2020",FALSE,9.42736867434155,5.04905408501343,5.17414202865872,115.319582044657,118.176570529454,5.17414202865872,6.01449729781598,0.644751018832378,3.96677489509319,0.189703464363968,5.02250137025719,5.04999972761229,2,6,6,5,5,15,1,37.002677321434
"shuffle","2026-06-04_shuffle_3","32UQU","32UQU_shuffle_20.0_ 1x 1_local","2020",FALSE,10.0561573554367,0.623727717605576,4.6261931123895,6.61258807703116,49.045614862951,4.6261931123895,5.45656419871072,0.859795665088977,4.13938856352195,-4.41135310359777,-51.5902979569691,4.34862861149967,3,4,4,-3,-10,20,1,63.9242469390233
"shuffle","2026-06-04_shuffle_3","55HEV","55HEV_shuffle_20.0_ 1x 1_local","2020",FALSE,5.69882530226701,-0.0449858310700995,3.20284255241226,-0.783205262599974,55.7616272203476,3.20284255241226,4.14783776907556,0.810930019350764,2.00802220285365,-3.59802546523779,-64.1811429060275,2.9297684741635,3,3,1,-2,-8,20,1,33.9539467175802
"shuffle","2026-06-04_shuffle_3","34UFD","34UFD_shuffle_20.0_ 1x 1_local","2020",FALSE,5.69375715425184,1.32118447053977,2.4813969672409,30.2152660711899,56.749130242801,2.4813969672409,3.00079179698586,0.722582196783579,2.06620353553225,-1.71132908430753,-45.3028274413713,2.107283051839,2,3,2,0,-2,20,1,39.8664142370224
"shuffle","2026-06-04_shuffle_3","32UQU","32UQU_shuffle_25.0_ 1x 1_local","2020",FALSE,9.87185596810003,0.439426330268887,4.94165637768023,4.65867594184278,52.390068809636,4.94165637768023,5.84808111020916,0.83301821837842,3.71296539781848,-4.83777626930124,-56.5772708103673,4.66888579706037,4,4,4,-3,-11,25,1,71.5664158423742
"shuffle","2026-06-04_shuffle_3","55HEV","55HEV_shuffle_25.0_ 1x 1_local","2020",FALSE,5.74783872717022,0.00402759383310869,3.43299510713892,0.0701205826516912,59.7685931421699,3.43299510713892,4.40451452820914,0.762021472853573,1.7776679810472,-3.82837968704423,-68.2901736429151,3.13544524719865,3,3,2,-2,-8,25,1,34.1003609339396
"shuffle","2026-06-04_shuffle_3","34UFD","34UFD_shuffle_25.0_ 1x 1_local","2020",FALSE,5.83514177387093,1.46256909015886,2.64849865812519,33.4487084824676,60.5707177376584,2.64849865812519,3.16669743798146,0.692869593765697,1.93208772845641,-1.84544489138336,-48.8531821456948,2.27483391173005,2,3,2,0,-2,25,1,39.218800508976
"shuffle","2026-06-04_shuffle_3","32UQU","32UQU_shuffle_30.0_ 1x 1_local","2020",FALSE,9.67268053338992,0.240250895558777,5.17025727552622,2.54707328634809,54.8136320549861,5.17025727552622,6.14875235885424,0.811760061241417,3.36151041423399,-5.18923125288573,-60.6874988732258,4.88672338048769,4,4,4,-4,-11,30,1,69.8852223118146
"shuffle","2026-06-04_shuffle_3","55HEV","55HEV_shuffle_30.0_ 1x 1_local","2020",FALSE,5.80576034501895,0.0619492116818456,3.61041150399971,1.07853845197472,62.8574202770155,3.61041150399971,4.59534595796407,0.714640633796053,1.61129130287864,-3.99475636521279,-71.2579806973493,3.28847414522335,3,4,2,-2,-8,30,1,31.7455331206322
"shuffle","2026-06-04_shuffle_3","34UFD","34UFD_shuffle_30.0_ 1x 1_local","2020",FALSE,3.42583405199927,-0.946738631712793,2.49920764314136,-21.6517528739869,57.1564573975171,2.49920764314136,3.34793004596135,0.544757793129368,1.53127050299421,-2.24626211684556,-59.4637384478982,1.92367030988192,1,2,-1,-3,-5,30,1,37.4639424800873
"shuffle","2026-06-04_shuffle_3","32UQU","32UQU_shuffle_50.0_ 1x 1_local","2020",FALSE,8.99521661612312,-0.437213021708015,5.79245289955645,-4.63521105903045,61.4099773013345,5.79245289955645,7.0189634160122,0.744971431190482,2.30346855855214,-6.24727310856758,-73.0611840676968,5.53108226331038,5,4,3,-5,-14,50,1,68.760275387764
"shuffle","2026-06-04_shuffle_3","55HEV","55HEV_shuffle_50.0_ 1x 1_local","2020",FALSE,6.06054235311384,0.316731219776736,4.08862434142157,5.51430422108462,71.1831264383186,4.08862434142157,5.07956116519817,0.52573639117904,1.22670764981776,-4.37934001827367,-78.1181373679722,3.6778070622782,4,4,2,-2,-9,50,1,35.1416743238767
"shuffle","2026-06-04_shuffle_3","34UFD","34UFD_shuffle_50.0_ 1x 1_local","2020",FALSE,6.21185803161656,1.83928534790449,3.16062319568025,42.0641457775162,72.2829195602316,3.16062319568025,3.69074401549186,0.562950951279331,1.42574508944573,-2.35178753039404,-62.2572395018471,2.79244940462203,4,4,2,0,-3,50,1,41.8882166107496
"shuffle","2026-06-04_shuffle_3","32UQU","32UQU_shuffle_65.0_ 1x 1_local","2020",FALSE,8.67878052517533,-0.753649112655804,6.18825524222734,-7.98997863321561,65.6061638393547,6.18825524222734,7.54667211040988,0.673282731395172,1.70578204046307,-6.84495962665665,-80.051063324456,5.88821550843628,6,5,3,-6,-15,65,1,70.9063565413157
"shuffle","2026-06-04_shuffle_3","55HEV","55HEV_shuffle_65.0_ 1x 1_local","2020",FALSE,6.23907212363919,0.495260990302084,4.34014947117927,8.62251523953472,75.5621898148604,4.34014947117927,5.32366471613689,0.37220840202237,1.07551607028987,-4.53053159780157,-80.8150744701744,3.87863942866139,5,5,2,-2,-9,65,1,34.4093569835027
"shuffle","2026-06-04_shuffle_3","34UFD","34UFD_shuffle_65.0_ 1x 1_local","2020",FALSE,6.46673985006542,2.09423638114868,3.53476485655669,47.8955910735393,80.8407559121366,3.53476485655669,4.1461448251388,0.326764152205119,1.47625854789385,-2.30128539642147,-60.9201489206918,2.84048399978515,4,5,3,0,-2,65,1,42.0058220267296
"shuffle","2026-06-04_shuffle_3","32UQU","32UQU_shuffle_80.0_ 1x 1_local","2020",FALSE,8.48309735965957,-0.949332278171564,6.57583054802322,-10.0645572203797,69.7151296167553,6.57583054802322,8.02798950390131,0.525794274476328,1.23317192578076,-7.31756974133896,-85.5781875562596,6.25543834438484,6,5,3,-7,-16,80,1,76.4681880156199
"shuffle","2026-06-04_shuffle_3","55HEV","55HEV_shuffle_80.0_ 1x 1_local","2020",FALSE,6.37960847967088,0.635797346333776,4.5423179244091,11.0692592700969,79.0819513205346,4.5423179244091,5.52297152548412,0.208117253472237,0.986630652753223,-4.61941701533821,-82.4006017935071,4.01259179960268,5,5,2,-2,-9,80,1,35.9272930304209
"shuffle","2026-06-04_shuffle_3","34UFD","34UFD_shuffle_80.0_ 1x 1_local","2020",FALSE,6.474057187616,2.10148450390393,3.61192483368879,48.0605962648032,82.6041119257615,3.61192483368879,4.19567223793754,0.275420905256834,1.02893026016995,-2.74860235966983,-72.7618431468743,3.15360205516834,5,5,3,0,-3,80,1,43.1240975737572
"shuffle","2026-06-04_shuffle_3","32UQU","32UQU_shuffle_100.0_ 1x 1_local","2020",FALSE,8.35053426258435,-1.08189537524679,7.11641299565942,-11.4699543679348,75.4462346277915,7.11641299565942,8.65423796708626,0.0141795665113941,0.911723712733281,-7.63901795438644,-89.337489679531,6.43002452021192,7,5,2,-7,-16,100,1,76.3874600768089
"shuffle","2026-06-04_shuffle_3","55HEV","55HEV_shuffle_100.0_ 1x 1_local","2020",FALSE,6.47015450694624,0.726343373609132,4.73612520069993,12.6456695171161,82.4561443744457,4.73612520069993,5.72704635120155,0.00334376276194428,0.937476163320807,-4.66857150477063,-83.2774136285579,4.09260842907656,5,5,2,-2,-9,100,1,37.9888918876648
"shuffle","2026-06-04_shuffle_3","34UFD","34UFD_shuffle_100.0_ 1x 1_local","2020",FALSE,6.53969997937537,2.1671272956633,3.83892166784854,49.5618358440536,87.7954912481754,3.83892166784854,4.45992705527533,-0.00230071799600829,0.952990609779204,-2.82454201006057,-74.7721408208614,3.23007566006939,5,5,3,0,-3,100,1,47.3125680843989
"shuffle","2026-06-04_shuffle_3","32UQU","32UQU_shuffle_2.5_ 2x 2_local","2020",FALSE,8.91212599179635,-0.520303646034783,0.762947340804795,-5.51611478709551,8.08855586629348,0.762947340804795,1.34129959636119,0.991125679062845,7.98861729585976,-0.562124371259957,-6.57398379162244,0.532945742871439,0,0,0,-1,-2,2.5,2,34.639001472791
"shuffle","2026-06-04_shuffle_3","55HEV","55HEV_shuffle_2.5_ 2x 2_local","2020",FALSE,5.32150280686732,-0.422308326469792,0.767631848230792,-7.3524062102027,13.3645036441998,0.767631848230792,1.23396909217688,0.979730214490778,5.2040055074123,-0.402042160679132,-7.17157941712626,0.422308326469913,0,0,-1,-1,-1,2.5,2,18.8291640082995
"shuffle","2026-06-04_shuffle_3","34UFD","34UFD_shuffle_2.5_ 2x 2_local","2020",FALSE,3.64920997648685,-0.723362707225217,0.964755864005651,-16.5431831452399,22.0638039385689,0.964755864005651,1.56426847967821,0.939279690546688,3.05483762765109,-0.722694992188683,-19.1314030855235,0.747548520511285,0,0,-1,-1,-2,2.5,2,22.2352603991826
"shuffle","2026-06-04_shuffle_3","32UQU","32UQU_shuffle_5.0_ 2x 2_local","2020",FALSE,8.47224509144239,-0.960184546388744,1.31913712722364,-10.1796099547637,13.9851255495499,1.31913712722364,2.09133687258174,0.98235891512175,7.45394418946309,-1.09679747765663,-12.8269280064226,0.98896791241112,0,0,0,-2,-3,5,2,36.2811973174413
"shuffle","2026-06-04_shuffle_3","55HEV","55HEV_shuffle_5.0_ 2x 2_local","2020",FALSE,5.20800373920764,-0.535807394129471,1.09272141140294,-9.32842988202803,19.0243269849312,1.09272141140294,1.63819901162747,0.969949943005353,4.7053470387762,-0.900700629315234,-16.0665888455043,0.629977331400209,0,1,0,-1,-2,5,2,19.0877795616786
"shuffle","2026-06-04_shuffle_3","34UFD","34UFD_shuffle_5.0_ 2x 2_local","2020",FALSE,3.5436765147033,-0.828896169008773,1.21498804193961,-18.9567156218221,27.7865716552972,1.21498804193961,1.88703865682808,0.905679902751174,2.86540729088742,-0.912125328952349,-24.1460609542278,0.886847620403137,0,0,-1,-1,-2,5,2,22.6854549924533
"shuffle","2026-06-04_shuffle_3","32UQU","32UQU_shuffle_10.0_ 2x 2_local","2020",FALSE,7.78012317475595,-1.65230646307519,2.20814657620525,-17.5172943400309,23.4101568841703,2.20814657620525,3.32395525944692,0.963345176893716,6.48895948800538,-2.06178217911434,-24.1123198358633,1.74307390485481,0,-1,0,-3,-6,10,2,36.4183139761289
"shuffle","2026-06-04_shuffle_3","55HEV","55HEV_shuffle_10.0_ 2x 2_local","2020",FALSE,5.04376833512706,-0.700042798210046,1.65869192711982,-12.1877753630685,28.8778981170318,1.65869192711982,2.41525901906263,0.942109929511186,3.93614066047211,-1.66990700761932,-29.7875991516111,1.15810140075566,1,1,0,-2,-4,10,2,18.9684802015622
"shuffle","2026-06-04_shuffle_3","34UFD","34UFD_shuffle_10.0_ 2x 2_local","2020",FALSE,3.43478806417344,-0.93778461953863,1.57164861687593,-21.4469761253346,35.9433388661636,1.57164861687593,2.33024813084352,0.838742488118168,2.60315396268208,-1.17437865715769,-31.0885113470576,1.04774639223184,0,0,-1,-2,-3,10,2,21.791639093558
"shuffle","2026-06-04_shuffle_3","32UQU","32UQU_shuffle_15.0_ 2x 2_local","2020",FALSE,7.279501259419,-2.15292837841214,2.89900795796959,-22.8247488831221,30.734477428195,2.89900795796959,4.29453323045661,0.943042428835901,5.67285744515736,-2.87788422196236,-33.656545057708,2.32851810671315,0,0,0,-4,-8,15,2,37.7562631368637
"shuffle","2026-06-04_shuffle_3","55HEV","55HEV_shuffle_15.0_ 2x 2_local","2020",FALSE,4.95824718364784,-0.785563949689272,2.10585739346873,-13.676702305371,36.663068206514,2.10585739346873,3.03237580584698,0.903842430650448,3.38628560609396,-2.21976206199747,-39.5958470819279,1.57248876928248,1,1,0,-2,-6,15,2,18.2887070655823
"shuffle","2026-06-04_shuffle_3","34UFD","34UFD_shuffle_15.0_ 2x 2_local","2020",FALSE,3.41351568081926,-0.959057002892812,1.81534662283106,-21.9334719458254,41.5166711714883,1.81534662283106,2.61379539497461,0.77664695943602,2.43418942121236,-1.34334319862741,-35.5613924171591,1.11787292861994,0,0,-1,-2,-3,15,2,21.9468010981878
"shuffle","2026-06-04_shuffle_3","32UQU","32UQU_shuffle_20.0_ 2x 2_local","2020",FALSE,6.91746335809403,-2.51496627973711,3.44893545063269,-26.66297418907,36.5646560118494,3.44893545063269,5.06611520146293,0.921492554144087,4.99657555239873,-3.55416611472099,-41.5655887300147,2.79448977111842,0,0,0,-5,-10,20,2,36.1764790217082
"shuffle","2026-06-04_shuffle_3","55HEV","55HEV_shuffle_20.0_ 2x 2_local","2020",FALSE,4.93553819578718,-0.808272937549928,2.45767374213087,-14.0720667651955,42.7882060373907,2.45767374213087,3.49926532791423,0.857935468047258,2.99405684403103,-2.6119908240604,-46.59237628191,1.90380572569928,1,2,1,-2,-7,20,2,18.6047603209813
"shuffle","2026-06-04_shuffle_3","34UFD","34UFD_shuffle_20.0_ 2x 2_local","2020",FALSE,3.44151621225881,-0.931056471453261,1.99505147205939,-21.2931045130815,45.6264907726064,1.99505147205939,2.80891486745835,0.720654210631171,2.31698890525401,-1.46054371458576,-38.663960356422,1.16062124284392,0,0,-1,-2,-4,20,2,22.1311202168465
"shuffle","2026-06-04_shuffle_3","32UQU","32UQU_shuffle_25.0_ 2x 2_local","2020",FALSE,6.65826333120114,-2.77416630663,3.89121042183149,-29.4109409043827,41.2535324538739,3.89121042183149,5.68082243229361,0.898750110393814,4.44160525769631,-4.10913640942341,-48.0559063692022,3.22860777504918,1,0,0,-6,-11,25,2,36.7544063727061
"shuffle","2026-06-04_shuffle_3","55HEV","55HEV_shuffle_25.0_ 2x 2_local","2020",FALSE,4.95507725915692,-0.788733874180183,2.74023173254364,-13.7318908277183,47.7075528587513,2.74023173254364,3.8539079096355,0.807794519541742,2.70909505918388,-2.89695260890756,-51.6754901210788,2.17133414958777,1,2,1,-2,-7,25,2,18.4246008753777
"shuffle","2026-06-04_shuffle_3","34UFD","34UFD_shuffle_25.0_ 2x 2_local","2020",FALSE,3.49601222538937,-0.876560458322694,2.13607024925494,-20.0467898815702,48.8515664293437,2.13607024925494,2.95243491462211,0.670422706143393,2.22834246313449,-1.54919015670528,-41.010636111224,1.2076231268863,0,0,-1,-2,-4,25,2,23.1508373777072
"shuffle","2026-06-04_shuffle_3","32UQU","32UQU_shuffle_30.0_ 2x 2_local","2020",FALSE,6.47393907176076,-2.95849056607038,4.25419107078608,-31.3650955232638,45.1017525084266,4.25419107078608,6.17615341566231,0.875011614403999,3.98095272660028,-4.56978894051945,-53.4431879528265,3.60824744702546,1,1,0,-6,-13,30,2,39.5527054707209
"shuffle","2026-06-04_shuffle_3","55HEV","55HEV_shuffle_30.0_ 2x 2_local","2020",FALSE,5.00134436179701,-0.742466771540099,2.97451132260194,-12.926378571726,51.7863706440112,2.97451132260194,4.13280494971895,0.755119431401649,2.49503744951401,-3.11101021857742,-55.4938238624816,2.38838422326047,1,2,1,-2,-8,30,2,18.9254870255788
"shuffle","2026-06-04_shuffle_3","34UFD","34UFD_shuffle_30.0_ 2x 2_local","2020",FALSE,3.56485478477972,-0.807717898932347,2.25203646415552,-18.4723721561248,51.5036942106053,2.25203646415552,3.06468788751316,0.624872198669865,2.15555126116698,-1.62198135867279,-42.9375870946574,1.26124174679562,0,1,0,-2,-4,30,2,24.1915571371714
"shuffle","2026-06-04_shuffle_3","32UQU","32UQU_shuffle_50.0_ 2x 2_local","2020",FALSE,6.15119938924217,-3.28123024858897,5.27688683263717,-34.7866920250194,55.9440890125794,5.27688683263717,7.48012325864082,0.764529631274938,2.68933225572759,-5.86140941139213,-68.5485498168081,4.73473274967272,1,2,0,-8,-16,50,2,42.8494894862175
"shuffle","2026-06-04_shuffle_3","55HEV","55HEV_shuffle_50.0_ 2x 2_local","2020",FALSE,5.3005009830432,-0.44331015029391,3.6420132298735,-7.71804887039088,63.4076076898705,3.6420132298735,4.84719082138028,0.541011700837625,1.99868698772909,-3.60736068036234,-64.3476633439055,2.94377869218787,2,3,1,-2,-9,50,2,20.3326068997383
"shuffle","2026-06-04_shuffle_3","34UFD","34UFD_shuffle_50.0_ 2x 2_local","2020",FALSE,3.87377640167014,-0.498796282041929,2.6149176174826,-11.4073868663169,59.8027250003924,2.6149176174826,3.397667765242,0.45955344007955,1.93400819074696,-1.84352442909281,-48.8023430799919,1.50997009026573,1,1,0,-2,-4,50,2,24.3084146658579
"shuffle","2026-06-04_shuffle_3","32UQU","32UQU_shuffle_65.0_ 2x 2_local","2020",FALSE,6.10494455608292,-3.32748508174822,5.83571490410637,-35.2770729229986,61.8686290613901,5.83571490410637,8.11322292453036,0.64949885130792,2.02090821556748,-6.52983345155224,-76.3656967519144,5.33055539349971,2,2,0,-9,-17,65,2,43.6106972257296
"shuffle","2026-06-04_shuffle_3","55HEV","55HEV_shuffle_65.0_ 2x 2_local","2020",FALSE,5.54789789891573,-0.195913234421376,4.01274557158304,-3.41085787595442,69.8620737769918,4.01274557158304,5.20424597687949,0.377670394240482,1.79987141580159,-3.80617625228984,-67.8941114602695,3.16574737123467,2,4,2,-2,-9,65,2,20.3149448037148
"shuffle","2026-06-04_shuffle_3","34UFD","34UFD_shuffle_65.0_ 2x 2_local","2020",FALSE,4.07630456307167,-0.296268120640399,2.85466480184533,-6.77560196412524,65.2857026820622,2.85466480184533,3.62044515752148,0.330626072766647,1.80570367557159,-1.97182894426818,-52.1988594860054,1.69884807996458,1,2,0,-2,-4,65,2,25.0544936815898
"shuffle","2026-06-04_shuffle_3","32UQU","32UQU_shuffle_80.0_ 2x 2_local","2020",FALSE,6.09495139314641,-3.33747824468473,6.3267071274527,-35.3830176617372,67.0739922837892,6.3267071274527,8.63514370592947,0.461919762562698,1.51822614392731,-7.03251552319241,-82.2445092714546,5.7647160793365,3,2,0,-9,-18,80,2,44.1387635866801
"shuffle","2026-06-04_shuffle_3","55HEV","55HEV_shuffle_80.0_ 2x 2_local","2020",FALSE,5.74783870209461,0.00402756875750221,4.32795340644639,0.070120146084299,75.3498558009146,4.32795340644639,5.50495580726597,0.209497304852051,1.68050447066371,-3.92554319742773,-70.0233645848425,3.29920339561189,3,4,2,-2,-9,80,2,21.6101529359818
"shuffle","2026-06-04_shuffle_3","34UFD","34UFD_shuffle_80.0_ 2x 2_local","2020",FALSE,4.22141925840112,-0.151153425310952,3.08515526771519,-3.45685335029425,70.5569807726115,3.08515526771519,3.84531218208448,0.189331526195205,1.7178752014147,-2.05965741842507,-54.5238817424807,1.81916635298387,1,2,0,-2,-4,80,2,25.7270007491112
"shuffle","2026-06-04_shuffle_3","32UQU","32UQU_shuffle_100.0_ 2x 2_local","2020",FALSE,6.07249638527335,-3.35993325255778,6.93047173731171,-35.6210794203216,73.4749370354728,6.93047173731171,9.26012631024388,0.00732397323963828,1.22431699192854,-7.32642467519118,-85.6817450510004,6.02218062048446,4,3,0,-9,-18,100,2,47.3528440197309
"shuffle","2026-06-04_shuffle_3","55HEV","55HEV_shuffle_100.0_ 2x 2_local","2020",FALSE,5.86833445754245,0.124523324205339,4.65373906010824,2.16795645460215,81.0217981071474,4.65373906010824,5.83523412519369,0.00180929576388305,1.62469678976318,-3.98135087832825,-71.0188552442989,3.39403980072136,3,4,2,-2,-9,100,2,22.4505967617035
"shuffle","2026-06-04_shuffle_3","34UFD","34UFD_shuffle_100.0_ 2x 2_local","2020",FALSE,4.30278163278935,-0.0697910509227171,3.36719350098912,-1.59610956686187,77.0071476120225,3.36719350098912,4.1352061673598,-0.000809614459801926,1.67780930549269,-2.09972331434709,-55.5845184054598,1.87489013831675,1,2,0,-1,-4,100,2,27.0641934315364
"shuffle","2026-06-04_shuffle_3","32UQU","32UQU_shuffle_2.5_ 4x 4_local","2020",FALSE,9.02790500457546,-0.404524633255679,0.555615501113259,-4.28865784095787,5.89048126990339,0.555615501113259,1.37044005782677,0.988723789134883,8.18075606960258,-0.369985597517141,-4.32694159080787,0.410769980547081,0,0,0,-1,-1,2.5,4,30.4542285521825
"shuffle","2026-06-04_shuffle_3","55HEV","55HEV_shuffle_2.5_ 4x 4_local","2020",FALSE,5.33480681221658,-0.40900432112053,0.674804183122777,-7.12078290225573,11.748369983933,0.674804183122777,1.23616723527198,0.97812300803782,5.45554446892982,-0.150503199161614,-2.68465785651895,0.409004321120481,0,0,-1,-1,0,2.5,4,15.5623085776965
"shuffle","2026-06-04_shuffle_3","34UFD","34UFD_shuffle_2.5_ 4x 4_local","2020",FALSE,3.67977443891087,-0.692798244801199,0.854263238450208,-15.8441790431955,19.5368562227075,0.854263238450208,1.45860449695648,0.947753547751426,3.13810455628299,-0.639428063556784,-16.9271354586981,0.697195578538739,0,0,-1,-1,-2,2.5,4,19.5766569932302
"shuffle","2026-06-04_shuffle_3","32UQU","32UQU_shuffle_5.0_ 4x 4_local","2020",FALSE,8.65316629500363,-0.779263342827505,1.00130079466892,-8.26153358941659,10.615513002641,1.00130079466892,2.03053704251304,0.977739781017767,7.81547898435488,-0.735262682764845,-8.59881763931847,0.793910624192275,0,0,0,-1,-2,5,4,30.4975755771001
"shuffle","2026-06-04_shuffle_3","55HEV","55HEV_shuffle_5.0_ 4x 4_local","2020",FALSE,5.2272227626062,-0.516588370730912,0.864958428279681,-8.99382585427698,15.0589636079686,0.864958428279681,1.51394124913263,0.968577183141095,5.14513030945378,-0.460917358637656,-8.22178807470922,0.516588370731255,0,0,-1,-1,-1,5,4,16.037995549043
"shuffle","2026-06-04_shuffle_3","34UFD","34UFD_shuffle_5.0_ 4x 4_local","2020",FALSE,3.5729255619876,-0.799647121724465,1.04922641550929,-18.2877948422257,23.9956312085488,1.04922641550929,1.73216035260334,0.922763101352248,2.99406876130679,-0.783463858532983,-20.7400951197137,0.823522509542816,0,0,-1,-1,-2,5,4,18.7102514266968
"shuffle","2026-06-04_shuffle_3","32UQU","32UQU_shuffle_10.0_ 4x 4_local","2020",FALSE,7.97515432960618,-1.45727530822495,1.78417979840299,-15.4496281889046,18.91537882506,1.78417979840299,3.11942575129469,0.954576865858062,7.10603533042075,-1.44470633669897,-16.8956845258736,1.49181670040093,0,-1,-1,-3,-4,10,4,31.8201173305511
"shuffle","2026-06-04_shuffle_3","55HEV","55HEV_shuffle_10.0_ 4x 4_local","2020",FALSE,5.04626454492818,-0.69754658840893,1.26635600552971,-12.1443162425792,22.0473127707798,1.26635600552971,2.07837271349033,0.945595888436965,4.58937998914887,-1.01666767894256,-18.1351950453302,0.735702651647819,0,1,0,-2,-3,10,4,16.2240926583608
"shuffle","2026-06-04_shuffle_3","34UFD","34UFD_shuffle_10.0_ 4x 4_local","2020",FALSE,3.4087460678435,-0.963826615868573,1.36495649819286,-22.0425521903581,31.2163249630442,1.36495649819286,2.1535770100267,0.872047451229359,2.75488064978193,-1.02265197005784,-27.0719560351862,1.0239695849085,0,0,-1,-2,-2,10,4,19.0802701354027
"shuffle","2026-06-04_shuffle_3","32UQU","32UQU_shuffle_15.0_ 4x 4_local","2020",FALSE,7.39220815247589,-2.04022148535524,2.46187008375204,-21.6298616972707,26.1000630619929,2.46187008375204,4.04421405570949,0.929590969768329,6.44546605121786,-2.10527561590186,-24.6209708801904,2.09607251550384,0,-1,-1,-4,-6,15,4,31.2989557504654
"shuffle","2026-06-04_shuffle_3","55HEV","55HEV_shuffle_15.0_ 4x 4_local","2020",FALSE,4.90283878522025,-0.840972348116861,1.63471843491168,-14.641364915985,28.4605185818831,1.63471843491168,2.59466917769159,0.917594845236556,4.11506788532478,-1.49097978276666,-26.5959169639786,1.03764668571737,0,1,0,-2,-4,15,4,15.7555854996045
"shuffle","2026-06-04_shuffle_3","34UFD","34UFD_shuffle_15.0_ 4x 4_local","2020",FALSE,3.29259603493528,-1.07997664877679,1.61591172826609,-24.69888385846,36.9556287602811,1.61591172826609,2.47332252394739,0.820377322931692,2.56511437921902,-1.21241824062075,-32.0955068462698,1.17223314003611,0,0,-1,-2,-3,15,4,19.0853587667147
"shuffle","2026-06-04_shuffle_3","32UQU","32UQU_shuffle_20.0_ 4x 4_local","2020",FALSE,6.88785094751755,-2.54457869031358,3.05979727253797,-26.9769167437826,32.4391210962855,3.05979727253797,4.85495553369946,0.902670508443653,5.83281735879588,-2.71792430832384,-31.7858311493038,2.62024926336927,0,-1,-1,-5,-8,20,4,31.7077957789103
"shuffle","2026-06-04_shuffle_3","55HEV","55HEV_shuffle_20.0_ 4x 4_local","2020",FALSE,4.79217462358442,-0.951636509752685,1.96533037392135,-16.5680327514493,34.2164867245471,1.96533037392135,3.05133957668718,0.884053657846053,3.71520363697217,-1.89084403111927,-33.7286470445408,1.30691742128728,0,1,0,-2,-5,20,4,16.0751631339391
"shuffle","2026-06-04_shuffle_3","34UFD","34UFD_shuffle_20.0_ 4x 4_local","2020",FALSE,3.21451988935651,-1.15805279435556,1.82053519033662,-26.4844721431236,41.635332835476,1.82053519033662,2.72280448969669,0.768979909296592,2.41397025895506,-1.36356236088471,-36.0966402705095,1.27803859916574,0,0,-1,-2,-3,20,4,19.2075589497884
"shuffle","2026-06-04_shuffle_3","32UQU","32UQU_shuffle_25.0_ 4x 4_local","2020",FALSE,6.4575190726009,-2.97491056523024,3.58605386799108,-31.5391757951589,38.0183474002107,3.58605386799108,5.56516963838261,0.873394066251171,5.28199315819066,-3.26874850892906,-38.2276606659563,3.06784421322513,0,-1,-1,-6,-9,25,4,31.7368613680204
"shuffle","2026-06-04_shuffle_3","55HEV","55HEV_shuffle_25.0_ 4x 4_local","2020",FALSE,4.71089914849173,-1.03291198484537,2.25725860041286,-17.9830422844224,39.2989697608913,2.25725860041286,3.44367941845067,0.845491155669518,3.38688238341287,-2.21916528467856,-39.5852018403202,1.54403570378577,1,1,0,-2,-6,25,4,16.0069699168205
"shuffle","2026-06-04_shuffle_3","34UFD","34UFD_shuffle_25.0_ 4x 4_local","2020",FALSE,3.16196715742465,-1.21060552628742,1.99345059925408,-27.6863442612847,45.5898790814783,1.99345059925408,2.92597065422609,0.71764226638616,2.29251862590118,-1.48501399393859,-39.3117450830003,1.35395055004033,0,0,-1,-2,-4,25,4,19.5300847887993
"shuffle","2026-06-04_shuffle_3","32UQU","32UQU_shuffle_30.0_ 4x 4_local","2020",FALSE,6.09003216938893,-3.34239746844221,4.04980523417539,-35.4351699061362,42.9349106187088,4.04980523417539,6.18786864993319,0.841640216352427,4.78943844467403,-3.76130322244569,-43.9880348263716,3.44931038358026,0,-1,-1,-7,-11,30,4,30.5322858413061
"shuffle","2026-06-04_shuffle_3","55HEV","55HEV_shuffle_30.0_ 4x 4_local","2020",FALSE,4.65282054062657,-1.09099059271053,2.51723982664029,-18.9941933567143,43.8252541423276,2.51723982664029,3.78088513892499,0.802161410247085,3.11867109251437,-2.48737657557706,-44.369522395158,1.7501305707742,1,1,0,-2,-6,30,4,16.5809939424197
"shuffle","2026-06-04_shuffle_3","34UFD","34UFD_shuffle_30.0_ 4x 4_local","2020",FALSE,3.12869298021055,-1.24387970350152,2.14314597697712,-28.4473190836827,49.0133871292841,2.14314597697712,3.0955498500587,0.666502759361059,2.19457393214139,-1.58295868769838,-41.9045670018734,1.4073079760588,0,0,-1,-2,-4,30,4,18.818413801988
"shuffle","2026-06-04_shuffle_3","32UQU","32UQU_shuffle_50.0_ 4x 4_local","2020",FALSE,5.10897865364901,-4.32345098418212,5.42897546574143,-45.8360268794567,57.5564904716294,5.42897546574143,7.99519223501735,0.681219379168473,3.36616942583702,-5.1845722412827,-60.6330122358743,4.46168894083919,1,-1,-1,-9,-15,50,4,32.3400872906049
"shuffle","2026-06-04_shuffle_3","55HEV","55HEV_shuffle_50.0_ 4x 4_local","2020",FALSE,4.57095558816629,-1.17285554517082,3.33464884425149,-20.4194657161263,58.0563804561255,3.33464884425149,4.77297570365638,0.583946855898555,2.44019786830593,-3.1658497997855,-56.4720456767595,2.31263250316483,1,2,1,-3,-8,50,4,16.692571858565
"shuffle","2026-06-04_shuffle_3","34UFD","34UFD_shuffle_50.0_ 4x 4_local","2020",FALSE,3.10532689700988,-1.26724578670218,2.60580667441409,-28.9816974666357,59.594359268647,2.60580667441409,3.5851981603502,0.463078453873993,1.94425740150372,-1.83327521833605,-48.531022835054,1.53508174889266,0,0,-1,-2,-5,50,4,20.4696043848991
"shuffle","2026-06-04_shuffle_3","32UQU","32UQU_shuffle_65.0_ 4x 4_local","2020",FALSE,4.71289075570469,-4.71953888212645,6.14082234001759,-50.0352407951982,65.1032933804062,6.14082234001759,8.87056234543662,0.516922392514181,2.73642383003087,-5.81431783708885,-67.9978189429664,4.86628463851718,1,-1,-1,-9,-17,65,4,34.1307022770246
"shuffle","2026-06-04_shuffle_3","55HEV","55HEV_shuffle_65.0_ 4x 4_local","2020",FALSE,4.58768606654091,-1.15612506679619,3.78870257146421,-20.1281873647627,65.9614754648626,3.78870257146421,5.27328180722632,0.397163111701299,2.2046943588227,-3.40135330926873,-60.6729287841877,2.53446737041382,1,2,1,-3,-9,65,4,17.1073662996292
"shuffle","2026-06-04_shuffle_3","34UFD","34UFD_shuffle_65.0_ 4x 4_local","2020",FALSE,3.13308464820928,-1.23948803550279,2.87537265639583,-28.346882377048,65.7592878240003,2.87537265639583,3.84955175270046,0.315064952373522,1.84550447105431,-1.93202814878546,-51.1452406430155,1.56702658129809,0,0,-1,-2,-5,65,4,22.5692771156629
"shuffle","2026-06-04_shuffle_3","32UQU","32UQU_shuffle_80.0_ 4x 4_local","2020",FALSE,4.4933975139788,-4.93903212385234,6.70676539180121,-52.3622471992063,71.103264474956,6.70676539180121,9.51044821816749,0.312858374255911,2.365421053541,-6.18532061357872,-72.3366563319672,5.08854402070454,1,-1,-1,-10,-18,80,4,34.6352078636487
"shuffle","2026-06-04_shuffle_3","55HEV","55HEV_shuffle_80.0_ 4x 4_local","2020",FALSE,4.61961458608268,-1.12419654725443,4.15856735568388,-19.5723104600286,72.4008373386015,4.15856735568388,5.65853519177281,0.2155896301189,2.09638965964732,-3.50965800844411,-62.6048549037573,2.66603530189137,1,2,1,-3,-9,80,4,18.1851158658663
"shuffle","2026-06-04_shuffle_3","34UFD","34UFD_shuffle_80.0_ 4x 4_local","2020",FALSE,3.16397938294813,-1.20859330076394,3.11057946389108,-27.640325002852,71.1384278522815,3.11057946389108,4.0743856480007,0.173141370908658,1.79332141206859,-1.98421120777118,-52.5266465562737,1.58769514445452,1,1,-1,-2,-5,80,4,21.2207770506541
"shuffle","2026-06-04_shuffle_3","32UQU","32UQU_shuffle_100.0_ 4x 4_local","2020",FALSE,4.38583888578737,-5.04659075204377,7.35615818762142,-53.5025539104277,77.9879465850209,7.35615818762142,10.1621128629863,0.00253776311278847,2.18635864817936,-6.36438301894036,-74.4307718172964,5.19741805437595,1,-1,-1,-10,-19,100,4,34.5184211691221
"shuffle","2026-06-04_shuffle_3","55HEV","55HEV_shuffle_100.0_ 4x 4_local","2020",FALSE,4.65395497780094,-1.08985615553617,4.56410178954493,-18.9744427564938,79.4612093537488,4.56410178954493,6.06950256059557,0.00108295092426808,2.06114810282617,-3.54489956526526,-63.2334895302828,2.73198518456294,1,2,1,-3,-10,100,4,16.8962803125381
"shuffle","2026-06-04_shuffle_3","34UFD","34UFD_shuffle_100.0_ 4x 4_local","2020",FALSE,3.18858147713911,-1.18399120657295,3.38840445801748,-27.0776792569589,77.492238622799,3.38840445801748,4.33798873542162,-5.69511123212355e-05,1.77363902778255,-2.00389359205722,-53.0476846588347,1.59931931182681,1,1,-1,-2,-5,100,4,21.5706165075302
"shuffle","2026-06-04_shuffle_3","32UQU","32UQU_shuffle_2.5_ 8x 8_local","2020",FALSE,9.08591067512706,-0.346518962704076,0.461768102197404,-3.67369782769727,4.89553720438439,0.461768102197404,1.50612676735884,0.985355651950304,8.27527467569057,-0.275466991429148,-3.22155670412083,0.350601529406615,0,0,0,0,-1,2.5,8,28.6573003053665
"shuffle","2026-06-04_shuffle_3","55HEV","55HEV_shuffle_2.5_ 8x 8_local","2020",FALSE,5.34592588799056,-0.397885245346551,0.650960724653612,-6.92719931261707,11.3332543417981,0.650960724653612,1.25119455667071,0.977472813755469,5.56440826048213,-0.0416394076092992,-0.742758714776952,0.402000587086924,0,0,-1,-1,0,2.5,8,13.8810918966929
"shuffle","2026-06-04_shuffle_3","34UFD","34UFD_shuffle_2.5_ 8x 8_local","2020",FALSE,3.70645185282383,-0.666120830888238,0.790949316584561,-15.2340710851887,18.0888775052469,0.790949316584561,1.40525377571553,0.950888630187368,3.18726027788854,-0.590272341951232,-15.6258701473839,0.666120830887976,0,0,-1,-1,-1,2.5,8,17.4422751704852
"shuffle","2026-06-04_shuffle_3","32UQU","32UQU_shuffle_5.0_ 8x 8_local","2020",FALSE,8.75126744672651,-0.681162191104628,0.859701573026336,-7.22149241773991,9.11431737140436,0.859701573026336,2.18365692608577,0.97076239685938,7.99832838721575,-0.552413279903971,-6.46041362737191,0.689811462239174,0,0,0,-1,-2,5,8,29.1742048621178
"shuffle","2026-06-04_shuffle_3","55HEV","55HEV_shuffle_5.0_ 8x 8_local","2020",FALSE,5.2431598237021,-0.500651309635007,0.787590008577613,-8.71636093201645,13.7119760781554,0.787590008577613,1.50413689915608,0.967562660665503,5.34688948075846,-0.259158187332977,-4.62283238881568,0.500651309634983,0,0,-1,-1,-1,5,8,14.2219022274017
"shuffle","2026-06-04_shuffle_3","34UFD","34UFD_shuffle_5.0_ 8x 8_local","2020",FALSE,3.61335636293929,-0.759216320772782,0.945087219851031,-17.3631492416554,21.6139853631594,0.945087219851031,1.64671540461512,0.929091127500258,3.08152795194609,-0.696004667893683,-18.4248486495718,0.766898776991793,0,0,-1,-1,-2,5,8,18.511978884538
"shuffle","2026-06-04_shuffle_3","32UQU","32UQU_shuffle_10.0_ 8x 8_local","2020",FALSE,8.12612348396188,-1.30630615386926,1.57212676377311,-13.849095132711,16.6672514308264,1.57212676377311,3.22285384294153,0.941348689672857,7.45318994532372,-1.09755172179601,-12.8357488101463,1.32465537691333,0,-1,-1,-3,-3,10,8,28.8368183255196
"shuffle","2026-06-04_shuffle_3","55HEV","55HEV_shuffle_10.0_ 8x 8_local","2020",FALSE,5.05832809343699,-0.685483039900114,1.081639163337,-11.9342893418199,18.8313845672807,1.081639163337,1.97833860802119,0.945897094270274,4.93496400962362,-0.671083658467814,-11.9707091020202,0.685483039900149,0,0,-1,-1,-2,10,8,14.3767731507619
"shuffle","2026-06-04_shuffle_3","34UFD","34UFD_shuffle_10.0_ 8x 8_local","2020",FALSE,3.45073104954685,-0.92184163416522,1.21993079518537,-21.0823627380535,27.899611588611,1.21993079518537,2.04020142174911,0.884321848563886,2.89090764723371,-0.886624972606065,-23.4710077141219,0.951114777600496,0,0,-1,-2,-2,10,8,17.3865836977959
"shuffle","2026-06-04_shuffle_3","32UQU","32UQU_shuffle_15.0_ 8x 8_local","2020",FALSE,7.55852199704676,-1.87390764078437,2.21106852205449,-19.8666484960417,23.4411345427528,2.21106852205449,4.08139270338965,0.911406126969077,6.91855895587667,-1.63218271124305,-19.0882004717708,1.90260384367528,0,-1,-1,-4,-4,15,8,28.9903204679489
"shuffle","2026-06-04_shuffle_3","55HEV","55HEV_shuffle_15.0_ 8x 8_local","2020",FALSE,4.8926940806631,-0.851117052674012,1.38245408462036,-14.8179846606398,24.068585343912,1.38245408462036,2.41820414261971,0.921343302311178,4.553750441622,-1.05229722646944,-18.7707506031194,0.852120611897756,0,0,-1,-2,-3,15,8,14.1019619981448
"shuffle","2026-06-04_shuffle_3","34UFD","34UFD_shuffle_15.0_ 8x 8_local","2020",FALSE,3.31167180483201,-1.06090087888006,1.45928918082677,-24.2626242173615,33.3736975090809,1.45928918082677,2.35935348823526,0.838202535672045,2.72251514576734,-1.05501747407243,-27.928745566125,1.10970353739143,0,0,-1,-2,-3,15,8,17.1115933696429
"shuffle","2026-06-04_shuffle_3","32UQU","32UQU_shuffle_20.0_ 8x 8_local","2020",FALSE,7.0451265567823,-2.38730308104884,2.79338596719967,-25.3095244037014,29.6147024091873,2.79338596719967,4.83776713920484,0.880358526687139,6.40694390028256,-2.14379776683716,-25.071483273559,2.42673164662649,0,-1,-1,-5,-6,20,8,30.148051349322
"shuffle","2026-06-04_shuffle_3","55HEV","55HEV_shuffle_20.0_ 8x 8_local","2020",FALSE,4.74898872793795,-0.99482240539916,1.67023503140691,-17.3199010605555,29.0788640614043,1.67023503140691,2.82437985101681,0.89356392866596,4.20103843039717,-1.40500923769426,-25.0623847829784,1.05863236920917,0,1,-1,-2,-4,20,8,14.1947437167168
"shuffle","2026-06-04_shuffle_3","34UFD","34UFD_shuffle_20.0_ 8x 8_local","2020",FALSE,3.19390232622476,-1.1786703574873,1.67273542953136,-26.9559923355391,38.2551772269523,1.67273542953136,2.6290672932386,0.790391299267928,2.57639344238994,-1.20113917744983,-31.796924032936,1.2448646032704,0,0,-1,-2,-3,20,8,18.1103531400363
"shuffle","2026-06-04_shuffle_3","32UQU","32UQU_shuffle_25.0_ 8x 8_local","2020",FALSE,6.57615970216299,-2.85626993566814,3.33071506569899,-30.2813807824482,35.3113163160033,3.33071506569899,5.52726942671381,0.847391859152421,5.9119313405797,-2.63881032654002,-30.8606016795838,2.90601847401521,0,-1,-1,-6,-7,25,8,28.9827945311864
"shuffle","2026-06-04_shuffle_3","55HEV","55HEV_shuffle_25.0_ 8x 8_local","2020",FALSE,4.62315174283701,-1.12065939050009,1.94309441230973,-19.5107284081084,33.829357672156,1.94309441230973,3.19754233575806,0.8621617386262,3.88378862078512,-1.72225904730632,-30.7214485012158,1.26376378958742,0,1,0,-2,-5,25,8,14.5776817838351
"shuffle","2026-06-04_shuffle_3","34UFD","34UFD_shuffle_25.0_ 8x 8_local","2020",FALSE,3.09527801442758,-1.27729466928448,1.86380067081001,-29.2115137169117,42.6248070787413,1.86380067081001,2.86046262178056,0.741322737961604,2.44953061304076,-1.32800200679901,-35.155275690388,1.35881631294068,0,0,-1,-2,-3,25,8,17.6178930640221
"shuffle","2026-06-04_shuffle_3","32UQU","32UQU_shuffle_30.0_ 8x 8_local","2020",FALSE,6.15602381141705,-3.27640582641409,3.82134615375299,-34.7355448406764,40.5128508823063,3.82134615375299,6.15178247068333,0.812516530123888,5.44301977702922,-3.1077218900905,-36.3444717554814,3.33628798698368,0,-1,-2,-7,-9,30,8,31.952750090758
"shuffle","2026-06-04_shuffle_3","55HEV","55HEV_shuffle_30.0_ 8x 8_local","2020",FALSE,4.51520769109654,-1.22860344224057,2.19984269904605,-21.3900390127688,38.2993564373688,2.19984269904605,3.53641700518145,0.827385016218256,3.59749939679828,-2.00854827129315,-35.8282410391447,1.44756437746131,0,1,0,-3,-5,30,8,14.9348932266235
"shuffle","2026-06-04_shuffle_3","34UFD","34UFD_shuffle_30.0_ 8x 8_local","2020",FALSE,3.01181557042788,-1.36075711328419,2.03597612256715,-31.1202857382575,46.5624306292542,2.03597612256715,3.06196329992929,0.691355172752863,2.33821486215578,-1.43931775768399,-38.1020603270142,1.45538065950285,0,0,-1,-2,-4,30,8,18.2594122807185
"shuffle","2026-06-04_shuffle_3","32UQU","32UQU_shuffle_50.0_ 8x 8_local","2020",FALSE,4.90330740308058,-4.52912223475055,5.37455101818232,-48.0164963710449,56.9794975901684,5.37455101818232,8.07958531619383,0.652384180303461,3.91410774896211,-4.63663391815762,-54.2249327445703,4.61962323901517,0,-1,-2,-9,-13,50,8,29.7521922628085
"shuffle","2026-06-04_shuffle_3","55HEV","55HEV_shuffle_50.0_ 8x 8_local","2020",FALSE,4.21738991501384,-1.52642121832327,3.07390410758586,-26.5750593619612,53.5168033249718,3.07390410758586,4.6387845568705,0.642721268572686,2.7410891780072,-2.86495849008423,-51.1047829006349,2.02887389269255,1,1,0,-3,-8,50,8,15.129748249054
"shuffle","2026-06-04_shuffle_3","34UFD","34UFD_shuffle_50.0_ 8x 8_local","2020",FALSE,2.79122022436592,-1.58135245934615,2.59077635902624,-36.1652641072548,59.2506184900468,2.59077635902624,3.67508045775783,0.481634093566537,2.03377758455769,-1.74375503528208,-46.1612171427403,1.71114418211207,0,0,-2,-3,-5,50,8,18.6516710837682
"shuffle","2026-06-04_shuffle_3","32UQU","32UQU_shuffle_65.0_ 8x 8_local","2020",FALSE,4.31925087355173,-5.11317876427941,6.21624151889592,-54.2085015272387,65.9028665738901,6.21624151889592,9.08611661873433,0.495012888733944,3.13103942694236,-5.41970224017736,-63.3828321701942,5.21766417412794,0,-1,-2,-10,-16,65,8,30.0053696076075
"shuffle","2026-06-04_shuffle_3","55HEV","55HEV_shuffle_65.0_ 8x 8_local","2020",FALSE,4.09855050370584,-1.64526062963127,3.59520639151142,-28.64405864744,62.5926986116383,3.59520639151142,5.24136753988186,0.462141427141028,2.36839643778501,-3.23765123030642,-57.7528309067817,2.27895906407982,1,1,0,-3,-9,65,8,15.7823812007904
"shuffle","2026-06-04_shuffle_3","34UFD","34UFD_shuffle_65.0_ 8x 8_local","2020",FALSE,2.70694812456686,-1.66562455914521,2.90837685614952,-38.0925528202127,66.5140883074005,2.90837685614952,3.99878320762376,0.325930541942973,1.9109892929637,-1.86654332687607,-49.4117063893215,1.80894619915418,0,0,-2,-3,-5,65,8,18.862798678875
"shuffle","2026-06-04_shuffle_3","32UQU","32UQU_shuffle_80.0_ 8x 8_local","2020",FALSE,3.9736270024942,-5.45880263533694,6.86664746932456,-57.8727098418316,72.7982898677997,6.86664746932456,9.81407664515375,0.300534741900592,2.64877428279713,-5.90196738432259,-69.0228709284658,5.57205287061506,0,-1,-2,-10,-17,80,8,31.6597064812978
"shuffle","2026-06-04_shuffle_3","55HEV","55HEV_shuffle_80.0_ 8x 8_local","2020",FALSE,4.03838252104485,-1.70542861229226,4.03265103972117,-29.6915858252014,70.2086288373176,4.03265103972117,5.71872603028066,0.260429664709839,2.16646204476173,-3.43958562332971,-61.3549121764907,2.41588115586728,1,1,0,-3,-9,80,8,15.0728090802828
"shuffle","2026-06-04_shuffle_3","34UFD","34UFD_shuffle_80.0_ 8x 8_local","2020",FALSE,2.66506321522403,-1.70750946848803,3.17361340106025,-39.0504536345055,72.580003366943,3.17361340106025,4.25543241947621,0.178383318806247,1.84749105860503,-1.93004156123474,-51.0926510891813,1.85811248743538,0,0,-2,-3,-5,80,8,19.7148336132367
"shuffle","2026-06-04_shuffle_3","32UQU","32UQU_shuffle_100.0_ 8x 8_local","2020",FALSE,3.8036500313462,-5.62877960648494,7.57690263030577,-59.6747584939229,80.3282178741804,7.57690263030577,10.5092508597732,0.00475741513382024,2.41716132646647,-6.13358034065325,-71.7315594299707,5.74681569970018,0,-1,-2,-10,-18,100,8,31.7563262104988
"shuffle","2026-06-04_shuffle_3","55HEV","55HEV_shuffle_100.0_ 8x 8_local","2020",FALSE,4.02605441652444,-1.71775671681267,4.52141933685869,-29.906218657553,78.7181060083322,4.52141933685869,6.21635027468002,0.00389165043279207,2.08701129956354,-3.5190363685279,-62.7721449561977,2.47013771464938,1,1,0,-3,-10,100,8,15.6935778697332
"shuffle","2026-06-04_shuffle_3","34UFD","34UFD_shuffle_100.0_ 8x 8_local","2020",FALSE,2.65305537846864,-1.71951730524343,3.47635251566828,-39.3250708364133,79.5035958720085,3.47635251566828,4.53258526923057,0.000365358066452802,1.82287371996293,-1.95465889987684,-51.744328814287,1.87455482047775,0,0,-2,-3,-5,100,8,18.9452682415644
"shuffle","2026-06-04_shuffle_3","32UQU","32UQU_shuffle_2.5_16x16_local","2020",FALSE,9.09644339998631,-0.335986237844827,0.435971206616619,-3.56203280326915,4.62204568023542,0.435971206616619,1.70614918011433,0.980721791544927,8.30733645222913,-0.243405214890592,-2.84659769136239,0.335986237844901,0,0,0,0,-1,2.5,16,29.2691706418991
"shuffle","2026-06-04_shuffle_3","55HEV","55HEV_shuffle_2.5_16x16_local","2020",FALSE,5.33084210800564,-0.41296902533147,0.670923465477965,-7.18980857386824,11.6808065220655,0.670923465477965,1.389639957524,0.972000096715849,5.60796860384792,0.0019209357564911,0.034265419600777,0.423823018506152,0,0,-1,-1,0,2.5,16,14.463797112306
"shuffle","2026-06-04_shuffle_3","34UFD","34UFD_shuffle_2.5_16x16_local","2020",FALSE,3.71263127079896,-0.659941412913109,0.768931260044114,-15.0927488380332,17.585328264717,0.768931260044114,1.41315159966845,0.948610920412839,3.21934829856881,-0.55818432127096,-14.7764262402223,0.659941412913575,0,0,-1,-1,-1,2.5,16,17.9578484654427
"shuffle","2026-06-04_shuffle_3","32UQU","32UQU_shuffle_5.0_16x16_local","2020",FALSE,8.77453952676683,-0.657890111064306,0.825079548899831,-6.97476828690746,8.74726428480994,0.825079548899831,2.43769667599841,0.961760015104385,8.06687034438348,-0.48387132273624,-5.65882284336664,0.657890111064347,0,0,0,-1,-1,5,16,29.6839714487394
"shuffle","2026-06-04_shuffle_3","55HEV","55HEV_shuffle_5.0_16x16_local","2020",FALSE,5.21206148227881,-0.531749651058302,0.811989669083986,-9.25778439983906,14.1367752217895,0.811989669083986,1.71334098616065,0.956940261367692,5.43179453266566,-0.174253135425769,-3.10830634597678,0.532169082376921,0,0,-1,-1,0,5,16,14.334461303552
"shuffle","2026-06-04_shuffle_3","34UFD","34UFD_shuffle_5.0_16x16_local","2020",FALSE,3.62217945968033,-0.750393224031742,0.908801400986227,-17.1613665068845,20.7841348040144,0.908801400986227,1.66367373314656,0.92423295786928,3.138780800156,-0.638751819683768,-16.9092337238602,0.750393224031321,0,0,-1,-1,-2,5,16,18.1636812965075
"shuffle","2026-06-04_shuffle_3","32UQU","32UQU_shuffle_10.0_16x16_local","2020",FALSE,8.1736899942055,-1.25873964362563,1.51927643425218,-13.3448081984852,16.1069469117346,1.51927643425218,3.50233985538593,0.924815865416349,7.58997733517337,-0.960764331946347,-11.2360350639616,1.25873964362589,0,-1,-1,-3,-2,10,16,30.113304678599
"shuffle","2026-06-04_shuffle_3","55HEV","55HEV_shuffle_10.0_16x16_local","2020",FALSE,5.00069943390396,-0.743111699433143,1.09294211017802,-12.9376067942088,19.028169360141,1.09294211017802,2.22394770301584,0.927623027363217,5.10507960975603,-0.500968058335403,-8.93620760998554,0.74311169943269,0,0,-1,-2,-1,10,16,14.4562137643496
"shuffle","2026-06-04_shuffle_3","34UFD","34UFD_shuffle_10.0_16x16_local","2020",FALSE,3.46155937345114,-0.911013310260927,1.15973141181885,-20.8347207961682,26.522861841471,1.15973141181885,2.05272569645793,0.877556333636267,2.99375873057039,-0.78377388926938,-20.7483023482832,0.911013310260566,0,0,-1,-2,-2,10,16,17.0974549055099
"shuffle","2026-06-04_shuffle_3","32UQU","32UQU_shuffle_15.0_16x16_local","2020",FALSE,7.6291196343896,-1.80331000344154,2.13321520289701,-19.1181919471619,22.6157552698958,2.13321520289701,4.32757799674102,0.889673538732137,7.12479382869794,-1.42594783842178,-16.6763059151348,1.80331000344082,0,-1,-1,-4,-4,15,16,29.4823976318041
"shuffle","2026-06-04_shuffle_3","55HEV","55HEV_shuffle_15.0_16x16_local","2020",FALSE,4.80037855975092,-0.943432573586186,1.38015915671603,-16.4252018683292,24.0286305499424,1.38015915671603,2.6875025336252,0.894580058352511,4.77916504031679,-0.82688262777464,-14.7498322656281,0.943432573586579,0,0,-1,-2,-2,15,16,15.309842034181
"shuffle","2026-06-04_shuffle_3","34UFD","34UFD_shuffle_15.0_16x16_local","2020",FALSE,3.31680638857927,-1.0557662951328,1.38913843933248,-24.1451971528239,31.7693618794961,1.38913843933248,2.37262815675005,0.830044899338386,2.85899777850686,-0.918534841332912,-24.3157355282315,1.05932015464719,0,0,-1,-2,-2,15,16,18.0796189506849
"shuffle","2026-06-04_shuffle_3","32UQU","32UQU_shuffle_20.0_16x16_local","2020",FALSE,7.11664152638385,-2.31578811144728,2.70846249497488,-24.5513425529222,28.7143673366183,2.70846249497488,5.07038383701453,0.852740990793051,6.66093526611079,-1.88980640100893,-22.1010816906776,2.31578811144841,0,-1,-1,-5,-5,20,16,30.0353863080343
"shuffle","2026-06-04_shuffle_3","55HEV","55HEV_shuffle_20.0_16x16_local","2020",FALSE,4.62481869395858,-1.11899243937853,1.65069485635192,-19.4817067170592,28.7386687694391,1.65069485635192,3.07320591534436,0.862156995514065,4.47916975409335,-1.12687791399808,-20.1011118833694,1.11899243937757,0,0,-1,-2,-3,20,16,14.0979167819023
"shuffle","2026-06-04_shuffle_3","34UFD","34UFD_shuffle_20.0_16x16_local","2020",FALSE,3.18903924532902,-1.18353343838305,1.59878155279851,-27.0672101756419,36.5638645357231,1.59878155279851,2.64200934379718,0.782618485812224,2.73317561591211,-1.04435700392766,-27.6465383367611,1.19261087313541,0,0,-1,-2,-3,20,16,18.2542989889781
"shuffle","2026-06-04_shuffle_3","32UQU","32UQU_shuffle_25.0_16x16_local","2020",FALSE,6.66162416365437,-2.77080547417677,3.22340425034967,-29.3753102918866,34.1736368477258,3.22340425034967,5.71199061710209,0.816606068148951,6.21393960158223,-2.33680206553749,-27.3286476952429,2.77080547417729,0,-1,-1,-6,-6,25,16,30.6040958364805
"shuffle","2026-06-04_shuffle_3","55HEV","55HEV_shuffle_25.0_16x16_local","2020",FALSE,4.47361760707479,-1.27019352626232,1.90978716903093,-22.1141241725396,33.2494771275907,1.90978716903093,3.41863583579522,0.827892366231181,4.20913437299182,-1.39691329509961,-24.9179703385431,1.27019352626269,0,0,-1,-3,-4,25,16,14.4332050919533
"shuffle","2026-06-04_shuffle_3","34UFD","34UFD_shuffle_25.0_16x16_local","2020",FALSE,3.07724239362895,-1.29533029008312,1.78560563692018,-29.6239853235203,40.8364998384498,1.78560563692018,2.86836166873788,0.736755351092505,2.62309310067483,-1.15443951916494,-30.5606763817675,1.30878975437391,0,0,-1,-2,-3,25,16,17.3148411115011
"shuffle","2026-06-04_shuffle_3","32UQU","32UQU_shuffle_30.0_16x16_local","2020",FALSE,6.24751510683418,-3.18491453099696,3.69621599729604,-33.7655795302523,39.1862557073464,3.69621599729604,6.27945651834588,0.781121602967339,5.79372574513398,-2.75701592198574,-32.2430033477369,3.18491453099687,0,-1,-2,-7,-7,30,16,29.748936522007
"shuffle","2026-06-04_shuffle_3","55HEV","55HEV_shuffle_30.0_16x16_local","2020",FALSE,4.3327223271641,-1.41108880617301,2.15694569946696,-24.5671170833428,37.5525178212779,2.15694569946696,3.73866198981816,0.791393247416289,3.94468688777028,-1.66136078032115,-29.6351525831167,1.41108880617424,0,0,-1,-3,-5,30,16,14.9678457220395
"shuffle","2026-06-04_shuffle_3","34UFD","34UFD_shuffle_30.0_16x16_local","2020",FALSE,2.9767201097772,-1.39585257393487,1.9622758965813,-31.9229130057563,44.8769188878397,1.9622758965813,3.07538478501234,0.688647147797895,2.51742757795512,-1.26010504188465,-33.3578864485915,1.41332887907931,0,0,-2,-2,-3,30,16,19.2762568116188
"shuffle","2026-06-04_shuffle_3","32UQU","32UQU_shuffle_50.0_16x16_local","2020",FALSE,4.96856072771906,-4.46386891011208,5.24372799165559,-47.3246987415481,55.5925481874182,5.24372799165559,8.09824737980183,0.623779080744304,4.33906526824052,-4.2116763988792,-49.255100467769,4.46386891011209,0,-1,-2,-9,-12,50,16,28.954848921299
"shuffle","2026-06-04_shuffle_3","55HEV","55HEV_shuffle_50.0_16x16_local","2020",FALSE,3.92544838173359,-1.81836275160352,3.0348307953629,-31.6577740700723,52.8365352709584,3.0348307953629,4.79463372482253,0.61450957103478,3.09551736570283,-2.5105303023886,-44.7825357725384,1.8795926193501,0,1,-1,-3,-7,50,16,17.1566208163897
"shuffle","2026-06-04_shuffle_3","34UFD","34UFD_shuffle_50.0_16x16_local","2020",FALSE,2.68809125667283,-1.68448142703924,2.54093298987114,-38.5238062094192,58.110709041754,2.54093298987114,3.70253192943904,0.495849815995892,2.20471253329324,-1.57282008654653,-41.6361748482595,1.71243882846489,0,0,-2,-3,-4,50,16,17.7407186746597
"shuffle","2026-06-04_shuffle_3","32UQU","32UQU_shuffle_65.0_16x16_local","2020",FALSE,4.34402467502062,-5.08840496281051,6.12475631347917,-53.9458565627904,64.932965827959,6.12475631347917,9.08833730191653,0.478147962831749,3.53460573529279,-5.01613593182694,-58.6631677941523,5.08840496281286,0,-2,-2,-10,-15,65,16,30.2028995553652
"shuffle","2026-06-04_shuffle_3","55HEV","55HEV_shuffle_65.0_16x16_local","2020",FALSE,3.74911646307963,-1.99469467025748,3.5791375998938,-34.7277203924806,62.3129402553031,3.5791375998938,5.39502099844365,0.448653436481867,2.67569501828234,-2.9303526498091,-52.2712760094444,2.11298165758757,0,1,-1,-4,-8,65,16,15.7709761897723
"shuffle","2026-06-04_shuffle_3","34UFD","34UFD_shuffle_65.0_16x16_local","2020",FALSE,2.55521548646767,-1.8173571972444,2.89139864148334,-41.5626526693106,66.1257994007479,2.89139864148334,4.05589214435112,0.343937125714699,2.05138366850211,-1.72614895133766,-45.6951434984797,1.84915932176829,0,0,-2,-3,-5,65,16,17.6076905290286
"shuffle","2026-06-04_shuffle_3","32UQU","32UQU_shuffle_80.0_16x16_local","2020",FALSE,3.95314898694574,-5.4792806508854,6.85289833325686,-58.0898120767248,72.6525253448124,6.85289833325686,9.85227927177854,0.2935552252097,2.99009896869499,-5.56064269842473,-65.0311156026049,5.47928065088385,0,-2,-2,-10,-17,80,16,29.9092531998952
"shuffle","2026-06-04_shuffle_3","55HEV","55HEV_shuffle_80.0_16x16_local","2020",FALSE,3.65158636940493,-2.09222476393218,4.05581257541854,-36.4257235372677,70.6118721745321,4.05581257541854,5.88755483643897,0.258137814330323,2.42300219316702,-3.18304547492441,-56.7787800492977,2.25943703540641,0,1,-1,-4,-9,80,16,16.6830442229907
"shuffle","2026-06-04_shuffle_3","34UFD","34UFD_shuffle_80.0_16x16_local","2020",FALSE,2.47849724906613,-1.89407543464594,3.1940986574681,-43.3171858229233,73.0484977268918,3.1940986574681,4.34005517733442,0.193749213157526,1.96253340469315,-1.81499921514662,-48.0472148834443,1.92798023535747,0,0,-2,-3,-5,80,16,19.2329984227816
"shuffle","2026-06-04_shuffle_3","32UQU","32UQU_shuffle_100.0_16x16_local","2020",FALSE,3.76173036149619,-5.67069927633494,7.67898314744645,-60.1191791942044,81.4104471731011,7.67898314744645,10.6015286607299,0.00630965045807414,2.72290482026619,-5.82783684685353,-68.1559223016102,5.67069927633778,0,-2,-2,-10,-17,100,16,29.3215101957321
"shuffle","2026-06-04_shuffle_3","55HEV","55HEV_shuffle_100.0_16x16_local","2020",FALSE,3.61868774149951,-2.12512339183759,4.61110757777235,-36.9984900705277,80.2795821577325,4.61110757777235,6.4242829911208,0.00176453646280841,2.31804939748667,-3.28799827060476,-58.6509153198862,2.31841939321994,0,1,-1,-4,-9,100,16,17.380564614137
"shuffle","2026-06-04_shuffle_3","34UFD","34UFD_shuffle_100.0_16x16_local","2020",FALSE,2.44811884244876,-1.92445384126331,3.55314143231743,-44.0119348600412,81.2597454480964,3.55314143231743,4.65591207991764,-0.000158381269564511,1.92404259126185,-1.85349002857792,-49.0661554805194,1.96012849794136,0,0,-2,-3,-5,100,16,18.7103344678879
"shuffle","2026-06-04_shuffle_3","32UQU","32UQU_shuffle_2.5_32x32_local","2020",FALSE,9.09184914349335,-0.340580494337788,0.435348132103458,-3.61073983496048,4.61544001725053,0.435348132103458,1.8654969879024,0.976734470525617,8.31264782417873,-0.238093842940987,-2.78448177023676,0.340580494337857,0,0,0,-1,-1,2.5,32,30.4712452173233
"shuffle","2026-06-04_shuffle_3","55HEV","55HEV_shuffle_2.5_32x32_local","2020",FALSE,5.31800513583536,-0.425805997501751,0.689280464737256,-7.4133008139904,12.0004026723071,0.689280464737256,1.49140906349672,0.967640720250437,5.62943007353497,0.0233824054435354,0.417092519148984,0.441959084951378,0,0,-1,-1,0,2.5,32,13.844114224116
"shuffle","2026-06-04_shuffle_3","34UFD","34UFD_shuffle_2.5_32x32_local","2020",FALSE,3.71735549919915,-0.655217184512915,0.758146853993186,-14.9847065310913,17.338690716733,0.758146853993186,1.41509331065645,0.947717780484345,3.23351466695002,-0.544017952889752,-14.4014097994163,0.655217184513186,0,0,-1,-1,-1,2.5,32,16.5850130637487
"shuffle","2026-06-04_shuffle_3","32UQU","32UQU_shuffle_5.0_32x32_local","2020",FALSE,8.76630087217802,-0.666128765653118,0.831327396205805,-7.06211221530284,8.81350222716273,0.831327396205805,2.63740801792984,0.954489180509815,8.06902429925524,-0.481717367864478,-5.63363257384833,0.666128765652916,0,0,0,-1,-1,5,32,28.145183912913
"shuffle","2026-06-04_shuffle_3","55HEV","55HEV_shuffle_5.0_32x32_local","2020",FALSE,5.18655902165547,-0.557252111681638,0.843335682276881,-9.70178334115731,14.6825106658218,0.843335682276881,1.8635222773224,0.948764024862527,5.47445145964995,-0.131596208441478,-2.34739724370342,0.56025349465974,0,0,-1,-1,0,5,32,14.2607127785683
"shuffle","2026-06-04_shuffle_3","34UFD","34UFD_shuffle_5.0_32x32_local","2020",FALSE,3.63645833556834,-0.73611434814373,0.88156927273644,-16.8348110229424,20.1613406226569,0.88156927273644,1.64970577027111,0.924341025015833,3.17223008588247,-0.605302533957297,-16.0237539916458,0.736114348144138,0,0,-1,-1,-1,5,32,17.1009568611781
"shuffle","2026-06-04_shuffle_3","32UQU","32UQU_shuffle_10.0_32x32_local","2020",FALSE,8.17398111179462,-1.25844852603652,1.53582402930065,-13.3417218506374,16.2823799198124,1.53582402930065,3.7269742047731,0.912239367872185,7.60926641167059,-0.94147525544913,-11.0104513982617,1.25844852603606,0,-1,-1,-3,-2,10,32,30.7319505254428
"shuffle","2026-06-04_shuffle_3","55HEV","55HEV_shuffle_10.0_32x32_local","2020",FALSE,4.94496674101055,-0.79884439232656,1.14055607381727,-13.9079153854845,19.8571305243217,1.14055607381727,2.44096998585318,0.911509859156942,5.17463455467073,-0.4314131134207,-7.69549491839361,0.798844392326911,0,0,-1,-2,-1,10,32,16.1889463702838
"shuffle","2026-06-04_shuffle_3","34UFD","34UFD_shuffle_10.0_32x32_local","2020",FALSE,3.47781284296156,-0.894759840750511,1.12136847125908,-20.4630066890257,25.6455078593938,1.12136847125908,2.04537238814366,0.876159980460697,3.04998056282958,-0.727552057010189,-19.2599807924636,0.89475984075067,0,0,-1,-2,-2,10,32,18.3003098686536
"shuffle","2026-06-04_shuffle_3","32UQU","32UQU_shuffle_15.0_32x32_local","2020",FALSE,7.62553997715004,-1.8068896606811,2.16224213433198,-19.1561424792835,22.9234907373151,2.16224213433198,4.56971042067854,0.871927053506114,7.15807584229373,-1.39266582482599,-16.2870763618228,1.8068896606817,0,-1,-1,-4,-3,15,32,30.098913693428
"shuffle","2026-06-04_shuffle_3","55HEV","55HEV_shuffle_15.0_32x32_local","2020",FALSE,4.72366951149149,-1.02014162184562,1.42370894121167,-17.7607097128371,24.7868341796348,1.42370894121167,2.90298485885603,0.874625601612622,4.89048290151888,-0.715564766572552,-12.7641577264034,1.020141621846,0,0,-1,-2,-2,15,32,16.3225036819776
"shuffle","2026-06-04_shuffle_3","34UFD","34UFD_shuffle_15.0_32x32_local","2020",FALSE,3.33903559444793,-1.03353708926414,1.33942094846739,-23.6368189627606,30.6323312464712,1.33942094846739,2.3568953538527,0.829640163277963,2.93672423208092,-0.840808387758855,-22.2581370533478,1.0335370892639,0,0,-1,-2,-2,15,32,17.9594646453857
"shuffle","2026-06-04_shuffle_3","32UQU","32UQU_shuffle_20.0_32x32_local","2020",FALSE,7.11628065925915,-2.31614897857199,2.74004594628467,-24.5551683659795,29.0492063179038,2.74004594628467,5.31091869581015,0.830521986361261,6.70339296047867,-1.84734870664105,-21.6045435420495,2.31614897857289,0,-1,-1,-5,-5,20,32,29.4440809170405
"shuffle","2026-06-04_shuffle_3","55HEV","55HEV_shuffle_20.0_32x32_local","2020",FALSE,4.52470027942,-1.21911085391711,1.69681387081604,-21.2247726399182,29.5416028038896,1.69681387081604,3.298794618212,0.837396436109166,4.61556995654707,-0.990477711544358,-17.6680215757346,1.21911090406803,0,0,-1,-3,-3,20,32,15.3503046353658
"shuffle","2026-06-04_shuffle_3","34UFD","34UFD_shuffle_20.0_32x32_local","2020",FALSE,3.20862783997648,-1.16394484373558,1.54165715671928,-26.6192223189635,35.2574392293578,1.54165715671928,2.62485331250623,0.783148613380011,2.82689940321271,-0.950633216627063,-25.1654535459018,1.16394484373603,0,0,-1,-2,-2,20,32,18.0378909826279
"shuffle","2026-06-04_shuffle_3","32UQU","32UQU_shuffle_25.0_32x32_local","2020",FALSE,6.67647274375348,-2.75595689407766,3.2421089079612,-29.2178897685513,34.3719384341645,3.2421089079612,5.91635689740885,0.792690132618951,6.2930297315781,-2.25771193554163,-26.4036971696062,2.7559568940775,0,-1,-1,-6,-6,25,32,29.5225719650586
"shuffle","2026-06-04_shuffle_3","55HEV","55HEV_shuffle_25.0_32x32_local","2020",FALSE,4.34161478934555,-1.40219634399156,1.95664332275329,-24.4122989325537,34.0652447883763,1.95664332275329,3.65283940724018,0.799084451171887,4.34904424896666,-1.25700341912477,-22.4222748992913,1.40219634399199,0,0,-1,-3,-3,25,32,14.9640177408854
"shuffle","2026-06-04_shuffle_3","34UFD","34UFD_shuffle_25.0_32x32_local","2020",FALSE,3.08866965983041,-1.28390302388166,1.73275768314348,-29.3626456722886,39.6278760464759,1.73275768314348,2.85808770727402,0.737123092653386,2.72140082861923,-1.05613179122054,-27.9582441108168,1.28390302388101,0,0,-2,-2,-3,25,32,17.5023237784704
"shuffle","2026-06-04_shuffle_3","32UQU","32UQU_shuffle_30.0_32x32_local","2020",FALSE,6.27644331797892,-3.15598631985222,3.70236525407032,-33.4588906679392,39.2514484202569,3.70236525407032,6.45270828596227,0.755733263489592,5.895962875096,-2.65477879202373,-31.0473511582297,3.1559863198542,0,-1,-1,-7,-7,30,32,29.1221300363541
"shuffle","2026-06-04_shuffle_3","55HEV","55HEV_shuffle_30.0_32x32_local","2020",FALSE,4.17559237213745,-1.56821876119965,2.2035981473172,-27.3027563893545,38.3647389540284,2.2035981473172,3.96718196812706,0.760423628408341,4.10684611469087,-1.49920155340056,-26.7425759137535,1.56821876120059,0,0,-1,-3,-4,30,32,17.9695685227712
"shuffle","2026-06-04_shuffle_3","34UFD","34UFD_shuffle_30.0_32x32_local","2020",FALSE,2.98592780622343,-1.38664487748863,1.90380053201618,-31.7123345405765,43.5395971599942,1.90380053201618,3.05817954625157,0.692350944194012,2.62673680136911,-1.15079581847066,-30.4642192214735,1.38664487748804,0,0,-2,-2,-3,30,32,19.0263490557671
"shuffle","2026-06-04_shuffle_3","32UQU","32UQU_shuffle_50.0_32x32_local","2020",FALSE,5.02458927618754,-4.4078403616436,5.2210156380137,-46.7306996276425,55.3517581204476,5.2210156380137,8.18076749090463,0.59571854792442,4.52123029281898,-4.02951137430074,-47.124700185897,4.40784036164317,0,-1,-2,-9,-12,50,32,32.1048553188642
"shuffle","2026-06-04_shuffle_3","55HEV","55HEV_shuffle_50.0_32x32_local","2020",FALSE,3.66883813621339,-2.07497299712372,3.08129169065183,-36.1253695317481,53.6454214653403,3.08129169065183,5.00863115874923,0.582049581259505,3.24697153779317,-2.35907613029826,-42.0809145759798,2.07497299712503,0,0,-1,-4,-7,50,32,14.2840654333433
"shuffle","2026-06-04_shuffle_3","34UFD","34UFD_shuffle_50.0_32x32_local","2020",FALSE,2.6655197765111,-1.70705290720097,2.49223725959836,-39.040012154853,56.9970459011923,2.49223725959836,3.69942069207144,0.50626572353692,2.31160936285496,-1.46592325698481,-38.8063692497509,1.70705290720122,0,0,-2,-3,-4,50,32,19.221030429999
"shuffle","2026-06-04_shuffle_3","32UQU","32UQU_shuffle_65.0_32x32_local","2020",FALSE,4.40312611311193,-5.02930352471921,6.10295119688231,-53.319279526326,64.7017940362352,6.10295119688231,9.1271697390409,0.454829150597976,3.74264647310564,-4.80809519401408,-56.23015384154,5.02930352472181,0,-2,-2,-10,-14,65,32,31.3176816741625
"shuffle","2026-06-04_shuffle_3","55HEV","55HEV_shuffle_65.0_32x32_local","2020",FALSE,3.44694062174014,-2.29687051159696,3.61892967931366,-39.9886148460891,63.0057220772699,3.61892967931366,5.57234787873522,0.43019885810718,2.8167427204038,-2.78930494768764,-49.7552841650604,2.2968705115963,0,0,-1,-4,-8,65,32,14.9061189492544
"shuffle","2026-06-04_shuffle_3","34UFD","34UFD_shuffle_65.0_32x32_local","2020",FALSE,2.50850916790218,-1.86406351580989,2.85791605561623,-42.6308182995692,65.3600583075961,2.85791605561623,4.05659770918855,0.363093344300277,2.14151759557549,-1.63601502426429,-43.3090905865872,1.86406351581125,0,0,-2,-3,-4,65,32,17.494095269839
"shuffle","2026-06-04_shuffle_3","32UQU","32UQU_shuffle_80.0_32x32_local","2020",FALSE,4.01046432481238,-5.42196531301875,6.84808058067046,-57.4821707789114,72.6014488695946,6.84808058067046,9.87167597280284,0.280267164116433,3.22127733842866,-5.32946432869106,-62.3275095444003,5.42196531301994,0,-2,-2,-10,-16,80,32,29.8611197034518
"shuffle","2026-06-04_shuffle_3","55HEV","55HEV_shuffle_80.0_32x32_local","2020",FALSE,3.30684386617346,-2.43696726716365,4.09575798381622,-42.4277054135621,71.3073234606274,4.09575798381622,6.04715096469705,0.254131494387207,2.53424483666576,-3.07180283142568,-54.7944472343644,2.43696726716611,0,0,-1,-4,-9,80,32,15.448167626063
"shuffle","2026-06-04_shuffle_3","34UFD","34UFD_shuffle_80.0_32x32_local","2020",FALSE,2.41057022605558,-1.96200245765648,3.18274838999161,-44.8706653857348,72.7889190235172,3.18274838999161,4.36138348279167,0.209981841786988,2.03081050331998,-1.74672211651979,-46.2397626256336,1.96200245765542,0,0,-2,-3,-5,80,32,19.6827716271083
"shuffle","2026-06-04_shuffle_3","32UQU","32UQU_shuffle_100.0_32x32_local","2020",FALSE,3.82622472848806,-5.60620490934308,7.72723460107072,-59.4354278229437,81.9219956868662,7.72723460107072,10.6306767918467,0.00563611221776207,2.95832966738772,-5.592411999732,-65.4026541491315,5.60620490934431,0,-2,-2,-10,-17,100,32,33.7111867626508
"shuffle","2026-06-04_shuffle_3","55HEV","55HEV_shuffle_100.0_32x32_local","2020",FALSE,3.25442402037189,-2.48938711296522,4.67456670876666,-43.3403371938329,81.3844083701752,4.67456670876666,6.58189465943217,0.00417152152872367,2.41023845792309,-3.19580921016834,-57.0064580142314,2.48938711296586,0,0,-1,-4,-9,100,32,16.3944332639376
"shuffle","2026-06-04_shuffle_3","34UFD","34UFD_shuffle_100.0_32x32_local","2020",FALSE,2.37058104258704,-2.00199164112503,3.58691068275298,-45.7852112689285,82.0320425115929,3.58691068275298,4.7097907949979,0.00133591807134908,1.98100996737318,-1.7965226524666,-47.5580976595987,2.00199164112449,0,0,-2,-3,-5,100,32,20.082974867026
"shuffle","2026-06-04_shuffle_3","32UQU","32UQU_shuffle_2.5_64x64_local","2020",FALSE,9.09708399190113,-0.335345645930008,0.426944372760065,-3.5552414256558,4.52634569409028,0.426944372760065,1.92190016586464,0.975205281285018,8.31745891354172,-0.233282753578003,-2.72821659991259,0.335345645930077,0,0,0,-1,-1,2.5,64,31.1537021795909
"shuffle","2026-06-04_shuffle_3","55HEV","55HEV_shuffle_2.5_64x64_local","2020",FALSE,5.31664361396468,-0.427167519372432,0.693435994316898,-7.43700496858523,12.0727506218335,0.693435994316898,1.51521375657748,0.966675349549605,5.65088145398823,0.0448337858968006,0.799739648165786,0.448045820756876,0,0,-1,-1,0,2.5,64,14.2915967901548
"shuffle","2026-06-04_shuffle_3","34UFD","34UFD_shuffle_2.5_64x64_local","2020",FALSE,3.72253391698708,-0.650038766724991,0.751357036525171,-14.8662769894346,17.183408736097,0.751357036525171,1.41191921008967,0.947573941265009,3.24189410775214,-0.535638512087636,-14.1795866771458,0.650039018163375,0,0,-1,-1,-1,2.5,64,19.1465432683627
"shuffle","2026-06-04_shuffle_3","32UQU","32UQU_shuffle_5.0_64x64_local","2020",FALSE,8.76981380758104,-0.662615830250099,0.827087518911008,-7.02486904956609,8.76855222533296,0.827087518911008,2.72748023629847,0.950944372615833,8.08014478902365,-0.470596878096073,-5.50357964743181,0.662615830250372,0,0,0,-2,-1,5,64,31.8314111153285
"shuffle","2026-06-04_shuffle_3","55HEV","55HEV_shuffle_5.0_64x64_local","2020",FALSE,5.17087250766543,-0.572938625671682,0.858413811891707,-9.97488622747959,14.9450215538855,0.858413811891707,1.94706764355158,0.943983776000816,5.49325997208153,-0.112787696009899,-2.01189327468378,0.577852174131728,0,0,-1,-1,0,5,64,14.8144462823868
"shuffle","2026-06-04_shuffle_3","34UFD","34UFD_shuffle_5.0_64x64_local","2020",FALSE,3.64443648298321,-0.728136200728862,0.868783545193952,-16.6523521367909,19.8689331896115,0.868783545193952,1.64150552867485,0.924558962189133,3.18837677679003,-0.58915584304974,-15.5963138466487,0.728136200728883,0,0,-1,-1,-1,5,64,17.0602692087491
"shuffle","2026-06-04_shuffle_3","32UQU","32UQU_shuffle_10.0_64x64_local","2020",FALSE,8.17390172552548,-1.25852791230566,1.54660629711576,-13.3425634818203,16.3966905293701,1.54660629711576,3.85402517949463,0.904809009406882,7.62577142740535,-0.924970239714376,-10.8174270223971,1.25852791230611,0,-1,-1,-3,-2,10,64,30.7512130975723
"shuffle","2026-06-04_shuffle_3","55HEV","55HEV_shuffle_10.0_64x64_local","2020",FALSE,4.91468061521263,-0.829130518124478,1.16500653750327,-14.4351981441764,20.2828141535081,1.16500653750327,2.55351535849529,0.902883787297102,5.22005229040304,-0.385995377688396,-6.88533884371711,0.829247721511484,0,0,-1,-2,-1,10,64,16.590430589517
"shuffle","2026-06-04_shuffle_3","34UFD","34UFD_shuffle_10.0_64x64_local","2020",FALSE,3.49086426513563,-0.881708418576434,1.10037182329762,-20.1645228645556,25.1653180608417,1.10037182329762,2.03484521821795,0.876427059845414,3.07754140891479,-0.699991210924986,-18.5303816371724,0.881708418576891,0,0,-1,-2,-2,10,64,16.7951706250509
"shuffle","2026-06-04_shuffle_3","32UQU","32UQU_shuffle_15.0_64x64_local","2020",FALSE,7.64093412266659,-1.79149551516455,2.17027583964669,-18.9929380228749,23.0086618504129,2.17027583964669,4.69812666419874,0.861659680750566,7.18709696916422,-1.3636446979555,-15.9476774184295,1.79149551516453,0,-1,-1,-4,-3,15,64,29.410882127285
"shuffle","2026-06-04_shuffle_3","55HEV","55HEV_shuffle_15.0_64x64_local","2020",FALSE,4.68263350643888,-1.06117762689822,1.45856304017193,-18.4751483338152,25.3936455484482,1.45856304017193,3.0424421880279,0.861201458197963,4.93543647722807,-0.67061119086336,-11.9622812820582,1.06117762689777,0,0,-1,-2,-2,15,64,16.2004529635112
"shuffle","2026-06-04_shuffle_3","34UFD","34UFD_shuffle_15.0_64x64_local","2020",FALSE,3.3544215690166,-1.01815111469546,1.30953358368074,-23.2849443186639,29.9488122532253,1.30953358368074,2.34365505997062,0.830382835393426,2.97605641226467,-0.801476207575103,-21.2169235380183,1.01815111469594,0,0,-1,-2,-2,15,64,20.0685904582342
"shuffle","2026-06-04_shuffle_3","32UQU","32UQU_shuffle_20.0_64x64_local","2020",FALSE,7.13992871896773,-2.29250091886341,2.74338151907724,-24.3044582030992,29.0845691344912,2.74338151907724,5.41375798092379,0.819680430114409,6.75913685457518,-1.79160481254454,-20.9526247229971,2.29250091886436,0,-1,-1,-6,-4,20,64,28.6792066375415
"shuffle","2026-06-04_shuffle_3","55HEV","55HEV_shuffle_20.0_64x64_local","2020",FALSE,4.47684998654401,-1.2669611467931,1.72463798158215,-22.0578483063213,30.0260217745034,1.72463798158215,3.41465158131182,0.824779670012413,4.70112921828069,-0.904918449810746,-16.1418258171683,1.26698341393278,0,0,-1,-3,-2,20,64,14.1565822442373
"shuffle","2026-06-04_shuffle_3","34UFD","34UFD_shuffle_20.0_64x64_local","2020",FALSE,3.23248836780337,-1.1400843159087,1.50498275704617,-26.073536070779,34.4187018926469,1.50498275704617,2.60226622375866,0.785472871405977,2.88828160193513,-0.889251017904644,-23.5405251892269,1.14008431590817,0,0,-1,-2,-2,20,64,20.3424756844838
"shuffle","2026-06-04_shuffle_3","32UQU","32UQU_shuffle_25.0_64x64_local","2020",FALSE,6.70568084404914,-2.726748793782,3.24415237125584,-28.9082335991745,34.3936026646236,3.24415237125584,6.02204886733885,0.779095511986646,6.35378222757551,-2.19695943954421,-25.6932032924373,2.72674879378371,0,-1,-1,-6,-6,25,64,30.1570936918259
"shuffle","2026-06-04_shuffle_3","55HEV","55HEV_shuffle_25.0_64x64_local","2020",FALSE,4.27623561077044,-1.46757552256666,1.98034498702383,-25.5505532563362,34.4778917873866,1.98034498702383,3.76050457749225,0.786502872401209,4.43465529121368,-1.17139237687776,-20.8951554861922,1.46757552256709,0,0,-1,-3,-3,25,64,17.266314570109
"shuffle","2026-06-04_shuffle_3","34UFD","34UFD_shuffle_25.0_64x64_local","2020",FALSE,3.11010773250581,-1.26246495120626,1.69021015899738,-28.8723605649591,38.6548213433581,1.69021015899738,2.83744211320652,0.739925136599558,2.78853768037607,-0.988994939463707,-26.1809768172341,1.26246495120589,0,0,-2,-2,-2,25,64,19.9040348291397
"shuffle","2026-06-04_shuffle_3","32UQU","32UQU_shuffle_30.0_64x64_local","2020",FALSE,6.29751724525476,-3.13491239257637,3.7142580905482,-33.2354707423739,39.3775329704155,3.7142580905482,6.57149773285798,0.738623834493822,5.954089508745,-2.59665215837472,-30.3675664575351,3.13491239257701,0,-1,-1,-7,-7,30,64,30.8390302181244
"shuffle","2026-06-04_shuffle_3","55HEV","55HEV_shuffle_30.0_64x64_local","2020",FALSE,4.09892127162983,-1.64488986170728,2.23555720058967,-28.6376035618638,38.9211474523332,2.23555720058967,4.09575586319809,0.743207466484874,4.20026078637057,-1.40578688172086,-25.0762563030338,1.64488996201072,0,0,-1,-3,-4,30,64,17.8398848136266
"shuffle","2026-06-04_shuffle_3","34UFD","34UFD_shuffle_30.0_64x64_local","2020",FALSE,3.01194895833557,-1.3606237253765,1.85629082684109,-31.1172351792997,42.4530582134361,1.85629082684109,3.03402417402211,0.696392550755236,2.69809395947582,-1.07943866036395,-28.5752306861546,1.36062372537605,0,0,-2,-2,-3,30,64,18.472436161836
"shuffle","2026-06-04_shuffle_3","32UQU","32UQU_shuffle_50.0_64x64_local","2020",FALSE,5.09371437047009,-4.33871526736105,5.1909618062166,-45.9978545714197,55.0331357405195,5.1909618062166,8.20915182657388,0.580391788543457,4.68041752513133,-3.87032414198839,-45.2630227021241,4.33871526735798,0,-2,-2,-9,-11,50,64,30.2825993577639
"shuffle","2026-06-04_shuffle_3","55HEV","55HEV_shuffle_50.0_64x64_local","2020",FALSE,3.54931270645113,-2.19449842688598,3.10202925937164,-38.2063124281559,54.006463432745,3.10202925937164,5.11348086744798,0.567794886194335,3.37314922215131,-2.23289844594013,-39.830172309261,2.19449842688684,0,0,-1,-4,-7,50,64,15.8620840509733
"shuffle","2026-06-04_shuffle_3","34UFD","34UFD_shuffle_50.0_64x64_local","2020",FALSE,2.6707938245866,-1.70177885912547,2.45484896851378,-38.9193955646441,56.1419819882732,2.45484896851378,3.68944641150695,0.513173376665918,2.39031039665419,-1.38722222318558,-36.7229713887797,1.70177885912533,0,0,-2,-3,-4,50,64,16.9244635780652
"shuffle","2026-06-04_shuffle_3","32UQU","32UQU_shuffle_65.0_64x64_local","2020",FALSE,4.50545632026814,-4.926973317563,6.04442591261943,-52.2344030831901,64.0813252226842,6.04442591261943,9.10135942651739,0.446586614059168,3.98161281553933,-4.56912885158039,-53.4354682839984,4.92697331756482,0,-2,-2,-10,-14,65,64,29.7509911735853
"shuffle","2026-06-04_shuffle_3","55HEV","55HEV_shuffle_65.0_64x64_local","2020",FALSE,3.28037072880605,-2.46344040453106,3.64960074911202,-42.8886038789339,63.5397067276416,3.64960074911202,5.68234975046836,0.419509443661229,2.92074137434816,-2.68530629374327,-47.900168759312,2.46344040453171,0,0,-1,-4,-8,65,64,17.4995501995087
"shuffle","2026-06-04_shuffle_3","34UFD","34UFD_shuffle_65.0_64x64_local","2020",FALSE,2.50167829897504,-1.87089438473702,2.83022625137051,-42.7870391201534,64.7267971533821,2.83022625137051,4.05532792485251,0.372315675376332,2.2149792901801,-1.56255332965967,-41.364390116794,1.87089438473639,0,0,-2,-3,-4,65,64,18.0576160550117
"shuffle","2026-06-04_shuffle_3","32UQU","32UQU_shuffle_80.0_64x64_local","2020",FALSE,4.1198722369824,-5.31255740084874,6.7851320357065,-56.3222584724236,71.9340858742589,6.7851320357065,9.82166719354266,0.286281419536696,3.50574768091488,-5.04499398620485,-59.0006596223627,5.31255740085084,0,-2,-2,-10,-16,80,64,30.2460923353831
"shuffle","2026-06-04_shuffle_3","55HEV","55HEV_shuffle_80.0_64x64_local","2020",FALSE,3.12840153428946,-2.61540959904765,4.10292480959736,-45.5343941214884,71.4320982071289,4.10292480959736,6.12625312329841,0.260647654975263,2.64355443244751,-2.96249323564393,-52.8445958907178,2.61540959904653,0,0,-1,-5,-9,80,64,17.8321899970373
"shuffle","2026-06-04_shuffle_3","34UFD","34UFD_shuffle_80.0_64x64_local","2020",FALSE,2.40313629962784,-1.96943638408422,3.15776636446267,-45.0406780296739,72.2175843119868,3.15776636446267,4.3557478151934,0.227576605969142,2.10993928334845,-1.66759333649132,-44.145041335528,1.96943638408538,0,0,-2,-3,-5,80,64,19.3911638776461
"shuffle","2026-06-04_shuffle_3","32UQU","32UQU_shuffle_100.0_64x64_local","2020",FALSE,3.92359790890148,-5.50883172892965,7.69291164440599,-58.4031044009604,81.5581132304621,7.69291164440599,10.5947971529075,0.0318773820117418,3.24942167988186,-5.30131998723787,-61.998364511737,5.50883172892979,0,-2,-2,-10,-16,100,64,31.6600162784259
"shuffle","2026-06-04_shuffle_3","55HEV","55HEV_shuffle_100.0_64x64_local","2020",FALSE,3.06217564441238,-2.68163548892473,4.68917803088297,-46.6873897256214,81.6387921195207,4.68917803088297,6.65573299174018,0.0224356411499926,2.51233389122081,-3.09371377687063,-55.1852920280979,2.68163548892362,0,0,-1,-5,-9,100,64,16.021778245767
"shuffle","2026-06-04_shuffle_3","34UFD","34UFD_shuffle_100.0_64x64_local","2020",FALSE,2.34743649310778,-2.02513619060429,3.60688872147955,-46.3145232130266,82.4889368886945,3.60688872147955,4.74692113083834,0.0015410423690287,2.04600882439943,-1.73152379544034,-45.8374280170686,2.02513619060383,0,0,-2,-3,-5,100,64,18.5802059292793
