"mode","run","tile","out_name","year","original","mean_height","mean_change","mean_abs_change","relative_mean_change","relative_mean_abs_change","mae","rmse","correlation","SD","sd_change","relative_sd_change","shift_distance","time_min","location","shift_direction","lon","lat","lat_new","eq_dist_km","abs_lat"
"geographical","2026-06-16_geographical_1","55HEV","55HEV_original",2020,TRUE,5.45366105450677,0,0,0,0,0,0,1,5.78695173789122,0,0,0,11.2860427061717,"Australia","N",147.613916,-36.636058,-36.636058,4078.32597656,36.636058
"geographical","2026-06-16_geographical_1","55HEV","55HEV_original",2020,TRUE,5.45366105450677,0,0,0,0,0,0,1,5.78695173789122,0,0,0,11.2860427061717,"Australia","S",147.613916,-36.636058,-36.636058,4078.32597656,36.636058
"geographical","2026-06-16_geographical_1","49UCP","49UCP_original",2020,TRUE,2.4560742805924,0,0,0,0,0,0,1,3.82757996727561,0,0,0,8.99325678348541,"Mongolia","N",109.045451,48.239885,48.239885,5370.0639982,48.239885
"geographical","2026-06-16_geographical_1","49UCP","49UCP_original",2020,TRUE,2.4560742805924,0,0,0,0,0,0,1,3.82757996727561,0,0,0,8.99325678348541,"Mongolia","S",109.045451,48.239885,48.239885,5370.0639982,48.239885
"geographical","2026-06-16_geographical_1","49NHC","49NHC_original",2020,TRUE,40.1037015821913,0,0,0,0,0,0,1,6.46511024994368,0,0,0,6.78527238766352,"Malaysia","N",114.189928,2.213706,2.213706,246.42975192,2.213706
"geographical","2026-06-16_geographical_1","49NHC","49NHC_original",2020,TRUE,40.1037015821913,0,0,0,0,0,0,1,6.46511024994368,0,0,0,6.78527238766352,"Malaysia","S",114.189928,2.213706,2.213706,246.42975192,2.213706
"geographical","2026-06-16_geographical_1","35VML","35VML_original",2020,TRUE,2.67966823635012,0,0,0,0,0,0,1,1.84453853359372,0,0,0,8.91937926610311,"Finland","N",26.091998,63.527175,63.527175,7071.845121,63.527175
"geographical","2026-06-16_geographical_1","35VML","35VML_original",2020,TRUE,2.67966823635012,0,0,0,0,0,0,1,1.84453853359372,0,0,0,8.91937926610311,"Finland","S",26.091998,63.527175,63.527175,7071.845121,63.527175
"geographical","2026-06-16_geographical_1","34UFD","34UFD_original",2020,TRUE,3.80623993692356,0,0,0,0,0,0,1,3.29873258176482,0,0,0,13.3311699231466,"Poland","N",23.2945,52.730829,52.730829,5869.99588428,52.730829
"geographical","2026-06-16_geographical_1","34UFD","34UFD_original",2020,TRUE,3.80623993692356,0,0,0,0,0,0,1,3.29873258176482,0,0,0,13.3311699231466,"Poland","S",23.2945,52.730829,52.730829,5869.99588428,52.730829
"geographical","2026-06-16_geographical_1","33NTG","33NTG_original",2020,TRUE,22.2799924246849,0,0,0,0,0,0,1,15.7313218067174,0,0,0,8.88028408288956,"Cameroon","N",12.786326,5.831657,5.831657,649.18005724,5.831657
"geographical","2026-06-16_geographical_1","33NTG","33NTG_original",2020,TRUE,22.2799924246849,0,0,0,0,0,0,1,15.7313218067174,0,0,0,8.88028408288956,"Cameroon","S",12.786326,5.831657,5.831657,649.18005724,5.831657
"geographical","2026-06-16_geographical_1","32UQU","32UQU_original",2020,TRUE,9.43242963783114,0,0,0,0,0,0,1,8.55074166711972,0,0,0,21.5947408636411,"Germany","N",12.430884,48.205131,48.205131,5366.19518292,48.205131
"geographical","2026-06-16_geographical_1","32UQU","32UQU_original",2020,TRUE,9.43242963783114,0,0,0,0,0,0,1,8.55074166711972,0,0,0,21.5947408636411,"Germany","S",12.430884,48.205131,48.205131,5366.19518292,48.205131
"geographical","2026-06-16_geographical_1","32TMT","32TMT_original",2020,TRUE,15.9918825074558,0,0,0,0,0,0,1,9.76509679218125,0,0,0,21.8467636704445,"Switzerland","N",8.402194,47.355772,47.355772,5271.64453904,47.355772
"geographical","2026-06-16_geographical_1","32TMT","32TMT_original",2020,TRUE,15.9918825074558,0,0,0,0,0,0,1,9.76509679218125,0,0,0,21.8467636704445,"Switzerland","S",8.402194,47.355772,47.355772,5271.64453904,47.355772
"geographical","2026-06-16_geographical_1","20MMD","20MMD_original",2020,TRUE,31.1457616164047,0,0,0,0,0,0,1,5.18768663824733,0,0,0,4.71414289474487,"Brazil","N",-63.405779,-1.400945,-1.400945,155.9531974,1.400945
"geographical","2026-06-16_geographical_1","20MMD","20MMD_original",2020,TRUE,31.1457616164047,0,0,0,0,0,0,1,5.18768663824733,0,0,0,4.71414289474487,"Brazil","S",-63.405779,-1.400945,-1.400945,155.9531974,1.400945
"geographical","2026-06-16_geographical_1","17SNB","17SNB_original",2020,TRUE,14.7435625246118,0,0,0,0,0,0,1,5.06927685142209,0,0,0,4.5524756749471,"USA West","N",-80.379497,37.449419,37.449419,4168.86932308,37.449419
"geographical","2026-06-16_geographical_1","17SNB","17SNB_original",2020,TRUE,14.7435625246118,0,0,0,0,0,0,1,5.06927685142209,0,0,0,4.5524756749471,"USA West","S",-80.379497,37.449419,37.449419,4168.86932308,37.449419
"geographical","2026-06-16_geographical_1","10TES","10TES_original",2020,TRUE,21.6535428058439,0,0,0,0,0,0,1,8.32633410923009,0,0,0,26.3680521527926,"USA East","N",-122.285282,46.455086,46.455086,5171.38017352,46.455086
"geographical","2026-06-16_geographical_1","10TES","10TES_original",2020,TRUE,21.6535428058439,0,0,0,0,0,0,1,8.32633410923009,0,0,0,26.3680521527926,"USA East","S",-122.285282,46.455086,46.455086,5171.38017352,46.455086
"geographical","2026-06-16_geographical_1","10TES","10TES_geographical_100_N",2020,FALSE,21.1914043139493,-0.462138491894542,0.46315480029522,-2.13423963015336,2.13893312723969,0.46315480029522,0.681207311195563,0.998287707170815,8.19694420620946,-0.12938990302063,-1.55398403815187,100,26.2364444772402,"USA East","N",-122.285282,46.455086,47.353397174991,5271.38017352,47.353397174991
"geographical","2026-06-16_geographical_1","17SNB","17SNB_geographical_100_N",2020,FALSE,14.5739371418315,-0.169625382780273,0.224833157475814,-1.15050472026088,1.52495814427818,0.224833157475814,0.474346389337013,0.996328711538243,4.96183071489708,-0.107446136525018,-2.11955550415196,100,4.65099510351817,"USA West","N",-80.379497,37.449419,38.347730174991,4268.86932308,38.347730174991
"geographical","2026-06-16_geographical_1","20MMD","20MMD_geographical_100_N",2020,FALSE,31.381249709343,0.235488092938237,0.244176600122113,0.756083912278463,0.783980186869161,0.244176600122113,0.494201247680058,0.996528489122047,5.21714663473737,0.0294599964900373,0.567883115237476,100,4.60125004053116,"Brazil","N",-63.405779,-1.400945,-0.502633825008983,55.9531974,0.502633825008983
"geographical","2026-06-16_geographical_1","32TMT","32TMT_geographical_100_N",2020,FALSE,15.9547700074758,-0.0371124999799903,0.209191190006832,-0.232070864469444,1.30810859765448,0.209191190006832,0.457384617290491,0.999070436722797,9.93101895676899,0.165922164587748,1.69913486900201,100,21.8466748197873,"Switzerland","N",8.402194,47.355772,48.254083174991,5371.64453904,48.254083174991
"geographical","2026-06-16_geographical_1","32UQU","32UQU_geographical_100_N",2020,FALSE,9.07733467430989,-0.355094963521244,0.360319353391442,-3.76461820713771,3.82000573793087,0.360319353391442,0.62592084509469,0.999042731344056,8.18791603107148,-0.362825636048242,-4.24320661497026,100,21.8801470756531,"Germany","N",12.430884,48.205131,49.103442174991,5466.19518292,49.103442174991
"geographical","2026-06-16_geographical_1","33NTG","33NTG_geographical_100_N",2020,FALSE,22.5063626188346,0.226370194149613,0.228824347068036,1.01602455617897,1.02703960892963,0.228824347068036,0.478361041643824,0.999662416182921,15.8286136173652,0.0972918106477891,0.61845922321826,100,9.04984796047211,"Cameroon","N",12.786326,5.831657,6.72996817499102,749.18005724,6.72996817499102
"geographical","2026-06-16_geographical_1","34UFD","34UFD_geographical_100_N",2020,FALSE,3.50901262173281,-0.297227315190756,0.301473998716482,-7.80894846663274,7.92052008576612,0.301473998716482,0.561163921949628,0.992704306634464,3.01320494928097,-0.28552763248385,-8.65567685183784,100,13.285873289903,"Poland","N",23.2945,52.730829,53.629140174991,5969.99588428,53.629140174991
"geographical","2026-06-16_geographical_1","35VML","35VML_geographical_100_N",2020,FALSE,2.61188399397691,-0.0677842423732011,0.103219500191759,-2.52957591741012,3.85195073000347,0.103219500191759,0.321282723681561,0.986261491181938,1.74314214627941,-0.101396387314308,-5.49711407312037,100,8.98837036291758,"Finland","N",26.091998,63.527175,64.425486174991,7171.845121,64.425486174991
"geographical","2026-06-16_geographical_1","49NHC","49NHC_geographical_100_N",2020,FALSE,40.3340247135637,0.230323131372366,0.232381659689342,0.574318884007067,0.579451897259616,0.232381659689342,0.482070071392333,0.997879489765799,6.49900411886436,0.033893868920674,0.52425817364784,100,6.63717213074366,"Malaysia","N",114.189928,2.213706,3.11201717499102,346.42975192,3.11201717499102
"geographical","2026-06-16_geographical_1","49UCP","49UCP_geographical_100_N",2020,FALSE,2.40447960039299,-0.0515946801994147,0.0635234682668666,-2.10069705982061,2.58638221037618,0.0635234682668666,0.252177291987212,0.998256107326441,3.72151398240523,-0.106065984870386,-2.77109781577945,100,8.81456628640493,"Mongolia","N",109.045451,48.239885,49.138196174991,5470.0639982,49.138196174991
"geographical","2026-06-16_geographical_1","55HEV","55HEV_geographical_100_N",2020,FALSE,5.5984602713902,0.144799216883428,0.166055367057056,2.6550828046743,3.04484208676357,0.166055367057056,0.414725245899804,0.998357141258994,5.98014100112765,0.193189263236429,3.33835967512022,100,11.0799232800802,"Australia","N",147.613916,-36.636058,-35.737746825009,3978.32597656,35.737746825009
"geographical","2026-06-16_geographical_1","10TES","10TES_geographical_200_N",2020,FALSE,20.7025278885194,-0.9510149173245,0.953003725671184,-4.3919599016741,4.40114458043322,0.953003725671184,1.08770917090429,0.99842674039458,8.06683639576422,-0.259497713465866,-3.11659020718616,200,26.2087980151176,"USA East","N",-122.285282,46.455086,48.251708349982,5371.38017352,48.251708349982
"geographical","2026-06-16_geographical_1","17SNB","17SNB_geographical_200_N",2020,FALSE,14.3628253104645,-0.380737214147327,0.478724230640627,-2.58239630694246,3.24700512404298,0.478724230640627,0.727043138523558,0.993273490811025,4.83748218192015,-0.231794669501947,-4.5725391667437,200,4.75080067316691,"USA West","N",-80.379497,37.449419,39.246041349982,4368.86932308,39.246041349982
"geographical","2026-06-16_geographical_1","20MMD","20MMD_geographical_200_N",2020,FALSE,31.6155908009199,0.469829184515159,0.486430380080206,1.50848513612105,1.56178675632064,0.486430380080206,0.700967442882844,0.995110103252737,5.25212297411577,0.0644363358684341,1.24210154471096,200,4.59762543837229,"Brazil","N",-63.405779,-1.400945,0.395677349982034,44.0468026,0.395677349982034
"geographical","2026-06-16_geographical_1","32TMT","32TMT_geographical_200_N",2020,FALSE,15.9245191306332,-0.0673633768225415,0.408802478264141,-0.421234815795671,2.55631241708753,0.408802478264141,0.647305265805531,0.998436797718699,10.0912618764014,0.326165084220159,3.3401111239503,200,21.8397122462591,"Switzerland","N",8.402194,47.355772,49.152394349982,5471.64453904,49.152394349982
"geographical","2026-06-16_geographical_1","32UQU","32UQU_geographical_200_N",2020,FALSE,8.70608442768218,-0.726345210148958,0.736848574977974,-7.70051024007396,7.81186399761369,0.736848574977974,1.15119091322103,0.998214406819398,7.80281511978468,-0.74792654733504,-8.74692016730024,200,21.7273304541906,"Germany","N",12.430884,48.205131,50.001753349982,5566.19518292,50.001753349982
"geographical","2026-06-16_geographical_1","33NTG","33NTG_geographical_200_N",2020,FALSE,22.7056767075941,0.425684282909199,0.430803408311306,1.91061233233439,1.93358866600871,0.430803408311306,0.666944455490912,0.999534729273833,15.9066937672814,0.175371960564027,1.11479481965172,200,8.84253038565318,"Cameroon","N",12.786326,5.831657,7.62827934998203,849.18005724,7.62827934998203
"geographical","2026-06-16_geographical_1","34UFD","34UFD_geographical_200_N",2020,FALSE,3.23872409307442,-0.567515843849139,0.576446459473758,-14.9101436917779,15.1447746076585,0.576446459473758,0.917274975789628,0.987703460158354,2.7548291912566,-0.543903390508218,-16.4882535042362,200,13.2241749127706,"Poland","N",23.2945,52.730829,54.527451349982,6069.99588428,54.527451349982
"geographical","2026-06-16_geographical_1","35VML","35VML_geographical_200_N",2020,FALSE,2.56924504318629,-0.110423193163825,0.192067315331817,-4.12077852272597,7.16757816234093,0.192067315331817,0.439414181756797,0.976357255873434,1.65289853268276,-0.191640000910954,-10.389590535557,200,8.8067687312762,"Finland","N",26.091998,63.527175,65.323797349982,7271.845121,65.323797349982
"geographical","2026-06-16_geographical_1","49NHC","49NHC_geographical_200_N",2020,FALSE,40.5310937363483,0.427392154156991,0.432362297153836,1.06571747069547,1.07811069825493,0.432362297153836,0.658267994913915,0.997082016664314,6.53038135201872,0.0652711020750338,1.00958993043626,200,6.78190628290176,"Malaysia","N",114.189928,2.213706,4.01032834998203,446.42975192,4.01032834998203
"geographical","2026-06-16_geographical_1","49UCP","49UCP_geographical_200_N",2020,FALSE,2.34553574930633,-0.110538531286078,0.133512187495021,-4.50061841205456,5.43599957664219,0.133512187495021,0.388889876961903,0.99679696830803,3.60244529382839,-0.225134673447218,-5.88190646236096,200,8.86076502005259,"Mongolia","N",109.045451,48.239885,50.036507349982,5570.0639982,50.036507349982
"geographical","2026-06-16_geographical_1","55HEV","55HEV_geographical_200_N",2020,FALSE,5.7525732444728,0.298912189966033,0.337157720314328,5.48094549658562,6.18222725880094,0.337157720314328,0.643510556115785,0.997538965560066,6.17286724563118,0.385915507739962,6.6687182686025,200,11.0827343940735,"Australia","N",147.613916,-36.636058,-34.839435650018,3878.32597656,34.839435650018
"geographical","2026-06-16_geographical_1","10TES","10TES_geographical_300_N",2020,FALSE,20.1873484422935,-1.46619436355034,1.46908589208572,-6.7711523084095,6.7845059132275,1.46908589208572,1.64115723630168,0.997038513808797,7.93609088422546,-0.390243225004633,-4.68685522206023,300,26.2910210251808,"USA East","N",-122.285282,46.455086,49.1500195249731,5471.38017352,49.1500195249731
"geographical","2026-06-16_geographical_1","17SNB","17SNB_geographical_300_N",2020,FALSE,14.1065706051506,-0.636991919461257,0.766014415790287,-4.32047490827207,5.19558562939967,0.766014415790287,1.0463766067137,0.988460380071359,4.69536383015391,-0.37391302126818,-7.37606235025979,300,4.64585731426875,"USA West","N",-80.379497,37.449419,40.1443525249731,4468.86932308,40.1443525249731
"geographical","2026-06-16_geographical_1","20MMD","20MMD_geographical_300_N",2020,FALSE,31.8412221413059,0.695460524901161,0.720033432016427,2.23292187703272,2.31181834910462,0.720033432016427,0.902440973897024,0.994160130030742,5.28901926391542,0.101332625668084,1.95332973508822,300,4.59889501333237,"Brazil","N",-63.405779,-1.400945,1.29398852497305,144.0468026,1.29398852497305
"geographical","2026-06-16_geographical_1","32TMT","32TMT_geographical_300_N",2020,FALSE,15.8965770368369,-0.0953054706188592,0.596028413273828,-0.595961548457011,3.72706848612693,0.596028413273828,0.835549557347249,0.997687389927695,10.2410340117743,0.475937219593055,4.87386074835561,300,21.9257269740105,"Switzerland","N",8.402194,47.355772,50.0507055249731,5571.64453904,50.0507055249731
"geographical","2026-06-16_geographical_1","32UQU","32UQU_geographical_300_N",2020,FALSE,8.33074281672345,-1.10168682110769,1.11766890252726,-11.6797777816343,11.8492153712397,1.11766890252726,1.70492647939941,0.996919023030616,7.40939832372194,-1.14134334339778,-13.3478870936612,300,21.6463338255882,"Germany","N",12.430884,48.205131,50.9000645249731,5666.19518292,50.9000645249731
"geographical","2026-06-16_geographical_1","33NTG","33NTG_geographical_300_N",2020,FALSE,22.8761999315944,0.596207506909451,0.604342993367789,2.67597715270714,2.71249191583302,0.604342993367789,0.840788936319927,0.999409402342202,15.9654097742556,0.234087967538187,1.48803749878303,300,8.92400886615117,"Cameroon","N",12.786326,5.831657,8.52659052497305,949.18005724,8.52659052497305
"geographical","2026-06-16_geographical_1","34UFD","34UFD_geographical_300_N",2020,FALSE,2.99486164619537,-0.811378290728194,0.825557649288309,-21.3170557866617,21.6895850752797,0.825557649288309,1.26080278981759,0.980434169423353,2.52030067912675,-0.778431902638069,-23.5979086919986,300,12.2185929298401,"Poland","N",23.2945,52.730829,55.4257625249731,6169.99588428,55.4257625249731
"geographical","2026-06-16_geographical_1","35VML","35VML_geographical_300_N",2020,FALSE,2.54734367838121,-0.132324557968905,0.271881630376261,-4.93809480494272,10.1460929636044,0.271881630376261,0.529234394719209,0.967646130899131,1.57042147025939,-0.274117063334328,-14.8610104013531,300,6.72856389681498,"Finland","N",26.091998,63.527175,66.2221085249731,7371.845121,66.2221085249731
"geographical","2026-06-16_geographical_1","49NHC","49NHC_geographical_300_N",2020,FALSE,40.6949734671647,0.591271884973416,0.600369581509913,1.47435738260126,1.49704281107188,0.600369581509913,0.788536792405232,0.996894908069899,6.55913954035433,0.0940292904106492,1.45441124397636,300,5.13677323659261,"Malaysia","N",114.189928,2.213706,4.90863952497305,546.42975192,4.90863952497305
"geographical","2026-06-16_geographical_1","49UCP","49UCP_geographical_300_N",2020,FALSE,2.28255376573485,-0.173520514857549,0.207387449758358,-7.06495386677376,8.44385902320253,0.207387449758358,0.542233686566726,0.994664981545428,3.47851858947855,-0.349061377797065,-9.1196364486545,300,6.64557151397069,"Mongolia","N",109.045451,48.239885,50.9348185249731,5670.0639982,50.9348185249731
"geographical","2026-06-16_geographical_1","55HEV","55HEV_geographical_300_N",2020,FALSE,5.91386077129861,0.460199716791841,0.511854166730225,8.43836300408775,9.38551482416096,0.511854166730225,0.903922340259494,0.99629782734602,6.36368135926056,0.576729621369344,9.96603475354894,300,8.34198346535365,"Australia","N",147.613916,-36.636058,-33.9411244750269,3778.32597656,33.9411244750269
"geographical","2026-06-16_geographical_1","10TES","10TES_geographical_500_N",2020,FALSE,19.0891245835287,-2.56441822231515,2.56892873671517,-11.8429498826541,11.8637802587291,2.56892873671517,2.79836426853253,0.99353168297255,7.67194905981958,-0.65438504941051,-7.85922160732293,500,19.5167763074239,"USA East","N",-122.285282,46.455086,50.9466418749551,5671.38017352,50.9466418749551
"geographical","2026-06-16_geographical_1","17SNB","17SNB_geographical_500_N",2020,FALSE,13.4799798034788,-1.26358272113303,1.41740170678614,-8.57040297434017,9.61369889007517,1.41740170678614,1.80507082324397,0.973191436470651,4.38357825925807,-0.685698592164028,-13.5265563957445,500,3.53355723619461,"USA West","N",-80.379497,37.449419,41.9409748749551,4668.86932308,41.9409748749551
"geographical","2026-06-16_geographical_1","20MMD","20MMD_geographical_500_N",2020,FALSE,32.2245737572089,1.07881214080418,1.1231750614526,3.46375264182322,3.60618910298542,1.1231750614526,1.32267178742463,0.989962533669771,5.35488235095351,0.167195712706179,3.22293392730187,500,3.54345014890035,"Brazil","N",-63.405779,-1.400945,3.09061087495508,344.0468026,3.09061087495508
"geographical","2026-06-16_geographical_1","32TMT","32TMT_geographical_500_N",2020,FALSE,15.8321997271156,-0.159682780340157,0.926914970951561,-0.998523971556879,5.79615921089599,0.926914970951561,1.20631768946452,0.995628508391549,10.4955972167868,0.730500424605582,7.48072896922519,500,16.401885664463,"Switzerland","N",8.402194,47.355772,51.8473278749551,5771.64453904,51.8473278749551
"geographical","2026-06-16_geographical_1","32UQU","32UQU_geographical_500_N",2020,FALSE,7.60481584427094,-1.8276137935602,1.85589587642614,-19.3758539817789,19.6756927714849,1.85589587642614,2.80346814326646,0.992273477703671,6.64245425445309,-1.90828741266663,-22.3172151253803,500,16.3928769667943,"Germany","N",12.430884,48.205131,52.6966868749551,5866.19518292,52.6966868749551
"geographical","2026-06-16_geographical_1","33NTG","33NTG_geographical_500_N",2020,FALSE,23.1250482251241,0.845055800439127,0.861121300233106,3.79289087864704,3.86499817333436,0.861121300233106,1.14514132614901,0.998985515165914,16.0241761979262,0.292854391208806,1.8616006639935,500,6.76631566683451,"Cameroon","N",12.786326,5.831657,10.3232128749551,1149.18005724,10.3232128749551
"geographical","2026-06-16_geographical_1","34UFD","34UFD_geographical_500_N",2020,FALSE,2.58560056049618,-1.22063937642738,1.24751483441425,-32.0694280091543,32.7755174420919,1.24751483441425,1.86066215341769,0.958719758635041,2.11745104446459,-1.18128153730023,-35.8101636922701,500,9.97108680407206,"Poland","N",23.2945,52.730829,57.2223848749551,6369.99588428,57.2223848749551
"geographical","2026-06-16_geographical_1","35VML","35VML_geographical_500_N",2020,FALSE,2.5504251157045,-0.129243120645613,0.420310989447598,-4.82310156505235,15.6851875820303,0.420310989447598,0.685181979745033,0.948313245854924,1.41731188401388,-0.427226649579837,-23.1617091103795,500,6.74404904047648,"Finland","N",26.091998,63.527175,68.0187308749551,7571.845121,68.0187308749551
"geographical","2026-06-16_geographical_1","49NHC","49NHC_geographical_500_N",2020,FALSE,40.9223485283875,0.818646946196132,0.842473964637396,2.04132514929661,2.10073866351407,0.842473964637396,1.0289389075053,0.995697214780848,6.60937849897559,0.144268249031912,2.23148938617355,500,5.11798996130625,"Malaysia","N",114.189928,2.213706,6.70526187495508,746.42975192,6.70526187495508
"geographical","2026-06-16_geographical_1","49UCP","49UCP_geographical_500_N",2020,FALSE,2.15518161588851,-0.300892664703894,0.35731037128585,-12.2509594714423,14.5480278878075,0.35731037128585,0.861820679506973,0.987519697677569,3.2424109926835,-0.58516897459211,-15.2882233577113,500,6.65065615177155,"Mongolia","N",109.045451,48.239885,52.7314408749551,5870.0639982,52.7314408749551
"geographical","2026-06-16_geographical_1","55HEV","55HEV_geographical_500_N",2020,FALSE,6.246283809212,0.792622754705233,0.863856105213716,14.5337736757628,15.8399302153156,0.863856105213716,1.43524905050244,0.993198369502094,6.73636868716464,0.949416949273422,16.4061667052954,500,8.3669450600942,"Australia","N",147.613916,-36.636058,-32.1445021250449,3578.32597656,32.1445021250449
"geographical","2026-06-16_geographical_1","10TES","10TES_geographical_1000_N",2020,FALSE,16.1961693743995,-5.45737343144438,5.46609707774501,-25.2031433395349,25.2434307252013,5.46609707774501,5.91565860516482,0.970281507721294,7.00525686625752,-1.32107724297257,-15.8662530909984,1000,19.5359660704931,"USA East","N",-122.285282,46.455086,55.4381977499102,6171.38017352,55.4381977499102
"geographical","2026-06-16_geographical_1","17SNB","17SNB_geographical_1000_N",2020,FALSE,11.2655486533887,-3.47801387122308,3.54150403909443,-23.5900506774882,24.0206804371909,3.54150403909443,4.16928072268782,0.916404016465652,3.56408234200003,-1.50519450942206,-29.6924897483121,1000,3.50382686456045,"USA West","N",-80.379497,37.449419,46.4325307499102,5168.86932308,46.4325307499102
"geographical","2026-06-16_geographical_1","20MMD","20MMD_geographical_1000_N",2020,FALSE,32.4584242280691,1.31266261166439,1.45547871190476,4.21457862495485,4.67311966819315,1.45547871190476,1.71350963776102,0.978811155409588,5.368699400596,0.181012762348665,3.48927710887758,1000,3.5605464498202,"Brazil","N",-63.405779,-1.400945,7.58216674991017,844.0468026,7.58216674991017
"geographical","2026-06-16_geographical_1","32TMT","32TMT_geographical_1000_N",2020,FALSE,15.5248265480124,-0.467055959443353,1.52803123211875,-2.92058148392224,9.55504288757969,1.52803123211875,1.94818108981399,0.988436033699207,10.8288668089615,1.06377001678025,10.8935941897882,1000,16.4333344777425,"Switzerland","N",8.402194,47.355772,56.3388837499102,6271.64453904,56.3388837499102
"geographical","2026-06-16_geographical_1","32UQU","32UQU_geographical_1000_N",2020,FALSE,6.03610551880679,-3.39632411902435,3.47170271808482,-36.0068852822664,36.8060282597887,3.47170271808482,5.24160721973247,0.96623267643781,4.93259328704407,-3.61814838007565,-42.3138544108818,1000,16.3222975333532,"Germany","N",12.430884,48.205131,57.1882427499102,6366.19518292,57.1882427499102
"geographical","2026-06-16_geographical_1","33NTG","33NTG_geographical_1000_N",2020,FALSE,23.2052864300168,0.925294005331832,1.01213420117355,4.15302657063141,4.54279418897899,1.01213420117355,1.41727102981618,0.997726072062914,15.8637448011176,0.132422994400166,0.841779197115021,1000,6.78056485652924,"Cameroon","N",12.786326,5.831657,14.8147687499102,1649.18005724,14.8147687499102
"geographical","2026-06-16_geographical_1","34UFD","34UFD_geographical_1000_N",2020,FALSE,1.99456764115994,-1.81167229576362,1.89109002984999,-47.5974275344271,49.6839416639216,1.89109002984999,2.80577180251281,0.868740988430908,1.47972395351928,-1.81900862824554,-55.1426520082563,1000,9.99443677266439,"Poland","N",23.2945,52.730829,61.7139407499102,6869.99588428,61.7139407499102
"geographical","2026-06-16_geographical_1","35VML","35VML_geographical_1000_N",2020,FALSE,2.68016102147345,0.000492785123337391,0.770977887388733,0.0183897811174042,28.7713932990024,0.770977887388733,1.03909819913066,0.875069878372987,1.08238439807736,-0.762154135516355,-41.3195019586524,1000,6.72272841135661,"Finland","N",26.091998,63.527175,72.5102867499102,8071.845121,72.5102867499102
"geographical","2026-06-16_geographical_1","49NHC","49NHC_geographical_1000_N",2020,FALSE,40.85224404827,0.748542466078661,0.954789942421724,1.86651714566683,2.38080253131974,0.954789942421724,1.23931474430702,0.989328476595067,6.69319676159576,0.228086511652073,3.52796012495007,1000,5.17281881173452,"Malaysia","N",114.189928,2.213706,11.1968177499102,1246.42975192,11.1968177499102
"geographical","2026-06-16_geographical_1","49UCP","49UCP_geographical_1000_N",2020,FALSE,1.81781672742449,-0.638257553167913,0.748347633024833,-25.9868994277309,30.4692589690053,0.748347633024833,1.64320379615591,0.946303347913415,2.7493339059621,-1.07824606131351,-28.1704385155142,1000,7.77030395666758,"Mongolia","N",109.045451,48.239885,57.2229967499102,6370.0639982,57.2229967499102
"geographical","2026-06-16_geographical_1","55HEV","55HEV_geographical_1000_N",2020,FALSE,7.10499645540537,1.6513354008986,1.74607358254977,30.2793918506172,32.0165401754636,1.74607358254977,2.73848652770049,0.98402235292751,7.6208346700619,1.83388293217068,31.6899641682332,1000,10.9882716059685,"Australia","N",147.613916,-36.636058,-27.6529462500898,3078.32597656,27.6529462500898
"geographical","2026-06-16_geographical_1","10TES","10TES_geographical_1500_N",2020,FALSE,13.141532702649,-8.51201010319483,8.52696440653438,-39.3100112047143,39.3790728980992,8.52696440653438,9.25062025943176,0.916636221925428,6.20302624606566,-2.12330786316443,-25.501112918477,1500,25.7261351068815,"USA East","N",-122.285282,46.455086,59.9297536248653,6671.38017352,59.9297536248653
"geographical","2026-06-16_geographical_1","17SNB","17SNB_geographical_1500_N",2020,FALSE,8.36051465125635,-6.38304787335546,6.38710634588138,-43.2937959377191,43.3213230195837,6.38710634588138,7.1615299980402,0.811809582205866,2.78028361009669,-2.28899324132541,-45.1542361645383,1500,4.56715830961863,"USA West","N",-80.379497,37.449419,50.9240866248653,5668.86932308,50.9240866248653
"geographical","2026-06-16_geographical_1","20MMD","20MMD_geographical_1500_N",2020,FALSE,32.1740078448642,1.0282462284595,1.27500534642233,3.30140017484085,4.09367207687987,1.27500534642233,1.58858183056788,0.97319110933536,5.25519562362261,0.0675089853752784,1.30133121144122,1500,4.71545247236888,"Brazil","N",-63.405779,-1.400945,12.0737226248653,1344.0468026,12.0737226248653
"geographical","2026-06-16_geographical_1","32TMT","32TMT_geographical_1500_N",2020,FALSE,14.9599564918187,-1.03192601563705,2.0110808103859,-6.45281138825239,12.5756352289875,2.0110808103859,2.6211729515112,0.977706785745494,10.8128793581885,1.04778256600729,10.7298738384881,1500,21.1676169435183,"Switzerland","N",8.402194,47.355772,60.8304396248653,6771.64453904,60.8304396248653
"geographical","2026-06-16_geographical_1","32UQU","32UQU_geographical_1500_N",2020,FALSE,4.90775447879735,-4.52467515903379,4.68860449163826,-47.9693497090764,49.7072829765242,4.68860449163826,7.07857869959099,0.921299165005115,3.5675705325849,-4.98317113453482,-58.2776480512407,1500,19.9581026395162,"Germany","N",12.430884,48.205131,61.6797986248653,6866.19518292,61.6797986248653
"geographical","2026-06-16_geographical_1","33NTG","33NTG_geographical_1500_N",2020,FALSE,22.6980867619511,0.41809433726614,0.963372277301849,1.87654613743457,4.32393449216117,0.963372277301849,1.40356934830319,0.996443530695294,15.4802753926083,-0.251046414109046,-1.59583801789528,1500,6.76060811281204,"Cameroon","N",12.786326,5.831657,19.3063246248653,2149.18005724,19.3063246248653
"geographical","2026-06-16_geographical_1","34UFD","34UFD_geographical_1500_N",2020,FALSE,1.87251791137194,-1.93372202555163,2.12523349782021,-50.8039970573842,55.8355104522904,2.12523349782021,3.15381257407212,0.764559422534248,1.22342813652114,-2.07530444524368,-62.9121759282892,1500,9.97686670621236,"Poland","N",23.2945,52.730829,66.2054966248652,7369.99588428,66.2054966248652
"geographical","2026-06-16_geographical_1","35VML","35VML_geographical_1500_N",2020,FALSE,2.85209913619097,0.172430899840855,1.06708211557552,6.43478537760022,39.8214264400491,1.06708211557552,1.35745633189568,0.743329825592603,0.832074077167829,-1.01246445642589,-54.8898512005224,1500,6.76896629333496,"Finland","N",26.091998,63.527175,77.0018426248652,8571.845121,77.0018426248652
"geographical","2026-06-16_geographical_1","49NHC","49NHC_geographical_1500_N",2020,FALSE,39.6702400799254,-0.433461502265899,1.04123353004245,-1.08085160512561,2.59635267809001,1.04123353004245,1.41771769057261,0.979126418341831,6.63888787916419,0.173777629220512,2.68792986510981,1500,5.21836824814479,"Malaysia","N",114.189928,2.213706,15.6883736248653,1746.42975192,15.6883736248653
"geographical","2026-06-16_geographical_1","49UCP","49UCP_geographical_1500_N",2020,FALSE,1.50838344596997,-0.947690834622435,1.12457514247376,-38.5855933638071,45.7875053437925,1.12457514247376,2.29075353072777,0.874200770613848,2.39988502420931,-1.4276949430663,-37.3001989578942,1500,6.69198769330978,"Mongolia","N",109.045451,48.239885,61.7145526248653,6870.0639982,61.7145526248653
"geographical","2026-06-16_geographical_1","55HEV","55HEV_geographical_1500_N",2020,FALSE,8.09025064085009,2.63658958634332,2.72621574497107,48.3453144592568,49.9887271637131,2.72621574497107,4.08013974798638,0.974846356011563,8.47553650475664,2.68858476686542,46.4594295691352,1500,8.34912870724996,"Australia","N",147.613916,-36.636058,-23.1613903751347,2578.32597656,23.1613903751347
"geographical","2026-06-16_geographical_1","10TES","10TES_geographical_2000_N",2020,FALSE,9.80534228160383,-11.84820052424,11.8711392040761,-54.7171455058266,54.8230805024308,11.8711392040761,12.8974101814541,0.817983009315456,5.07226924765201,-3.25406486157808,-39.0816032468696,2000,19.5455847263336,"USA East","N",-122.285282,46.455086,64.4213094998203,7171.38017352,64.4213094998203
"geographical","2026-06-16_geographical_1","17SNB","17SNB_geographical_2000_N",2020,FALSE,6.07755242755971,-8.6660100970521,8.66636623769271,-58.7782639547647,58.7806795218301,8.66636623769271,9.51496254980771,0.689922329824545,2.09417123292018,-2.97510561850191,-58.6889551646267,2000,3.50309221744537,"USA West","N",-80.379497,37.449419,55.4156424998203,6168.86932308,55.4156424998203
"geographical","2026-06-16_geographical_1","20MMD","20MMD_geographical_2000_N",2020,FALSE,31.9257450612476,0.779983444842841,1.14913859676874,2.50430043885014,3.68955047855848,1.14913859676874,1.49327061264632,0.969990259173427,5.20656130038022,0.0188746621328892,0.363835818334356,2000,3.55235851605733,"Brazil","N",-63.405779,-1.400945,16.5652784998203,1844.0468026,16.5652784998203
"geographical","2026-06-16_geographical_1","32TMT","32TMT_geographical_2000_N",2020,FALSE,14.0446502955003,-1.94723221195551,2.64376644496662,-12.1763789287951,16.5319276435031,2.64376644496662,3.5801941624937,0.958422936386717,10.4822929110862,0.717196118905001,7.34448550964951,2000,16.3853750228882,"Switzerland","N",8.402194,47.355772,65.3219954998203,7271.64453904,65.3219954998203
"geographical","2026-06-16_geographical_1","32UQU","32UQU_geographical_2000_N",2020,FALSE,4.26878317017323,-5.16364646765791,5.4687039119325,-54.7435461055315,57.9776804270968,5.4687039119325,8.19193433423638,0.873634160617078,2.6604853363143,-5.89025633080542,-68.8859114228103,2000,16.3326617240906,"Germany","N",12.430884,48.205131,66.1713544998203,7366.19518292,66.1713544998203
"geographical","2026-06-16_geographical_1","33NTG","33NTG_geographical_2000_N",2020,FALSE,21.707502865672,-0.57248955901294,1.37114708935042,-2.56952313133938,6.15416317570767,1.37114708935042,1.87287223912669,0.994605547475064,14.9273431441536,-0.803978662563773,-5.11068728007629,2000,6.75165105660756,"Cameroon","N",12.786326,5.831657,23.7978804998203,2649.18005724,23.7978804998203
"geographical","2026-06-16_geographical_1","34UFD","34UFD_geographical_2000_N",2020,FALSE,1.97676574061129,-1.82947419631227,2.2170064417183,-48.0651305916086,58.2466286534269,2.2170064417183,3.26392075544268,0.653044251678758,1.12212195027271,-2.17661063149211,-65.9832398517015,2000,9.94782446622849,"Poland","N",23.2945,52.730829,70.6970524998203,7869.99588428,70.6970524998203
"geographical","2026-06-16_geographical_1","35VML","35VML_geographical_2000_N",2020,FALSE,3.04769364606501,0.368025409714898,1.28979968729495,13.7339915711421,48.1328124802398,1.28979968729495,1.60273329211666,0.571459530158455,0.677155095330108,-1.16738343826361,-63.288644666544,2000,6.68900787830353,"Finland","N",26.091998,63.527175,81.4933984998203,9071.845121,81.4933984998203
"geographical","2026-06-16_geographical_1","49NHC","49NHC_geographical_2000_N",2020,FALSE,37.6391125699603,-2.46458901223098,2.54282596117058,-6.14553997510649,6.3406265777216,2.54282596117058,2.98011280458782,0.966342612112037,6.44906321680334,-0.0160470331403442,-0.248209736879336,2000,5.19034374554952,"Malaysia","N",114.189928,2.213706,20.1799294998203,2246.42975192,20.1799294998203
"geographical","2026-06-16_geographical_1","49UCP","49UCP_geographical_2000_N",2020,FALSE,1.37081958617144,-1.08525469442096,1.35938906176978,-44.186558321811,55.3480435226043,1.35938906176978,2.6762867631482,0.805501345813668,2.1666063907037,-1.66097357657191,-43.394875894759,2000,6.79645063877106,"Mongolia","N",109.045451,48.239885,66.2061084998203,7370.0639982,66.2061084998203
"geographical","2026-06-16_geographical_1","55HEV","55HEV_geographical_2000_N",2020,FALSE,9.30338942484203,3.84972837033527,3.92190610466415,70.5897988866387,71.9132719372647,3.92190610466415,5.60724177978399,0.963801683599454,9.35108693399146,3.56413519610024,61.5891639939444,2000,8.40262025594711,"Australia","N",147.613916,-36.636058,-18.6698345001797,2078.32597656,18.6698345001797
"geographical","2026-06-16_geographical_1","10TES","10TES_geographical_3000_N",2020,FALSE,4.48021281325337,-17.1733299925905,17.215285515038,-79.3095621652996,79.5033204007241,17.215285515038,18.7035208673824,0.540108652705117,2.08990165228465,-6.23643245694544,-74.9000985923936,3000,19.7545595049858,"USA East","N",-122.285282,46.455086,73.4044212497305,8171.38017352,73.4044212497305
"geographical","2026-06-16_geographical_1","17SNB","17SNB_geographical_3000_N",2020,FALSE,4.02702795767811,-10.7165345669337,10.7168830369045,-72.6861947310517,72.688558270869,10.7168830369045,11.639571585797,0.5358174350169,1.19445595959554,-3.87482089182656,-76.4373500480556,3000,3.61883590618769,"USA West","N",-80.379497,37.449419,64.3987542497305,7168.86932308,64.3987542497305
"geographical","2026-06-16_geographical_1","20MMD","20MMD_geographical_3000_N",2020,FALSE,29.8630043909837,-1.282757225421,1.47697993895661,-4.11856111023903,4.74215386718516,1.47697993895661,1.83335365717687,0.968063514661809,4.86640509074134,-0.321281547505998,-6.19315640881777,3000,3.69220100641251,"Brazil","N",-63.405779,-1.400945,25.5483902497305,2844.0468026,25.5483902497305
"geographical","2026-06-16_geographical_1","32TMT","32TMT_geographical_3000_N",2020,FALSE,10.4134192083791,-5.57846329907664,5.80247385302555,-34.8830933223517,36.2838699591516,5.80247385302555,8.00513342583597,0.8130540670058,8.74097159261486,-1.02412519956638,-10.4876093024125,3000,16.8236656586329,"Switzerland","N",8.402194,47.355772,74.3051072497305,8271.64453904,74.3051072497305
"geographical","2026-06-16_geographical_1","32UQU","32UQU_geographical_3000_N",2020,FALSE,3.70698105912996,-5.72544857870118,6.41745125594839,-60.699616096131,68.0360363379715,6.41745125594839,9.36809066979172,0.777930534563388,1.54182171419897,-7.00891995292076,-81.9685616263235,3000,16.7750489552816,"Germany","N",12.430884,48.205131,75.1544662497305,8366.19518292,75.1544662497305
"geographical","2026-06-16_geographical_1","33NTG","33NTG_geographical_3000_N",2020,FALSE,19.8174018948794,-2.46259052980555,2.84630328673066,-11.0529235507151,12.7751537454614,2.84630328673066,3.80633890494131,0.988968717543946,13.8274508272673,-1.90387097945012,-12.1024221794074,3000,6.99269665082296,"Cameroon","N",12.786326,5.831657,32.7809922497305,3649.18005724,32.7809922497305
"geographical","2026-06-16_geographical_1","34UFD","34UFD_geographical_3000_N",2020,FALSE,2.32942481831785,-1.47681511860571,2.34257748504427,-38.7998429704713,61.5457124055527,2.34257748504427,3.30637142540973,0.475995448283791,0.991439015605973,-2.30729356615885,-69.9448503013981,3000,10.0929538408915,"Poland","N",23.2945,52.730829,79.6801642497305,8869.99588428,79.6801642497305
"geographical","2026-06-16_geographical_1","49NHC","49NHC_geographical_3000_N",2020,FALSE,32.556731568544,-7.54697001364731,7.55501968635263,-18.8186369733976,18.8387091173338,7.55501968635263,7.83938412013496,0.948071821869828,5.60886584081892,-0.856244409124766,-13.2440805496275,3000,5.30003427267075,"Malaysia","N",114.189928,2.213706,29.1630412497305,3246.42975192,29.1630412497305
"geographical","2026-06-16_geographical_1","49UCP","49UCP_geographical_3000_N",2020,FALSE,1.67542219444588,-0.780652086146527,1.46961055849192,-31.7845470845545,59.835753751611,1.46961055849192,2.98174997223356,0.706237163859151,1.73455918224317,-2.09302078503244,-54.6826141563858,3000,6.74260796308517,"Mongolia","N",109.045451,48.239885,75.1892202497305,8370.0639982,75.1892202497305
"geographical","2026-06-16_geographical_1","55HEV","55HEV_geographical_3000_N",2020,FALSE,12.5357733829884,7.08211232848168,7.10745550930891,129.859781488056,130.324481816403,7.10745550930891,9.4286086297841,0.930972008322976,11.242281704222,5.45532996633076,94.2694913215,3000,8.57393545309703,"Australia","N",147.613916,-36.636058,-9.68672275026949,1078.32597656,9.68672275026949
"geographical","2026-06-16_geographical_1","17SNB","17SNB_geographical_5000_N",2020,FALSE,3.26546242968853,-11.4781000949233,11.4803732484164,-77.8516052396603,77.8670231787731,11.4803732484164,12.4888217633611,0.290665827308041,0.638348563147676,-4.43092828827442,-87.4075024533608,5000,3.59563536246618,"USA West","N",-80.379497,37.449419,82.3649777495508,9168.86932308,82.3649777495508
"geographical","2026-06-16_geographical_1","20MMD","20MMD_geographical_5000_N",2020,FALSE,24.0438638740035,-7.10189774240129,7.12983346998728,-22.8021322126239,22.8918257251155,7.12983346998728,7.64010917361219,0.866454385000806,3.38751194808865,-1.80017469015869,-34.7009142164932,5000,3.69735321203868,"Brazil","N",-63.405779,-1.400945,43.5146137495508,4844.0468026,43.5146137495508
"geographical","2026-06-16_geographical_1","33NTG","33NTG_geographical_5000_N",2020,FALSE,13.8877399308389,-8.39225249384601,8.57656622995255,-37.6672143054586,38.4944755207825,8.57656622995255,10.8421264837352,0.981090414849151,9.28153114144057,-6.44979066527682,-40.99967405487,5000,6.94420775969823,"Cameroon","N",12.786326,5.831657,50.7472157495508,5649.18005724,50.7472157495508
"geographical","2026-06-16_geographical_1","49NHC","49NHC_geographical_5000_N",2020,FALSE,22.2286999409416,-17.8750016412497,17.876129508943,-44.571949560854,44.5747619388858,17.876129508943,18.3128140581874,0.829646917013924,3.68574419323954,-2.77936605670414,-42.9902344933461,5000,5.93531000216802,"Malaysia","N",114.189928,2.213706,47.1292647495508,5246.42975192,47.1292647495508
"geographical","2026-06-16_geographical_1","55HEV","55HEV_geographical_5000_N",2020,FALSE,18.6776509829516,13.2239899284449,13.2324958355245,242.47913092283,242.6350978411,13.2324958355245,16.2303170967879,0.849252889381406,13.8147890907057,8.02783735281451,138.723074192077,5000,10.0286901950836,"Australia","N",147.613916,-36.636058,8.27950074955085,921.67402344,8.27950074955085
"geographical","2026-06-16_geographical_1","10TES","10TES_geographical_100_S",2020,FALSE,22.0890034324325,0.435460626588629,0.436488292105226,2.01103639479774,2.01578234111153,0.436488292105226,0.661236171555039,0.998358844100856,8.45493123926908,0.128597130038992,1.54446276538959,100,22.9901329080264,"USA East","S",-122.285282,46.455086,45.556774825009,5071.38017352,45.556774825009
"geographical","2026-06-16_geographical_1","17SNB","17SNB_geographical_100_S",2020,FALSE,14.8825005030835,0.138937978471668,0.204124958937998,0.942363680689356,1.38450227750075,0.204124958937998,0.451907379912151,0.996649117783674,5.16624650704714,0.0969696556250508,1.91288932262296,100,4.15753801266352,"USA West","S",-80.379497,37.449419,36.551107825009,4068.86932308,36.551107825009
"geographical","2026-06-16_geographical_1","20MMD","20MMD_geographical_100_S",2020,FALSE,30.9160303243407,-0.22973129206401,0.239413992108131,-0.73760049567389,0.76868883495862,0.239413992108131,0.489439823239471,0.99652395456736,5.16747731284231,-0.020209325405026,-0.389563341317272,100,4.18494456211726,"Brazil","S",-63.405779,-1.400945,-2.29925617499102,255.9531974,2.29925617499102
"geographical","2026-06-16_geographical_1","32TMT","32TMT_geographical_100_S",2020,FALSE,16.0407208900634,0.0488383826076841,0.214782367491788,0.305394831314666,1.3430711949744,0.214782367491788,0.463453727664901,0.999013417077184,9.59944481700047,-0.165651975180774,-1.69636797981776,100,19.5577158172925,"Switzerland","S",8.402194,47.355772,46.457460825009,5171.64453904,46.457460825009
"geographical","2026-06-16_geographical_1","32UQU","32UQU_geographical_100_S",2020,FALSE,9.76150618200783,0.32907654417669,0.334406263371617,3.48877814955381,3.54528235260188,0.334406263371617,0.587959711494283,0.999156592173272,8.88135445484522,0.330612787725503,3.86648083401715,100,19.1916088620822,"Germany","S",12.430884,48.205131,47.306819825009,5266.19518292,47.306819825009
"geographical","2026-06-16_geographical_1","33NTG","33NTG_geographical_100_S",2020,FALSE,22.0279726299142,-0.252019794770774,0.25428251109983,-1.13114847602709,1.14130429783315,0.25428251109983,0.504273363872589,0.999639203405896,15.6150387580966,-0.116283048620815,-0.739181678752267,100,8.06306521495183,"Cameroon","S",12.786326,5.831657,4.93334582500898,549.18005724,4.93334582500898
"geographical","2026-06-16_geographical_1","34UFD","34UFD_geographical_100_S",2020,FALSE,4.1305282285441,0.324288291620543,0.328102922933376,8.51991196021794,8.6201324238789,0.328102922933376,0.596918854600357,0.993659784662254,3.61486806559258,0.316135483827755,9.5835438609159,100,11.7257428487142,"Poland","S",23.2945,52.730829,51.832517825009,5769.99588428,51.832517825009
"geographical","2026-06-16_geographical_1","35VML","35VML_geographical_100_S",2020,FALSE,2.7774484036805,0.097780167330388,0.123470366784459,3.64896542056904,4.60767363323431,0.123470366784459,0.351414080173698,0.986128761873181,1.96106756757534,0.116529033981623,6.3175169214052,100,7.88090668916702,"Finland","S",26.091998,63.527175,62.628863825009,6971.845121,62.628863825009
"geographical","2026-06-16_geographical_1","49NHC","49NHC_geographical_100_S",2020,FALSE,39.8398485058909,-0.263853076300407,0.265282730032396,-0.657926989007855,0.661491881213776,0.265282730032396,0.515064755200516,0.997661965689571,6.42870942596057,-0.0364008239831142,-0.563034852861655,100,6.03183441559474,"Malaysia","S",114.189928,2.213706,1.31539482500898,146.42975192,1.31539482500898
"geographical","2026-06-16_geographical_1","49UCP","49UCP_geographical_100_S",2020,FALSE,2.4977982584136,0.0417239778211953,0.054992335207544,1.69880765215014,2.23903387784672,0.054992335207544,0.234540808583039,0.998480780238127,3.91550966427916,0.0879296970035468,2.29726609908384,100,7.81007894674937,"Mongolia","S",109.045451,48.239885,47.341573825009,5270.0639982,47.341573825009
"geographical","2026-06-16_geographical_1","55HEV","55HEV_geographical_100_S",2020,FALSE,5.31900923700924,-0.13465181749753,0.160625389946156,-2.46901698055212,2.94527636280989,0.160625389946156,0.407570003295589,0.998286843516932,5.59445263128504,-0.19249910660618,-3.32643359276272,100,9.94133230845133,"Australia","S",147.613916,-36.636058,-37.534369174991,4178.32597656,37.534369174991
"geographical","2026-06-16_geographical_1","10TES","10TES_geographical_200_S",2020,FALSE,22.4978214843329,0.844278678489061,0.846286091360477,3.89903253273274,3.90830313057169,0.846286091360477,0.984901644000116,0.998656949997624,8.58185033037969,0.2555162211496,3.06877213666396,200,23.0096146146456,"USA East","S",-122.285282,46.455086,44.658463650018,4971.38017352,44.658463650018
"geographical","2026-06-16_geographical_1","17SNB","17SNB_geographical_200_S",2020,FALSE,15.0027866183973,0.25922409378547,0.394370268805952,1.75821883857948,2.67486415272848,0.394370268805952,0.642639889660242,0.994192298518103,5.2593082311985,0.190031379776402,3.74868813335953,200,4.07764614423116,"USA West","S",-80.379497,37.449419,35.652796650018,3968.86932308,35.652796650018
"geographical","2026-06-16_geographical_1","20MMD","20MMD_geographical_200_S",2020,FALSE,30.6996408187635,-0.446120797641207,0.466551515091913,-1.43236438760332,1.49796149099843,0.466551515091913,0.691078274202549,0.994811073331063,5.16024490342039,-0.0274417348269447,-0.528978266046846,200,4.25236715475718,"Brazil","S",-63.405779,-1.400945,-3.19756734998203,355.9531974,3.19756734998203
"geographical","2026-06-16_geographical_1","32TMT","32TMT_geographical_200_S",2020,FALSE,16.1055013365857,0.113618829129937,0.43031936474249,0.710478138374049,2.69086122000875,0.43031936474249,0.664433725748809,0.998246188642516,9.44075824890509,-0.324338543276157,-3.32140633296999,200,19.3876212040583,"Switzerland","S",8.402194,47.355772,45.559149650018,5071.64453904,45.559149650018
"geographical","2026-06-16_geographical_1","32UQU","32UQU_geographical_200_S",2020,FALSE,10.0605205638897,0.628090926058606,0.638942199460384,6.65884560155624,6.77388778918367,0.638942199460384,0.995023818671626,0.998720849837107,9.17905607075441,0.62831440363469,7.34806906926864,200,19.282834704717,"Germany","S",12.430884,48.205131,46.408508650018,5166.19518292,46.408508650018
"geographical","2026-06-16_geographical_1","33NTG","33NTG_geographical_200_S",2020,FALSE,21.7525107042781,-0.527481720406801,0.531801917561878,-2.36751301505104,2.38690349361462,0.531801917561878,0.753655280209687,0.999533716919265,15.48103225505,-0.250289551667422,-1.59102683641337,200,8.05104109048843,"Cameroon","S",12.786326,5.831657,4.03503465001797,449.18005724,4.03503465001797
"geographical","2026-06-16_geographical_1","34UFD","34UFD_geographical_200_S",2020,FALSE,4.47997351666606,0.673733579742502,0.680913608641473,17.7007648205976,17.8894031885922,0.680913608641473,1.08045970286581,0.989575071245594,3.96275477839331,0.664022196628486,20.1296158500134,200,11.679802497228,"Poland","S",23.2945,52.730829,50.934206650018,5669.99588428,50.934206650018
"geographical","2026-06-16_geographical_1","35VML","35VML_geographical_200_S",2020,FALSE,2.91023964378924,0.230571407439121,0.273507088957276,8.60447589411945,10.2067519123117,0.273507088957276,0.532110406519546,0.97849035723053,2.0967312357807,0.252192702186987,13.6724008522413,200,7.69862994750341,"Finland","S",26.091998,63.527175,61.730552650018,6871.845121,61.730552650018
"geographical","2026-06-16_geographical_1","49NHC","49NHC_geographical_200_S",2020,FALSE,39.5417453472842,-0.5619562349071,0.56435518567754,-1.40125777106981,1.4072396397647,0.56435518567754,0.753437459626778,0.997020503936384,6.3895235800274,-0.0755866699162846,-1.16914742354074,200,5.90762030680974,"Malaysia","S",114.189928,2.213706,0.417083650017966,46.42975192,0.417083650017966
"geographical","2026-06-16_geographical_1","49UCP","49UCP_geographical_200_S",2020,FALSE,2.52825010859491,0.0721758280025111,0.100294698434533,2.93866633321458,4.08353685501493,0.100294698434533,0.321583744255801,0.997567424071241,3.98263812631463,0.155058159039017,4.05107562388525,200,7.74775672753652,"Mongolia","S",109.045451,48.239885,46.443262650018,5170.0639982,46.443262650018
"geographical","2026-06-16_geographical_1","55HEV","55HEV_geographical_200_S",2020,FALSE,5.1946213937046,-0.259039660802166,0.315786290887953,-4.74983058560456,5.79035418101379,0.315786290887953,0.623511145708323,0.997204607819979,5.4037632531817,-0.383188484709517,-6.62159461604826,200,9.76705491542816,"Australia","S",147.613916,-36.636058,-38.432680349982,4278.32597656,38.432680349982
"geographical","2026-06-16_geographical_1","10TES","10TES_geographical_300_S",2020,FALSE,22.8812992185921,1.22775641274819,1.23068513328032,5.67000247376073,5.68352783798584,1.23068513328032,1.40458344403128,0.997788314102072,8.70684888775914,0.380514778529051,4.57001573005861,300,22.8900170365969,"USA East","S",-122.285282,46.455086,43.7601524750269,4871.38017352,43.7601524750269
"geographical","2026-06-16_geographical_1","17SNB","17SNB_geographical_300_S",2020,FALSE,15.1133676830517,0.369805158439867,0.574778951688661,2.50824831395086,3.89850791305811,0.574778951688661,0.83702195288323,0.991076021747072,5.35152509195601,0.282248240533911,5.56782059466197,300,4.01175115505854,"USA West","S",-80.379497,37.449419,34.7544854750269,3868.86932308,34.7544854750269
"geographical","2026-06-16_geographical_1","20MMD","20MMD_geographical_300_S",2020,FALSE,30.5044302714016,-0.641331345003174,0.674051016286961,-2.05912879223149,2.16418215932126,0.674051016286961,0.885074737820628,0.99306872260181,5.16828133736535,-0.019405300881985,-0.374064631022916,300,4.14344120025635,"Brazil","S",-63.405779,-1.400945,-4.09587852497305,455.9531974,4.09587852497305
"geographical","2026-06-16_geographical_1","32TMT","32TMT_geographical_300_S",2020,FALSE,16.1887769489348,0.196894441478996,0.641047712792288,1.23121490785841,4.00858193207346,0.641047712792288,0.867808097070742,0.997278327910668,9.29583640178803,-0.46926039039322,-4.80548631908031,300,19.0993356466293,"Switzerland","S",8.402194,47.355772,44.6608384750269,4971.64453904,44.6608384750269
"geographical","2026-06-16_geographical_1","32UQU","32UQU_geographical_300_S",2020,FALSE,10.3294167710444,0.89698713321329,0.9137809840015,9.50960852775087,9.68765227080572,0.9137809840015,1.37388703728048,0.998282812716238,9.44824831026803,0.897506643148304,10.496243227643,300,19.1526187618574,"Germany","S",12.430884,48.205131,45.5101974750269,5066.19518292,45.5101974750269
"geographical","2026-06-16_geographical_1","33NTG","33NTG_geographical_300_S",2020,FALSE,21.4570935127513,-0.822898911933592,0.829136648902248,-3.69344340989034,3.72144044350578,0.829136648902248,1.07388837817636,0.999343530337489,15.3320714151803,-0.399250391537128,-2.53793289872594,300,7.97313193082809,"Cameroon","S",12.786326,5.831657,3.13672347502695,349.18005724,3.13672347502695
"geographical","2026-06-16_geographical_1","34UFD","34UFD_geographical_300_S",2020,FALSE,4.84911974034156,1.042879803418,1.05302153975983,27.3992134153509,27.6656636788627,1.05302153975983,1.62276669553114,0.983682332041782,4.33739982032195,1.03866723855713,31.486857840457,300,11.7517724951108,"Poland","S",23.2945,52.730829,50.0358954750269,5569.99588428,50.0358954750269
"geographical","2026-06-16_geographical_1","35VML","35VML_geographical_300_S",2020,FALSE,3.08292925258355,0.403261016233439,0.456787999492217,15.0489157860343,17.0464385589162,0.456787999492217,0.744611420788547,0.973177469488572,2.25523366535711,0.41069513176339,22.2654677190848,300,7.9003342072169,"Finland","S",26.091998,63.527175,60.8322414750269,6771.845121,60.8322414750269
"geographical","2026-06-16_geographical_1","49NHC","49NHC_geographical_300_S",2020,FALSE,39.2082424469599,-0.895459135231398,0.898507085566493,-2.23285906263835,2.24045923472932,0.898507085566493,1.01599808814119,0.997361959786861,6.34721769016788,-0.117892559775807,-1.82351971146717,300,6.0628715634346,"Malaysia","S",114.189928,2.213706,-0.48122752497305,53.57024808,0.48122752497305
"geographical","2026-06-16_geographical_1","49UCP","49UCP_geographical_300_S",2020,FALSE,2.54738518879981,0.0913109082074017,0.136336266193268,3.71775841345391,5.55098301670191,0.136336266193268,0.389134712894575,0.996677221400259,4.02908136261663,0.201501395341023,5.26445945124033,300,7.81906225283941,"Mongolia","S",109.045451,48.239885,45.5449514750269,5070.0639982,45.5449514750269
"geographical","2026-06-16_geographical_1","55HEV","55HEV_geographical_300_S",2020,FALSE,5.08030401893883,-0.373357035567937,0.465510628288226,-6.84598899411625,8.53574550445412,0.465510628288226,0.857841992001179,0.995519894087287,5.21595426229455,-0.570997475596676,-9.8669818145874,300,9.7170365691185,"Australia","S",147.613916,-36.636058,-39.3309915249731,4378.32597656,39.3309915249731
"geographical","2026-06-16_geographical_1","10TES","10TES_geographical_500_S",2020,FALSE,23.5764029126841,1.92286010684028,1.92757232089067,8.88011778987657,8.90187965163122,1.92757232089067,2.14383248756366,0.996591118116466,8.9512281570968,0.624894047866713,7.50503210259112,500,22.6645456870397,"USA East","S",-122.285282,46.455086,41.9635301250449,4671.38017352,41.9635301250449
"geographical","2026-06-16_geographical_1","17SNB","17SNB_geographical_500_S",2020,FALSE,15.3389029082363,0.595340383624466,0.92243489988945,4.03796831756672,6.25652652369199,0.92243489988945,1.24425036315987,0.982625923340424,5.53666914500204,0.467392293579948,9.22009799975375,500,4.02816480398178,"USA West","S",-80.379497,37.449419,32.9578631250449,3668.86932308,32.9578631250449
"geographical","2026-06-16_geographical_1","20MMD","20MMD_geographical_500_S",2020,FALSE,30.1878639630133,-0.95789765339148,1.01678850786728,-3.07553132008481,3.26461275980399,1.01678850786728,1.27489785316043,0.986960023710447,5.22254145373001,0.0348548154826744,0.671875884439508,500,4.14652298688889,"Brazil","S",-63.405779,-1.400945,-5.89250087495508,655.9531974,5.89250087495508
"geographical","2026-06-16_geographical_1","32TMT","32TMT_geographical_500_S",2020,FALSE,16.3933887076517,0.401506200195975,1.02521717183126,2.5106875316823,6.41085983062519,1.02521717183126,1.28480668445791,0.99436711842097,9.06334859471628,-0.701748197464971,-7.18629023756169,500,19.2112868070602,"Switzerland","S",8.402194,47.355772,42.8642161250449,4771.64453904,42.8642161250449
"geographical","2026-06-16_geographical_1","32UQU","32UQU_geographical_500_S",2020,FALSE,10.7773516882485,1.34492205041731,1.37544689703062,14.258490145775,14.5821060940019,1.37544689703062,2.03268472545031,0.997235039911179,9.91246187906769,1.36172021194797,15.9251707624873,500,19.1353982766469,"Germany","S",12.430884,48.205131,43.7135751250449,4866.19518292,43.7135751250449
"geographical","2026-06-16_geographical_1","33NTG","33NTG_geographical_500_S",2020,FALSE,20.8251440444071,-1.45484838027783,1.46451014879124,-6.52984234710035,6.57320757061232,1.46451014879124,1.82434892014622,0.998549062730551,15.005612400573,-0.725709406144439,-4.61314958183969,500,8.00356516043345,"Cameroon","S",12.786326,5.831657,1.34010112504492,149.18005724,1.34010112504492
"geographical","2026-06-16_geographical_1","34UFD","34UFD_geographical_500_S",2020,FALSE,5.60356040525341,1.79732046832985,1.81225237719444,47.2203670318943,47.6126678093555,1.81225237719444,2.7543516886099,0.968918990241114,5.11718872958936,1.81845614782454,55.1259037448759,500,11.6012652953466,"Poland","S",23.2945,52.730829,48.2392731250449,5369.99588428,48.2392731250449
"geographical","2026-06-16_geographical_1","35VML","35VML_geographical_500_S",2020,FALSE,3.56290288736816,0.883234651018044,0.944076405938546,32.960597100672,35.2310929066518,0.944076405938546,1.36577809944337,0.95496676257182,2.64787644253031,0.803337908936596,43.5522432470658,500,7.90737541516622,"Finland","S",26.091998,63.527175,59.0356191250449,6571.845121,59.0356191250449
"geographical","2026-06-16_geographical_1","49NHC","49NHC_geographical_500_S",2020,FALSE,38.4300554957396,-1.67364608645168,1.67741523804061,-4.17329578174123,4.18269429469695,1.67741523804061,1.79717134370902,0.99525906928572,6.25183006444136,-0.213280185502321,-3.29894119754847,500,6.00428341229757,"Malaysia","S",114.189928,2.213706,-2.27784987495508,253.57024808,2.27784987495508
"geographical","2026-06-16_geographical_1","49UCP","49UCP_geographical_500_S",2020,FALSE,2.56393095530286,0.10785667471046,0.188393511150357,4.39142559989861,7.67051357684981,0.188393511150357,0.484234880733534,0.994919004604707,4.08080708095652,0.253227113680905,6.61585429555759,500,7.87523656686147,"Mongolia","S",109.045451,48.239885,43.7483291250449,4870.0639982,43.7483291250449
"geographical","2026-06-16_geographical_1","55HEV","55HEV_geographical_500_S",2020,FALSE,4.8817859574708,-0.571875097035968,0.747119721708261,-10.4860769915905,13.6994161214119,0.747119721708261,1.31382620256776,0.990581154987503,4.85425555419242,-0.932696183698804,-16.1172276172927,500,9.84675450722377,"Australia","S",147.613916,-36.636058,-41.1276138749551,4578.32597656,41.1276138749551
"geographical","2026-06-16_geographical_1","10TES","10TES_geographical_1000_S",2020,FALSE,24.8339389538137,3.18039614796982,3.19625736646882,14.6876480051638,14.7608979977457,3.19625736646882,3.54847497801265,0.992584382077185,9.46972401315607,1.14338990392599,13.7322126271451,1000,23.1157653133074,"USA East","S",-122.285282,46.455086,37.4719742500898,4171.38017352,37.4719742500898
"geographical","2026-06-16_geographical_1","17SNB","17SNB_geographical_1000_S",2020,FALSE,16.3010532383596,1.55749071374777,1.9984531515182,10.5638695610224,13.5547507475356,1.9984531515182,2.52190155065156,0.952483943257495,6.07344910309938,1.00417225167729,19.8089842221891,1000,4.09869819084803,"USA West","S",-80.379497,37.449419,28.4663072500898,3168.86932308,28.4663072500898
"geographical","2026-06-16_geographical_1","20MMD","20MMD_geographical_1000_S",2020,FALSE,29.55953098333,-1.58623063307475,1.65535843198726,-5.09292613425534,5.31487543112565,1.65535843198726,2.04528145086349,0.970814697712289,5.38138636137561,0.193699723128277,3.73383622866085,1000,4.17884294986725,"Brazil","S",-63.405779,-1.400945,-10.3840567499102,1155.9531974,10.3840567499102
"geographical","2026-06-16_geographical_1","32TMT","32TMT_geographical_1000_S",2020,FALSE,16.5895097810255,0.597627273569717,1.56838421204942,3.73706643536863,9.80737703217997,1.56838421204942,1.90209344960267,0.987012368477473,8.74386664570166,-1.02123014647959,-10.4579623552454,1000,19.1177911003431,"Switzerland","S",8.402194,47.355772,38.3726602500898,4271.64453904,38.3726602500898
"geographical","2026-06-16_geographical_1","32UQU","32UQU_geographical_1000_S",2020,FALSE,11.3785130824627,1.94608344463155,2.02483301461178,20.631836328005,21.4667174032306,2.02483301461178,3.00548243261981,0.994126525780252,10.5955909296773,2.04484926255762,23.914291206115,1000,19.0114620645841,"Germany","S",12.430884,48.205131,39.2220192500898,4366.19518292,39.2220192500898
"geographical","2026-06-16_geographical_1","33NTG","33NTG_geographical_1000_S",2020,FALSE,19.0908587942314,-3.18913363045353,3.20638544644701,-14.3138901022253,14.3913219777154,3.20638544644701,3.92014458357346,0.994977949522349,14.0038210836898,-1.72750072302757,-10.9812814476271,1000,7.90844253698985,"Cameroon","S",12.786326,5.831657,-3.15145474991017,350.81994276,3.15145474991017
"geographical","2026-06-16_geographical_1","34UFD","34UFD_geographical_1000_S",2020,FALSE,6.99413230350636,3.1878923665828,3.21012164151378,83.754372278471,84.3383941819601,3.21012164151378,4.78058930792196,0.947189977488318,6.5263502630309,3.22761768126608,97.8441750358346,1000,11.6422721028328,"Poland","S",23.2945,52.730829,43.7477172500898,4869.99588428,43.7477172500898
"geographical","2026-06-16_geographical_1","35VML","35VML_geographical_1000_S",2020,FALSE,5.58164558774464,2.90197735139453,2.94486225091288,108.296143232537,109.896524165394,2.94486225091288,3.85977043118718,0.869540991077279,3.98014555634433,2.13560702275061,115.780016728076,1000,7.71914683977763,"Finland","S",26.091998,63.527175,54.5440632500898,6071.845121,54.5440632500898
"geographical","2026-06-16_geographical_1","49NHC","49NHC_geographical_1000_S",2020,FALSE,35.876765015019,-4.22693656717229,4.23117508293464,-10.540016009518,10.5505848986607,4.23117508293464,4.38515157036674,0.98570264168061,5.95325565802079,-0.511854591922893,-7.91718272596127,1000,6.02634551127752,"Malaysia","S",114.189928,2.213706,-6.76940574991017,753.57024808,6.76940574991017
"geographical","2026-06-16_geographical_1","49UCP","49UCP_geographical_1000_S",2020,FALSE,2.63656297296118,0.180488692368778,0.302291737744135,7.34866586873928,12.3079232632664,0.302291737744135,0.682275638877602,0.991340847987568,4.21905719760583,0.391477230330222,10.2278001681795,1000,7.79886986414591,"Mongolia","S",109.045451,48.239885,39.2567732500898,4370.0639982,39.2567732500898
"geographical","2026-06-16_geographical_1","55HEV","55HEV_geographical_1000_S",2020,FALSE,4.56426033067643,-0.889400723830337,1.3286530586385,-16.3083241686859,24.3625895588163,1.3286530586385,2.25503507954254,0.969832446016436,4.09445519924812,-1.6924965386431,-29.246771276165,1000,9.76830689112345,"Australia","S",147.613916,-36.636058,-45.6191697499102,5078.32597656,45.6191697499102
"geographical","2026-06-16_geographical_1","10TES","10TES_geographical_1500_S",2020,FALSE,25.7337163279098,4.08017352206598,4.12281862267225,18.842983610815,19.0399264436283,4.12281862267225,4.57932617021779,0.988120614520529,9.86603505403264,1.53970094480255,18.4919428478823,1500,22.7905680418015,"USA East","S",-122.285282,46.455086,32.9804183751347,3671.38017352,32.9804183751347
"geographical","2026-06-16_geographical_1","17SNB","17SNB_geographical_1500_S",2020,FALSE,17.9491882073035,3.20562568269171,3.57332560313327,21.7425447705768,24.2365140526126,3.57332560313327,4.34497093371928,0.913085933167466,6.70952585412791,1.64024900270581,32.3566664591553,1500,4.11276033322016,"USA West","S",-80.379497,37.449419,23.9747513751347,2668.86932308,23.9747513751347
"geographical","2026-06-16_geographical_1","20MMD","20MMD_geographical_1500_S",2020,FALSE,28.6189814161193,-2.5267802002854,2.56332647646682,-8.1127577851701,8.23009726985356,2.56332647646682,3.00930810079896,0.95400986138012,5.45195301330458,0.264266375057243,5.09410828921089,1500,4.14290359020233,"Brazil","S",-63.405779,-1.400945,-14.8756126248653,1655.9531974,14.8756126248653
"geographical","2026-06-16_geographical_1","32TMT","32TMT_geographical_1500_S",2020,FALSE,16.6697073598568,0.677824852401059,1.76794084160877,4.23855573029031,11.0552390613458,1.76794084160877,2.14312856158526,0.982288218703416,8.70581058412553,-1.05928620805572,-10.8476775048853,1500,19.12480631272,"Switzerland","S",8.402194,47.355772,33.8811043751347,3771.64453904,33.8811043751347
"geographical","2026-06-16_geographical_1","32UQU","32UQU_geographical_1500_S",2020,FALSE,11.6679740790207,2.23554444118952,2.36107165010014,23.7006214414079,25.0314260562354,2.36107165010014,3.51783064650762,0.990959989029957,10.9354592299199,2.38471756280014,27.8890142590804,1500,19.2321317712466,"Germany","S",12.430884,48.205131,34.7304633751347,3866.19518292,34.7304633751347
"geographical","2026-06-16_geographical_1","33NTG","33NTG_geographical_1500_S",2020,FALSE,17.2367033485525,-5.04328907613243,5.07360751288219,-22.6359550757511,22.7720342815778,5.07360751288219,6.19380982284824,0.990285685721103,12.7247720319047,-3.00654977481267,-19.1118700116404,1500,7.91451201836268,"Cameroon","S",12.786326,5.831657,-7.64301062486525,850.81994276,7.64301062486525
"geographical","2026-06-16_geographical_1","34UFD","34UFD_geographical_1500_S",2020,FALSE,7.75294946037601,3.94670952345244,3.97422279275651,103.690507925321,104.413354350139,3.97422279275651,5.81666552257663,0.936742059982253,7.20393146603853,3.90519888427371,118.384827732366,1500,11.6661865552266,"Poland","S",23.2945,52.730829,39.2561613751347,4369.99588428,39.2561613751347
"geographical","2026-06-16_geographical_1","35VML","35VML_geographical_1500_S",2020,FALSE,9.16274579604423,6.48307755969412,6.50565504077877,241.935828911585,242.778376536638,6.50565504077877,8.04455092462442,0.716294196563732,5.90684424450394,4.06230571091022,220.234255718997,1500,7.7705802599589,"Finland","S",26.091998,63.527175,50.0525073751347,5571.845121,50.0525073751347
"geographical","2026-06-16_geographical_1","49NHC","49NHC_geographical_1500_S",2020,FALSE,32.9957955814499,-7.10790600074144,7.11228039114627,-17.7238153096018,17.734723006977,7.11228039114627,7.30817464956156,0.969694644447515,5.643010869296,-0.822099380647678,-12.7159375302972,1500,5.93766386111577,"Malaysia","S",114.189928,2.213706,-11.2609616248653,1253.57024808,11.2609616248653
"geographical","2026-06-16_geographical_1","49UCP","49UCP_geographical_1500_S",2020,FALSE,2.77964069743016,0.323566416837756,0.465140091034959,13.1741299273617,18.9383560061859,0.465140091034959,0.970613244679489,0.986877486230148,4.45219938881658,0.62461942154097,16.3189123906289,1500,7.73792673746745,"Mongolia","S",109.045451,48.239885,34.7652173751347,3870.0639982,34.7652173751347
"geographical","2026-06-16_geographical_1","55HEV","55HEV_geographical_1500_S",2020,FALSE,4.48625669785874,-0.96740435664803,1.79454297505979,-17.7386226789542,32.9052898066854,1.79454297505979,2.90791167315309,0.938779122295481,3.54980825652789,-2.23714348136333,-38.6584091710181,1500,9.78294354279836,"Australia","S",147.613916,-36.636058,-50.1107256248653,5578.32597656,50.1107256248653
"geographical","2026-06-16_geographical_1","10TES","10TES_geographical_2000_S",2020,FALSE,26.569879196012,4.91633639016816,4.98612269571514,22.7045358547117,23.0268217096072,4.98612269571514,5.53530354974769,0.982198241417691,10.1838218613262,1.85748775209612,22.3085901637915,2000,22.9310303966204,"USA East","S",-122.285282,46.455086,28.4888625001797,3171.38017352,28.4888625001797
"geographical","2026-06-16_geographical_1","17SNB","17SNB_geographical_2000_S",2020,FALSE,19.374045435912,4.63048291130018,4.90862148378047,31.4068116411512,33.2933202242428,4.90862148378047,5.80704224296407,0.881093301698061,7.0223765100989,1.9530996586768,38.5281710966111,2000,4.0654191493988,"USA West","S",-80.379497,37.449419,19.4831955001797,2168.86932308,19.4831955001797
"geographical","2026-06-16_geographical_1","20MMD","20MMD_geographical_2000_S",2020,FALSE,27.1496270755828,-3.99613454082191,4.02624714156009,-12.830428069279,12.9271108895903,4.02624714156009,4.48866686805247,0.928796784310314,5.51330703118192,0.325620392934586,6.2767937934778,2000,4.14983696142832,"Brazil","S",-63.405779,-1.400945,-19.3671684998203,2155.9531974,19.3671684998203
"geographical","2026-06-16_geographical_1","32TMT","32TMT_geographical_2000_S",2020,FALSE,17.160593142032,1.16871063457628,2.00289613726821,7.30814920652025,12.524455056085,2.00289613726821,2.42902995835632,0.978200294502452,8.90252504560731,-0.862571746573941,-8.83321245995829,2000,19.1058722813924,"Switzerland","S",8.402194,47.355772,29.3895485001797,3271.64453904,29.3895485001797
"geographical","2026-06-16_geographical_1","32UQU","32UQU_geographical_2000_S",2020,FALSE,12.0337604101809,2.60133077234977,2.73750999746227,27.5785865596757,29.0223208926234,2.73750999746227,4.09062710066358,0.987526378979554,11.2995447905285,2.74880312340877,32.1469555556657,2000,19.2934807062149,"Germany","S",12.430884,48.205131,30.2389075001797,3366.19518292,30.2389075001797
"geographical","2026-06-16_geographical_1","33NTG","33NTG_geographical_2000_S",2020,FALSE,15.2397110958957,-7.04028132878922,7.0916866102411,-31.5991190418404,31.8298430047217,7.0916866102411,8.67057955404706,0.985568004595528,11.2005876214707,-4.53073418524668,-28.8007215217733,2000,7.72972792784373,"Cameroon","S",12.786326,5.831657,-12.1345664998203,1350.81994276,12.1345664998203
"geographical","2026-06-16_geographical_1","34UFD","34UFD_geographical_2000_S",2020,FALSE,8.3474683412379,4.54122840431434,4.57044026321643,119.310092888806,120.077565759308,4.57044026321643,6.61036391571814,0.924448901540639,7.68545931313852,4.3867267313737,132.982187026109,2000,11.4382114013036,"Poland","S",23.2945,52.730829,34.7646055001797,3869.99588428,34.7646055001797
"geographical","2026-06-16_geographical_1","35VML","35VML_geographical_2000_S",2020,FALSE,12.9291431692427,10.2494749328925,10.2667069150077,382.490443923498,383.133507937221,10.2667069150077,12.433745891812,0.596975188583227,7.98274937223463,6.13821083864091,332.777587827445,2000,7.95904668569565,"Finland","S",26.091998,63.527175,45.5609515001797,5071.845121,45.5609515001797
"geographical","2026-06-16_geographical_1","49NHC","49NHC_geographical_2000_S",2020,FALSE,30.2054959280384,-9.89820565415294,9.90272304716661,-24.6815263021715,24.6927905816157,9.90272304716661,10.1368195883044,0.948372846552971,5.3722205863623,-1.09288966358138,-16.9044242299023,2000,5.92087538639704,"Malaysia","S",114.189928,2.213706,-15.7525174998203,1753.57024808,15.7525174998203
"geographical","2026-06-16_geographical_1","49UCP","49UCP_geographical_2000_S",2020,FALSE,2.94412582280061,0.488051542208207,0.66354395004786,19.8712044690476,27.0164447097998,0.66354395004786,1.38322726143884,0.980913646757884,4.81340035334694,0.985820386071327,25.755709730423,2000,7.9886705438296,"Mongolia","S",109.045451,48.239885,30.2736615001797,3370.0639982,30.2736615001797
"geographical","2026-06-16_geographical_1","55HEV","55HEV_geographical_2000_S",2020,FALSE,4.55594518769091,-0.897715866815854,2.25677585946128,-16.46079317808,41.3809335949901,2.25677585946128,3.45820238403256,0.889453187979617,3.10801673272545,-2.67893500516577,-46.2926792291166,2000,10.0386556386948,"Australia","S",147.613916,-36.636058,-54.6022814998203,6078.32597656,54.6022814998203
"geographical","2026-06-16_geographical_1","10TES","10TES_geographical_3000_S",2020,FALSE,27.8229657970819,6.16942299123805,6.27078707550317,28.4915177463387,28.9596355281447,6.27078707550317,6.96539615888466,0.968031144764872,10.5285822128177,2.20224810358757,26.4491921017953,3000,22.7223593155543,"USA East","S",-122.285282,46.455086,19.5057507502695,2171.38017352,19.5057507502695
"geographical","2026-06-16_geographical_1","17SNB","17SNB_geographical_3000_S",2020,FALSE,20.6552469807144,5.91168445610259,6.13860544570226,40.0967164227375,41.6358355414773,6.13860544570226,7.04086853917995,0.823817985424476,6.69976470141085,1.63048784998876,32.1641113274639,3000,4.00975448290507,"USA West","S",-80.379497,37.449419,10.5000837502695,1168.86932308,10.5000837502695
"geographical","2026-06-16_geographical_1","20MMD","20MMD_geographical_3000_S",2020,FALSE,18.633629588193,-12.5121320282118,12.5391876088349,-40.1728240982283,40.2596917142986,12.5391876088349,13.1395940208305,0.761160769836246,6.13391742854041,0.946230790293072,18.2399373030125,3000,4.32457294066747,"Brazil","S",-63.405779,-1.400945,-28.3502802497305,3155.9531974,28.3502802497305
"geographical","2026-06-16_geographical_1","32TMT","32TMT_geographical_3000_S",2020,FALSE,19.0824726470836,3.0905901396278,3.22953050437367,19.3259932855741,20.194811354248,3.22953050437367,3.78739972228628,0.975405215684249,9.92462092883956,0.159524136658312,1.6336155191625,3000,18.9097728649775,"Switzerland","S",8.402194,47.355772,20.4064367502695,2271.64453904,20.4064367502695
"geographical","2026-06-16_geographical_1","32UQU","32UQU_geographical_3000_S",2020,FALSE,13.1083880620214,3.67595842419026,3.77118734488233,38.9714905420221,39.9810811178175,3.77118734488233,5.49665535656114,0.981812877695126,12.1455915685478,3.59484990142807,42.0413812201975,3000,19.0581491033236,"Germany","S",12.430884,48.205131,21.2557957502695,2366.19518292,21.2557957502695
"geographical","2026-06-16_geographical_1","33NTG","33NTG_geographical_3000_S",2020,FALSE,11.7284631015224,-10.5515293231625,10.7181782263445,-47.3587653085198,48.1067408913002,10.7181782263445,13.1528239387307,0.981705423598426,8.18473940706508,-7.54658239965231,-47.9716993420722,3000,8.00342086156209,"Cameroon","S",12.786326,5.831657,-21.1176782497305,2350.81994276,21.1176782497305
"geographical","2026-06-16_geographical_1","34UFD","34UFD_geographical_3000_S",2020,FALSE,9.39092110204442,5.58468116512086,5.60356426899871,146.724359411633,147.220468542712,5.60356426899871,7.86467218197562,0.909068582297547,8.36304622106326,5.06431363929844,153.523012665338,3000,11.7224714954694,"Poland","S",23.2945,52.730829,25.7814937502695,2869.99588428,25.7814937502695
"geographical","2026-06-16_geographical_1","35VML","35VML_geographical_3000_S",2020,FALSE,15.54048406767,12.8608158313199,12.8732140180104,479.940600737842,480.403276920004,12.8732140180104,15.2081988559084,0.543864060695791,8.97141348812115,7.12687495452743,386.377124940953,3000,7.83960456053416,"Finland","S",26.091998,63.527175,36.5778397502695,4071.845121,36.5778397502695
"geographical","2026-06-16_geographical_1","49NHC","49NHC_geographical_3000_S",2020,FALSE,24.8787542141109,-15.2249473680804,15.2297468299722,-37.9639453901216,37.9759130183014,15.2297468299722,15.5606259998778,0.874817461792738,4.93164745418891,-1.53346279575477,-23.7190509747012,3000,5.97597851355871,"Malaysia","S",114.189928,2.213706,-24.7356292497305,2753.57024808,24.7356292497305
"geographical","2026-06-16_geographical_1","49UCP","49UCP_geographical_3000_S",2020,FALSE,3.24857124782678,0.792496967234379,1.1153229164058,32.2668159304705,45.4107974347089,1.1153229164058,2.50029681817704,0.961816953444526,5.80887127105377,1.98129130377816,51.7635508785567,3000,7.79381509621938,"Mongolia","S",109.045451,48.239885,21.2905497502695,2370.0639982,21.2905497502695
"geographical","2026-06-16_geographical_1","55HEV","55HEV_geographical_3000_S",2020,FALSE,4.7683748437969,-0.685286210709863,3.16896171315401,-12.5656179190593,58.1070528857905,3.16896171315401,4.50307594045172,0.700978543838225,2.39078801668311,-3.39616372120812,-58.6865741245267,3000,9.7845094760259,"Australia","S",147.613916,-36.636058,-63.5853932497305,7078.32597656,63.5853932497305
"geographical","2026-06-16_geographical_1","10TES","10TES_geographical_5000_S",2020,FALSE,25.7466294369266,4.09308663108268,4.5577170549699,18.9026186974726,21.0483665229131,4.5577170549699,5.47619645937815,0.930829248561838,9.74442580247041,1.41809169324032,17.0314051134257,5000,22.702880012989,"USA East","S",-122.285282,46.455086,1.53952725044915,171.38017352,1.53952725044915
"geographical","2026-06-16_geographical_1","17SNB","17SNB_geographical_5000_S",2020,FALSE,18.5842730001804,3.84071047556861,4.57308179500455,26.0500843616135,31.01748161186,4.57308179500455,5.47555097808692,0.740449732275723,5.65673453841657,0.587457686994473,11.5885895407285,5000,3.92999422947566,"USA West","S",-80.379497,37.449419,-7.46613974955085,831.13067692,7.46613974955085
"geographical","2026-06-16_geographical_1","20MMD","20MMD_geographical_5000_S",2020,FALSE,4.62658239516053,-26.5191792212442,26.5213339086189,-85.145386867908,85.1523049436361,26.5213339086189,27.051236891113,0.0483390852445138,1.53659186944507,-3.65109476880227,-70.3800175955846,5000,4.21403882503509,"Brazil","S",-63.405779,-1.400945,-46.3165037495508,5155.9531974,46.3165037495508
"geographical","2026-06-16_geographical_1","32TMT","32TMT_geographical_5000_S",2020,FALSE,19.4972526133634,3.50537010590768,3.73775012846484,21.919683966371,23.372796334154,3.73775012846484,4.46312755078317,0.969177604401053,10.8221299532748,1.05703316109351,10.8246050560386,5000,19.8393962621689,"Switzerland","S",8.402194,47.355772,2.44021325044915,271.64453904,2.44021325044915
"geographical","2026-06-16_geographical_1","32UQU","32UQU_geographical_5000_S",2020,FALSE,13.7729341974767,4.34050455964557,4.44051954589082,46.0168241514029,47.0771552652881,4.44051954589082,6.24237935218084,0.975152056358759,12.405082784634,3.8543411175143,45.0761029576587,5000,19.3856877843539,"Germany","S",12.430884,48.205131,3.28957225044915,366.19518292,3.28957225044915
"geographical","2026-06-16_geographical_1","33NTG","33NTG_geographical_5000_S",2020,FALSE,7.8931493001808,-14.3868431245041,15.2592851774047,-64.5729264636749,68.4887359319668,15.2592851774047,18.6672514159248,0.938653893058811,4.18074989765312,-11.5505719090643,-73.4240393209176,5000,8.11948625644048,"Cameroon","S",12.786326,5.831657,-39.0839017495508,4350.81994276,39.0839017495508
"geographical","2026-06-16_geographical_1","34UFD","34UFD_geographical_5000_S",2020,FALSE,9.07258786443866,5.2663479275151,5.28161255429914,138.360902486134,138.761944644196,5.28161255429914,7.1185060338163,0.915597722249892,7.62241547182897,4.32368289006415,131.071033583176,5000,11.7400685588519,"Poland","S",23.2945,52.730829,7.81527025044915,869.99588428,7.81527025044915
"geographical","2026-06-16_geographical_1","35VML","35VML_geographical_5000_S",2020,FALSE,18.0907101978254,15.4110419614753,15.4151815636338,575.110073419616,575.26455531041,15.4151815636338,17.329602839093,0.451837971456421,8.58631641373117,6.74177788013745,365.499432912493,5000,7.93333308696747,"Finland","S",26.091998,63.527175,18.6116162504492,2071.845121,18.6116162504492
"geographical","2026-06-16_geographical_1","49NHC","49NHC_geographical_5000_S",2020,FALSE,16.0828718824733,-24.020829699718,24.0255617296294,-59.8967894534325,59.9085889375816,24.0255617296294,24.5231620033138,0.64559306655422,4.26561627888904,-2.19949397105464,-34.0209816386937,5000,5.97830849885941,"Malaysia","S",114.189928,2.213706,-42.7018527495508,4753.57024808,42.7018527495508
"geographical","2026-06-16_geographical_1","49UCP","49UCP_geographical_5000_S",2020,FALSE,2.60343579091737,0.147361510324968,1.19304604719455,5.99988003169939,48.575324314165,1.19304604719455,2.46098288604253,0.92989645720255,5.57236886449116,1.74478889721555,45.5846491029017,5000,7.63182309071223,"Mongolia","S",109.045451,48.239885,3.32432625044915,370.0639982,3.32432625044915
"geographical","2026-06-16_geographical_1","55HEV","55HEV_geographical_5000_S",2020,FALSE,4.95624908292521,-0.497411971581558,4.2941465479978,-9.12069830908375,78.7387867540691,4.2941465479978,5.76219771321608,0.174743813186136,1.71072518943795,-4.07622654845327,-70.4382329951598,5000,9.75154848496119,"Australia","S",147.613916,-36.636058,-81.5516167495508,9078.32597656,81.5516167495508
