"mode","run","tile","out_name","year","original","mean_height","mean_change","mean_abs_change","relative_mean_change","relative_mean_abs_change","mae","rmse","correlation","SD","sd_change","relative_sd_change","wasserstein","q05_shift","q25_shift","q50_shift","q75_shift","q95_shift","shuffle_percentage","patch_size","shuffle_type","time_min"
"shuffle","2026-06-22_shuffle_g3","32UQU","32UQU_original","2020",TRUE,9.43242963783114,0,0,0,0,0,0,1,8.55074166711972,0,0,0,0,0,0,0,0,0,1,"local",35.8492875973384
"shuffle","2026-06-22_shuffle_g3","32UQU","32UQU_shuffle_2.5_ 1x 1_local","2020",FALSE,9.70537916411561,0.272949526284476,1.22386132044911,2.89373509015899,12.9750379005267,1.22386132044911,1.63836793301273,0.987503306718147,7.55294783236555,-0.997793834754172,-11.6690910987406,1.02884988889561,1,1,1,0,-2,2.5,1,"local",56.4412390947342
"shuffle","2026-06-22_shuffle_g3","32UQU","32UQU_shuffle_5.0_ 1x 1_local","2020",FALSE,9.95078546125905,0.518355823427912,2.14361211382737,5.49546451265234,22.7259804327601,2.14361211382737,2.65668753592393,0.970743776046382,6.69629472317111,-1.85444694394861,-21.6875566604888,1.91936783270106,1,1,2,0,-4,5,1,"local",56.3426328341166
"shuffle","2026-06-22_shuffle_g3","32UQU","32UQU_shuffle_10.0_ 1x 1_local","2020",FALSE,10.1937626441038,0.761333006272631,3.40764180513978,8.07144113982163,36.1268722479792,3.40764180513978,4.0570342189014,0.931479866650247,5.47417089173888,-3.07657077538085,-35.9801628344267,3.16017365359297,2,3,3,-1,-7,10,1,"local",57.21736536026
"shuffle","2026-06-22_shuffle_g3","32UQU","32UQU_shuffle_15.0_ 1x 1_local","2020",FALSE,10.1859726253099,0.753542987478751,4.15919471198347,7.98885352355534,44.0946274892099,4.15919471198347,4.90738534401514,0.89277330418436,4.68846193109658,-3.86227973602314,-45.1689442434546,3.90235629900165,3,3,4,-2,-8,15,1,"local",58.6985695083936
"shuffle","2026-06-22_shuffle_g3","32UQU","32UQU_shuffle_20.0_ 1x 1_local","2020",FALSE,10.055887371187,0.623457733355838,4.62697780547805,6.60972577897962,49.0539339611969,4.62697780547805,5.45768761962944,0.859725078835601,4.13820548736175,-4.41253617975797,-51.6041339048466,4.34973150710841,3,4,4,-3,-10,20,1,"local",61.4369629939397
"shuffle","2026-06-22_shuffle_g3","32UQU","32UQU_shuffle_25.0_ 1x 1_local","2020",FALSE,10.0136774667026,0.581302002464023,4.97619654205331,6.16283782031305,52.7565570403746,4.97619654205331,5.85827239207104,0.829524482404296,3.75011664491898,-4.80084672930862,-56.1439281073084,4.68885482873992,4,4,4,-3,-10,25,1,"local",58.5531076510747
"shuffle","2026-06-22_shuffle_g3","32UQU","32UQU_shuffle_30.0_ 1x 1_local","2020",FALSE,10.0812520919854,0.648811023916235,5.12990069569768,6.87850599048638,54.3857168963769,5.12990069569768,6.01523683900006,0.820778098137962,3.56821893656032,-4.98253486221007,-58.2701242424564,4.86219952454729,4,4,4,-3,-11,30,1,"local",62.1573757608732
"shuffle","2026-06-22_shuffle_g3","32UQU","32UQU_shuffle_50.0_ 1x 1_local","2020",FALSE,8.99467355072005,-0.437756087111088,5.79171434860145,-4.64096848764561,61.4021473891766,5.79171434860145,7.01822866572805,0.745002842173124,2.30464305380753,-6.24609861331219,-73.047448472574,5.53020478422105,5,4,3,-5,-14,50,1,"local",70.4666901191076
"shuffle","2026-06-22_shuffle_g3","32UQU","32UQU_shuffle_65.0_ 1x 1_local","2020",FALSE,9.22107457080521,-0.211349691505447,6.29761549810226,-2.24067202267334,66.7656089566049,6.29761549810226,7.52318158352897,0.615482049510694,1.92602548640246,-6.62481919296964,-77.4756113738241,5.88659751737578,6,5,3,-5,-14,65,1,"local",51.1473124027252
"shuffle","2026-06-22_shuffle_g3","32UQU","32UQU_shuffle_80.0_ 1x 1_local","2020",FALSE,8.4165208510153,-1.0159075654032,6.60001030640526,-10.7703713248951,69.9714857620016,6.60001030640526,8.08321101928222,0.471710671469233,1.30229534756164,-7.24848606203592,-84.7698673936405,6.18227443453666,6,5,2,-7,-16,80,1,"local",70.888547039032
"shuffle","2026-06-22_shuffle_g3","32UQU","32UQU_shuffle_100.0_ 1x 1_local","2020",FALSE,8.21554432660067,-1.21686797662208,7.09793875188448,-12.9009201199391,75.2505141177866,7.09793875188448,8.68233375736605,0.0109341732812964,0.985079119511702,-7.56570874375298,-88.4796683619794,6.31577805341443,7,5,2,-7,-16,100,1,"local",69.9459899028142
"shuffle","2026-06-22_shuffle_g3","32UQU","32UQU_shuffle_2.5_ 2x 2_local","2020",FALSE,8.91163920699337,-0.520790430837769,0.763192861246193,-5.52127554441549,8.09115880584166,0.763192861246193,1.34007030106448,0.991155241860901,7.98837500775867,-0.562366659361054,-6.57681732478867,0.53344676651098,0,0,0,-1,-2,2.5,2,"local",36.017390648524
"shuffle","2026-06-22_shuffle_g3","32UQU","32UQU_shuffle_5.0_ 2x 2_local","2020",FALSE,8.47046444107603,-0.961965196755109,1.32061575163373,-10.1984879155303,14.000801514989,1.32061575163373,2.09500972064138,0.982292793694325,7.45208202184014,-1.09865964527958,-12.84870585559,0.990812317469074,0,0,0,-2,-3,5,2,"local",43.7612260619799
"shuffle","2026-06-22_shuffle_g3","32UQU","32UQU_shuffle_10.0_ 2x 2_local","2020",FALSE,7.77897823738365,-1.65345140044749,2.2084927719654,-17.5294326481473,23.4138271554943,2.2084927719654,3.32499431134871,0.963345914679533,6.48804298738622,-2.0626986797335,-24.1230382115884,1.74397764706816,0,-1,0,-3,-6,10,2,"local",45.4205231706301
"shuffle","2026-06-22_shuffle_g3","32UQU","32UQU_shuffle_15.0_ 2x 2_local","2020",FALSE,7.27873408373211,-2.15369555409903,2.89990110323817,-22.8328822667395,30.7439463063407,2.89990110323817,4.29566114141127,0.94305835647652,5.67119966022343,-2.87954200689629,-33.6759326734081,2.32945185775145,0,0,0,-4,-8,15,2,"local",46.1645759940147
"shuffle","2026-06-22_shuffle_g3","32UQU","32UQU_shuffle_20.0_ 2x 2_local","2020",FALSE,6.91847923763161,-2.51395040019953,3.44781510682726,-26.652204116283,36.5527784379003,3.44781510682726,5.06503161282433,0.92146790070829,4.99795930022735,-3.55278236689237,-41.549405948655,2.7933792370551,0,0,0,-5,-10,20,2,"local",43.5261817336082
"shuffle","2026-06-22_shuffle_g3","32UQU","32UQU_shuffle_25.0_ 2x 2_local","2020",FALSE,6.65855119617642,-2.77387844165472,3.89205951840415,-29.4078890398438,41.2625343399761,3.89205951840415,5.68161683092177,0.898660513387353,4.44101662133704,-4.10972504578268,-48.0627904078293,3.2292199152416,1,0,0,-6,-11,25,2,"local",47.0423774123192
"shuffle","2026-06-22_shuffle_g3","32UQU","32UQU_shuffle_30.0_ 2x 2_local","2020",FALSE,6.47344826444332,-2.95898137338782,4.25563437492409,-31.3702989261651,45.1170540181482,4.25563437492409,6.17791008057816,0.874881256208052,3.9795354427243,-4.57120622439542,-53.4597629346369,3.60976012872302,1,1,0,-6,-13,30,2,"local",45.5149647434553
"shuffle","2026-06-22_shuffle_g3","32UQU","32UQU_shuffle_50.0_ 2x 2_local","2020",FALSE,6.15112476943639,-3.28130486839475,5.27682998109955,-34.7874831234812,55.943486288363,5.27682998109955,7.47984852045335,0.764576477881691,2.68964996511666,-5.86109170200307,-68.5448342398274,4.73422375021155,1,2,0,-8,-16,50,2,"local",47.3275833527247
"shuffle","2026-06-22_shuffle_g3","32UQU","32UQU_shuffle_65.0_ 2x 2_local","2020",FALSE,6.10429340182369,-3.32813623600745,5.8355869362433,-35.2839762796546,61.8672723816376,5.8355869362433,8.11354368574921,0.649521556315194,2.02067389183883,-6.53006777528089,-76.3684371426054,5.33095843214621,2,2,0,-9,-17,65,2,"local",50.0112851937612
"shuffle","2026-06-22_shuffle_g3","32UQU","32UQU_shuffle_80.0_ 2x 2_local","2020",FALSE,6.09499814947034,-3.3374314883608,6.3271474500511,-35.3825219641733,67.0786604617169,6.3271474500511,8.63581191511961,0.461509188535034,1.51798056633435,-7.03276110078537,-82.2473812748727,5.76485413376185,3,2,0,-9,-18,80,2,"local",52.2095077037811
"shuffle","2026-06-22_shuffle_g3","32UQU","32UQU_shuffle_100.0_ 2x 2_local","2020",FALSE,6.07222346848082,-3.36020616935032,6.93093828843446,-35.6239728083776,73.4798832809331,6.93093828843446,9.26012295889284,0.00746228861639371,1.22474771023125,-7.32599395688847,-85.6767078469838,6.02185638851906,4,3,0,-9,-18,100,2,"local",51.0230813066165
"shuffle","2026-06-22_shuffle_g3","32UQU","32UQU_shuffle_2.5_ 4x 4_local","2020",FALSE,9.02762193201525,-0.404807705815889,0.555218396756189,-4.29165889764293,5.88627127977023,0.555218396756189,1.36980599334987,0.988738113186494,8.18068777738202,-0.370053889737706,-4.32774026094928,0.411081496177539,0,0,0,-1,-1,2.5,4,"local",35.4129007180532
"shuffle","2026-06-22_shuffle_g3","32UQU","32UQU_shuffle_5.0_ 4x 4_local","2020",FALSE,8.65107822937668,-0.781351408454457,1.00303392746131,-8.2836706814186,10.633887195282,1.00303392746131,2.03294737248234,0.977710135828647,7.81312172203313,-0.73761994508659,-8.62638556749959,0.795972807317623,0,0,0,-1,-2,5,4,"local",39.7376677274704
"shuffle","2026-06-22_shuffle_g3","32UQU","32UQU_shuffle_10.0_ 4x 4_local","2020",FALSE,7.97525945131726,-1.45717018651387,1.783880073498,-15.448513717712,18.9122012248392,1.783880073498,3.11916139715741,0.954554480260306,7.107960745617,-1.44278092150273,-16.8731670031697,1.49175522946023,0,-1,-1,-3,-4,10,4,"local",35.870872314771
"shuffle","2026-06-22_shuffle_g3","32UQU","32UQU_shuffle_15.0_ 4x 4_local","2020",FALSE,7.39063728705155,-2.04179235077959,2.46366579475854,-21.6465155763311,26.1191006914845,2.46366579475854,4.04587480872265,0.92958528434845,6.44333984287257,-2.10740182424715,-24.6458366570794,2.09766362325747,0,-1,-1,-4,-6,15,4,"local",35.7494573394457
"shuffle","2026-06-22_shuffle_g3","32UQU","32UQU_shuffle_20.0_ 4x 4_local","2020",FALSE,6.88958724641809,-2.54284239141304,3.05896964667686,-26.9585089849421,32.4303468367057,3.05896964667686,4.85256267102308,0.902746124451312,5.83463466744931,-2.71610699967041,-31.7645779209386,2.618615940839,0,-1,-1,-5,-8,20,4,"local",34.7284645199776
"shuffle","2026-06-22_shuffle_g3","32UQU","32UQU_shuffle_25.0_ 4x 4_local","2020",FALSE,6.45872121618415,-2.97370842164699,3.58424926419993,-31.5264310026781,37.9992154918855,3.58424926419993,5.56241945278103,0.873627088784181,5.2825423021319,-3.26819936498782,-38.2212384868914,3.06643146289221,0,-1,-1,-6,-9,25,4,"local",34.9110450188319
"shuffle","2026-06-22_shuffle_g3","32UQU","32UQU_shuffle_30.0_ 4x 4_local","2020",FALSE,6.09171763754768,-3.34071200028346,4.04808896999201,-35.4173010407063,42.9167152623766,4.04808896999201,6.18580923874667,0.841706500987757,4.79126430228054,-3.75947736483919,-43.9666816189238,3.44749607385077,0,-1,-1,-7,-11,30,4,"local",36.4076462388039
"shuffle","2026-06-22_shuffle_g3","32UQU","32UQU_shuffle_50.0_ 4x 4_local","2020",FALSE,5.10864804621369,-4.32378159161745,5.42906043162739,-45.8395318876891,57.5573912563607,5.42906043162739,7.996277429461,0.681039274779405,3.36532979208314,-5.18541187503658,-60.6428316619143,4.46204934083322,1,-1,-1,-9,-15,50,4,"local",38.6805873235067
"shuffle","2026-06-22_shuffle_g3","32UQU","32UQU_shuffle_65.0_ 4x 4_local","2020",FALSE,4.71231786314067,-4.72011177469047,6.14092912263787,-50.0413144430919,65.104425460097,6.14092912263787,8.8714169799104,0.516787859642709,2.73539612360717,-5.81534554351255,-68.0098378585611,4.86681592184811,1,-1,-1,-9,-17,65,4,"local",44.0351078867912
"shuffle","2026-06-22_shuffle_g3","32UQU","32UQU_shuffle_80.0_ 4x 4_local","2020",FALSE,4.49231128801639,-4.94011834981474,6.70647105620053,-52.3737630652568,71.1001440106432,6.70647105620053,9.51045458663119,0.313123747303479,2.36522069751738,-6.18552096960235,-72.3389994740177,5.08954927733782,1,-1,-1,-10,-18,80,4,"local",47.2074435869853
"shuffle","2026-06-22_shuffle_g3","32UQU","32UQU_shuffle_100.0_ 4x 4_local","2020",FALSE,4.38582904144017,-5.04660059639097,7.35395030296714,-53.5026582774634,77.9645392049601,7.35395030296714,10.1605716646695,0.00337353782995279,2.18631900685636,-6.36442266026336,-74.4312354182861,5.19733893627407,1,-1,-1,-10,-19,100,4,"local",41.9727542599042
"shuffle","2026-06-22_shuffle_g3","32UQU","32UQU_shuffle_2.5_ 8x 8_local","2020",FALSE,9.08469493284979,-0.347734704981351,0.462894034270231,-3.6865867897564,4.9074740235928,0.462894034270231,1.50900386202912,0.985301068495053,8.27492070472981,-0.275820962389908,-3.22569635626493,0.352019591185254,0,0,0,0,-1,2.5,8,"local",39.1985398968061
"shuffle","2026-06-22_shuffle_g3","32UQU","32UQU_shuffle_5.0_ 8x 8_local","2020",FALSE,8.75279155582693,-0.679638082004208,0.8579055938522,-7.20533423624332,9.095276898874,0.8579055938522,2.17733862438482,0.97093948218916,8.00040468806153,-0.550336979058189,-6.43613151329793,0.688201435689557,0,0,0,-1,-2,5,8,"local",35.0762187679609
"shuffle","2026-06-22_shuffle_g3","32UQU","32UQU_shuffle_10.0_ 8x 8_local","2020",FALSE,8.12907549918799,-1.30335413864315,1.56928675611078,-13.817798686944,16.6371424581505,1.56928675611078,3.21577554396741,0.9416267666463,7.45522118194423,-1.09552048517549,-12.8119937173183,1.32185692658227,0,-1,-1,-3,-3,10,8,"local",36.5723176161448
"shuffle","2026-06-22_shuffle_g3","32UQU","32UQU_shuffle_15.0_ 8x 8_local","2020",FALSE,7.55904210384046,-1.87338753399068,2.21045891647682,-19.8611344682285,23.4346716736822,2.21045891647682,4.07895932917941,0.911541622358546,6.91963103755103,-1.63111062956869,-19.0756625924137,1.90193005087796,0,-1,-1,-4,-4,15,8,"local",39.2069653948148
"shuffle","2026-06-22_shuffle_g3","32UQU","32UQU_shuffle_20.0_ 8x 8_local","2020",FALSE,7.0433957769446,-2.38903386088654,2.79515790644334,-25.3278736509702,29.6334880170497,2.79515790644334,4.84454328803754,0.879905447654373,6.4035026472384,-2.14723901988132,-25.1117283561276,2.42831797926427,0,-1,-1,-5,-6,20,8,"local",37.3673745552699
"shuffle","2026-06-22_shuffle_g3","32UQU","32UQU_shuffle_25.0_ 8x 8_local","2020",FALSE,6.57613211549935,-2.85629752233179,3.33052472723546,-30.2816732485964,35.3092984004625,3.33052472723546,5.52907990865924,0.847197397917751,5.91185659760686,-2.63888506951286,-30.8614757905762,2.90571306568756,0,-1,-1,-6,-7,25,8,"local",34.1138278365135
"shuffle","2026-06-22_shuffle_g3","32UQU","32UQU_shuffle_30.0_ 8x 8_local","2020",FALSE,6.15893347345871,-3.27349616437243,3.81760145231284,-34.7046974116112,40.4731505973963,3.81760145231284,6.14490086630113,0.813055272227706,5.44813536947634,-3.10260629764338,-36.2846454544858,3.33300077952063,0,-1,-2,-7,-8,30,8,"local",39.4744698087374
"shuffle","2026-06-22_shuffle_g3","32UQU","32UQU_shuffle_50.0_ 8x 8_local","2020",FALSE,4.90188729976788,-4.53054233806326,5.37641325206228,-48.0315519120585,56.9992404766935,5.37641325206228,8.08152744658476,0.652153852742402,3.91317439560429,-4.63756727151544,-54.2358482112532,4.62107007258373,0,-1,-2,-9,-13,50,8,"local",38.4789356271426
"shuffle","2026-06-22_shuffle_g3","32UQU","32UQU_shuffle_65.0_ 8x 8_local","2020",FALSE,4.32047260202256,-5.11195703580858,6.21444411237795,-54.1955491012176,65.8838109690567,6.21444411237795,9.0835118201926,0.495649003336557,3.13138942390473,-5.419352243215,-63.378738993532,5.21653107938442,0,-1,-2,-10,-16,65,8,"local",37.2136623303096
"shuffle","2026-06-22_shuffle_g3","32UQU","32UQU_shuffle_80.0_ 8x 8_local","2020",FALSE,3.97359037598624,-5.4588392618449,6.86664125821622,-57.8730981458992,72.7982240193537,6.86664125821622,9.81417045337019,0.300504815384579,2.64931390491471,-5.90142776220502,-69.0165601060999,5.57214638326567,0,-1,-2,-10,-17,80,8,"local",40.9343809843063
"shuffle","2026-06-22_shuffle_g3","32UQU","32UQU_shuffle_100.0_ 8x 8_local","2020",FALSE,3.80486285838182,-5.62756677944932,7.57934940906581,-59.6619004384464,80.3541579432188,7.57934940906581,10.5093648580708,0.0045008132986193,2.41830473963539,-6.13243692748434,-71.7181873364912,5.74561103880216,0,-1,-2,-10,-18,100,8,"local",39.9240742087364
"shuffle","2026-06-22_shuffle_g3","32UQU","32UQU_shuffle_2.5_16x16_local","2020",FALSE,9.09446174500518,-0.33796789282596,0.437862722671694,-3.58304175915031,4.64209900825059,0.437862722671694,1.71750783251515,0.980458143688754,8.30670530603077,-0.24403636108895,-2.85397887796501,0.33796789282603,0,0,0,0,-1,2.5,16,"local",35.3109846830368
"shuffle","2026-06-22_shuffle_g3","32UQU","32UQU_shuffle_5.0_16x16_local","2020",FALSE,8.7772272844197,-0.655202353411442,0.823111518564432,-6.94627342655796,8.72639977363982,0.823111518564432,2.43053453185548,0.961979483818627,8.07024696346387,-0.480494703655847,-5.61933364802143,0.655202353411507,0,0,0,-1,-1,5,16,"local",37.0085018356641
"shuffle","2026-06-22_shuffle_g3","32UQU","32UQU_shuffle_10.0_16x16_local","2020",FALSE,8.17628448142643,-1.2561451564047,1.51664980151789,-13.3173021653575,16.0791000807998,1.51664980151789,3.48925922150005,0.925467573626952,7.59050034777971,-0.960241319340015,-11.2299184880353,1.25614515640532,0,-1,-1,-3,-2,10,16,"local",35.328464782238
"shuffle","2026-06-22_shuffle_g3","32UQU","32UQU_shuffle_15.0_16x16_local","2020",FALSE,7.63000729519761,-1.80242234263353,2.1322771265745,-19.1087812137443,22.605810045192,2.1322771265745,4.32667535421297,0.889698836257618,7.12637958608084,-1.42436208103888,-16.6577606538623,1.80242234263412,0,-1,-1,-4,-4,15,16,"local",38.9645453373591
"shuffle","2026-06-22_shuffle_g3","32UQU","32UQU_shuffle_20.0_16x16_local","2020",FALSE,7.12254075577043,-2.30988888206071,2.70264466743996,-24.4888005609532,28.6526883444783,2.70264466743996,5.06566674793493,0.852898851405579,6.66295002544396,-1.88779164167576,-22.0775192979447,2.30988888206091,0,-1,-1,-5,-5,20,16,"local",37.2026107986768
"shuffle","2026-06-22_shuffle_g3","32UQU","32UQU_shuffle_25.0_16x16_local","2020",FALSE,6.6642481839169,-2.76818145391423,3.21980474005491,-29.3474911576519,34.1354758390253,3.21980474005491,5.70515566506883,0.817137654538378,6.21848665801649,-2.33225500910324,-27.2754703614949,2.76818145391327,0,-1,-1,-6,-6,25,16,"local",36.9477447668711
"shuffle","2026-06-22_shuffle_g3","32UQU","32UQU_shuffle_30.0_16x16_local","2020",FALSE,6.24614735676336,-3.18628228106777,3.69726409155153,-33.7800800367318,39.1973673116279,3.69726409155153,6.28669414955665,0.780334097912125,5.79133461677223,-2.75940705034749,-32.270967335597,3.18628228106923,0,-1,-2,-7,-7,30,16,"local",38.0928112308184
"shuffle","2026-06-22_shuffle_g3","32UQU","32UQU_shuffle_50.0_16x16_local","2020",FALSE,4.9628805739853,-4.46954906384583,5.24881353989784,-47.3849181542747,55.6464637578228,5.24881353989784,8.11324625682708,0.621393557343611,4.33119680987646,-4.21954485724326,-49.3471212382515,4.46954906384843,0,-1,-2,-9,-12,50,16,"local",37.4072744766871
"shuffle","2026-06-22_shuffle_g3","32UQU","32UQU_shuffle_65.0_16x16_local","2020",FALSE,4.34127809350047,-5.09115154433067,6.13093530225814,-53.9749750574478,64.9984737513278,6.13093530225814,9.09673722469261,0.476237560077722,3.52600956965647,-5.02473209746325,-58.7636990225646,5.09115154433173,0,-2,-2,-10,-15,65,16,"local",39.4438283244769
"shuffle","2026-06-22_shuffle_g3","32UQU","32UQU_shuffle_80.0_16x16_local","2020",FALSE,3.95419680438303,-5.47823283344811,6.85338848313108,-58.0787034071929,72.6577217776832,6.85338848313108,9.85128211568163,0.293776828476804,2.9933983246323,-5.55734334248742,-64.9925299913708,5.47823283344649,0,-2,-2,-10,-17,80,16,"local",38.1304405649503
"shuffle","2026-06-22_shuffle_g3","32UQU","32UQU_shuffle_100.0_16x16_local","2020",FALSE,3.7615095643802,-5.67092007345094,7.68077336534182,-60.1215200239214,81.4294265661537,7.68077336534182,10.6035333536958,0.00542346515243426,2.72266935449114,-5.82807231262859,-68.1586760484105,5.67092007345019,0,-2,-2,-10,-17,100,16,"local",39.4623185038567
"shuffle","2026-06-22_shuffle_g3","32UQU","32UQU_shuffle_2.5_32x32_local","2020",FALSE,9.09192747439311,-0.340502163438032,0.433952163877481,-3.60990939251073,4.60064034972502,0.433952163877481,1.86103133433007,0.976852269182765,8.31072611563322,-0.240015551486504,-2.80695594406084,0.340502163438033,0,0,0,-1,-1,2.5,32,"local",38.906896897157
"shuffle","2026-06-22_shuffle_g3","32UQU","32UQU_shuffle_5.0_32x32_local","2020",FALSE,8.76487622731674,-0.667553410514399,0.834818281309159,-7.07721590455346,8.85051162174494,0.834818281309159,2.65378643322525,0.953879768851181,8.06528514437698,-0.485456522742743,-5.67736158618234,0.667553410514487,0,0,0,-1,-1,5,32,"local",38.9060461362203
"shuffle","2026-06-22_shuffle_g3","32UQU","32UQU_shuffle_10.0_32x32_local","2020",FALSE,8.16760381737833,-1.26482582045281,1.53927590898965,-13.4093321553114,16.3189757898219,1.53927590898965,3.74307612939918,0.91143016890186,7.61230645140686,-0.938435215712861,-10.974898461983,1.26482582045229,0,-1,-1,-3,-2,10,32,"local",36.0787365674973
"shuffle","2026-06-22_shuffle_g3","32UQU","32UQU_shuffle_15.0_32x32_local","2020",FALSE,7.62233664560149,-1.81009299222964,2.1659361261383,-19.1901033109201,22.9626534127673,2.1659361261383,4.58485985181299,0.870917566753796,7.1520383226675,-1.39870334445222,-16.3576845015757,1.81009299222992,0,-1,-1,-4,-3,15,32,"local",38.5942803541819
"shuffle","2026-06-22_shuffle_g3","32UQU","32UQU_shuffle_20.0_32x32_local","2020",FALSE,7.13261269943627,-2.29981693839487,2.72364928635922,-24.3820206107966,28.8753734820914,2.72364928635922,5.28808615490207,0.83192385699127,6.71065727199728,-1.84008439512244,-21.5195882036542,2.29981693839573,0,-1,-1,-5,-5,20,32,"local",39.7860431750615
"shuffle","2026-06-22_shuffle_g3","32UQU","32UQU_shuffle_25.0_32x32_local","2020",FALSE,6.67520970881701,-2.75721992901413,3.24333237519634,-29.2312801142518,34.384909294082,3.24333237519634,5.91761742411796,0.792616874423398,6.29295785037163,-2.25778381674809,-26.40453781255,2.75721992901329,0,-1,-1,-6,-6,25,32,"local",39.68429697752
"shuffle","2026-06-22_shuffle_g3","32UQU","32UQU_shuffle_30.0_32x32_local","2020",FALSE,6.26400290915166,-3.16842672867948,3.71668743841228,-33.5907804281063,39.4032882419347,3.71668743841228,6.4770518093234,0.753406554448351,5.89461322804424,-2.65612843907548,-31.0631351346881,3.16842672868134,0,-1,-2,-7,-7,30,32,"local",40.0700620214144
"shuffle","2026-06-22_shuffle_g3","32UQU","32UQU_shuffle_50.0_32x32_local","2020",FALSE,5.02269477568626,-4.40973486214488,5.22424623615485,-46.7507845959277,55.3860080249281,5.22424623615485,8.1808304736891,0.596074746263663,4.51101369763888,-4.03972796948084,-47.2441821627574,4.40973486214607,0,-1,-2,-9,-12,50,32,"local",37.9026295781136
"shuffle","2026-06-22_shuffle_g3","32UQU","32UQU_shuffle_65.0_32x32_local","2020",FALSE,4.40445384565185,-5.02797579217929,6.10653909811385,-53.3052032745977,64.7398319688708,6.10653909811385,9.13169531995137,0.45334291999127,3.73947178024712,-4.8112698868726,-56.2672815315359,5.02797579217744,0,-2,-2,-10,-14,65,32,"local",38.9515420397123
"shuffle","2026-06-22_shuffle_g3","32UQU","32UQU_shuffle_80.0_32x32_local","2020",FALSE,4.01877325662147,-5.41365638120966,6.83859921998168,-57.39408179094,72.5009301161787,6.83859921998168,9.852742195451,0.28562560332549,3.22879194391947,-5.32194972320025,-62.2396270450411,5.41365638121043,0,-2,-2,-10,-16,80,32,"local",37.1562440752983
"shuffle","2026-06-22_shuffle_g3","32UQU","32UQU_shuffle_100.0_32x32_local","2020",FALSE,3.82479802479142,-5.60763161303972,7.73268560123909,-59.4505533393951,81.9797856771198,7.73268560123909,10.6363325464074,0.00330202201818522,2.95597321249186,-5.59476845462786,-65.4302126345542,5.60763161304271,0,-2,-2,-10,-17,100,32,"local",39.8749478181203
"shuffle","2026-06-22_shuffle_g3","32UQU","32UQU_shuffle_2.5_64x64_local","2020",FALSE,9.1006978534894,-0.331731784341738,0.421926973698188,-3.51692826852632,4.4731526223736,0.421926973698188,1.90698473632346,0.975588789056331,8.32069127959471,-0.230050387525015,-2.69041442813821,0.3317317843416,0,0,0,-1,-1,2.5,64,"local",38.1001659154892
"shuffle","2026-06-22_shuffle_g3","32UQU","32UQU_shuffle_5.0_64x64_local","2020",FALSE,8.77054533427424,-0.661884303556899,0.830667920099472,-7.01711360668141,8.80651064459435,0.830667920099472,2.73019807614424,0.950836480724156,8.07192327695735,-0.478818390162376,-5.59972934281926,0.661884303556609,0,0,0,-2,-1,5,64,"local",37.8938747882843
"shuffle","2026-06-22_shuffle_g3","32UQU","32UQU_shuffle_10.0_64x64_local","2020",FALSE,8.17312824357399,-1.25930139425714,1.54466370810296,-13.350763722704,16.3760957400381,1.54466370810296,3.85768198060091,0.904600878209182,7.62992465260905,-0.920817014510673,-10.768855502342,1.25930139425733,0,-1,-1,-3,-2,10,64,"local",37.32883477211
"shuffle","2026-06-22_shuffle_g3","32UQU","32UQU_shuffle_15.0_64x64_local","2020",FALSE,7.63666625213141,-1.79576338569972,2.17100204624013,-19.0381848012665,23.0163608910771,2.17100204624013,4.69977355096359,0.861652716057905,7.18901308782907,-1.36172857929065,-15.925268617656,1.7957633856992,0,-1,-1,-4,-3,15,64,"local",43.124106446902
"shuffle","2026-06-22_shuffle_g3","32UQU","32UQU_shuffle_20.0_64x64_local","2020",FALSE,7.14836224491808,-2.28406739291305,2.73188107239647,-24.2150483026369,28.9626445920102,2.73188107239647,5.39810721238296,0.820799650582086,6.76154923135454,-1.78919243576519,-20.9244122371886,2.28406739291475,0,-1,-1,-5,-4,20,64,"local",36.1253513932228
"shuffle","2026-06-22_shuffle_g3","32UQU","32UQU_shuffle_25.0_64x64_local","2020",FALSE,6.70054539067595,-2.73188424715519,3.24984511156708,-28.9626782499207,34.4539555167499,3.24984511156708,6.03167389992038,0.778365147726361,6.33981814001031,-2.21092352710941,-25.8565117878734,2.7318842471539,0,-1,-1,-6,-6,25,64,"local",41.1878904501597
"shuffle","2026-06-22_shuffle_g3","32UQU","32UQU_shuffle_30.0_64x64_local","2020",FALSE,6.31348873837822,-3.11894089945292,3.69769745909267,-33.0661454069439,39.2019617539698,3.69769745909267,6.53344605127465,0.742410445331507,5.97122932254633,-2.57951234457339,-30.1671181868636,3.11894089945193,0,-1,-1,-7,-7,30,64,"local",36.4410300691923
"shuffle","2026-06-22_shuffle_g3","32UQU","32UQU_shuffle_50.0_64x64_local","2020",FALSE,5.10311131025874,-4.3293183275724,5.17606414279058,-45.8982308249465,54.8751948493808,5.17606414279058,8.18153714403432,0.584918936198856,4.6944408287038,-3.85630083841593,-45.0990216818806,4.32931832757454,0,-2,-2,-9,-11,50,64,"local",36.2909609357516
"shuffle","2026-06-22_shuffle_g3","32UQU","32UQU_shuffle_65.0_64x64_local","2020",FALSE,4.50490294338715,-4.92752669444399,6.04192665950953,-52.240269831231,64.0548288351589,6.04192665950953,9.0895342158741,0.449804731540207,3.97619621275786,-4.57454545436186,-53.4988148683338,4.92752669444252,0,-2,-2,-10,-14,65,64,"local",37.6417731444041
"shuffle","2026-06-22_shuffle_g3","32UQU","32UQU_shuffle_80.0_64x64_local","2020",FALSE,4.11653205343671,-5.31589758439443,6.79125941519249,-56.3576701709354,71.9990466502335,6.79125941519249,9.82617645768462,0.28533508601579,3.50403902452,-5.04670264259972,-59.0206421743026,5.31589758439144,0,-2,-2,-10,-16,80,64,"local",39.0379279057185
"shuffle","2026-06-22_shuffle_g3","32UQU","32UQU_shuffle_100.0_64x64_local","2020",FALSE,3.93229714572063,-5.50013249211051,7.68657441077343,-58.3108775076449,81.490927639094,7.68657441077343,10.582842744327,0.0359398450411971,3.26101536876046,-5.28972629835927,-61.8627775728499,5.50013249210807,0,-2,-2,-10,-16,100,64,"local",36.6939202268918
