"tile","band","increment","decrease","mean_height","average_difference","avg_abs_diff","avg_difference_percent","avg_abs_diff_perc","correlation","std_dev","out_name","year","abs_increment","Location","original"
"49UCP","ALL",0,"True",2.31524411615708,0,0,0,0,1,0,"49UCP_original",2020,0,"Mongolia",TRUE
"35VML","ALL",0,"True",2.87060872203778,0,0,0,0,1,0,"35VML_original",2020,0,"Finland",TRUE
"33NTG","ALL",0,"True",22.916080429947,0,0,0,0,1,0,"33NTG_original",2020,0,"Cameroon",TRUE
"32UQU","ALL",0,"True",8.63165830814115,0,0,0,0,1,0,"32UQU_original",2020,0,"Germany",TRUE
"20MMD","ALL",0,"True",28.9490034735493,0,0,0,0,1,0,"20MMD_original",2020,0,"Brazil",TRUE
"20MMD","ALL",5,"False",32.5937214166427,3.6447179430934,3.65471717800911,12.3896940009276,12.4522277057564,0.909622935047286,1.75413262676368,"20MMD_B02-B03-B04-B05-B08-B8A-B11-B12_05_I",2020,5,"Brazil",FALSE
"32UQU","ALL",5,"False",9.54744611162818,0.915787803487037,1.37444093969536,2.16752013254043,24.1139882990837,0.978913258063359,1.84151246230588,"32UQU_B02-B03-B04-B05-B08-B8A-B11-B12_05_I",2020,5,"Germany",FALSE
"33NTG","ALL",5,"False",22.5414904182881,-0.374590011658894,1.83544401692046,20.9203014302427,29.1387863791302,0.993739410237144,2.21956591849963,"33NTG_B02-B03-B04-B05-B08-B8A-B11-B12_05_I",2020,5,"Cameroon",FALSE
"35VML","ALL",5,"False",2.86744094052036,-0.00316778151741775,0.328803397718936,-0.693950487324818,15.748497126344,0.949403699619292,0.597822476616443,"35VML_B02-B03-B04-B05-B08-B8A-B11-B12_05_I",2020,5,"Finland",FALSE
"49UCP","ALL",5,"False",5.50003327603693,3.18478915987985,3.33494899083176,97.1920716490074,103.13501103241,0.693135601982871,4.13883666148389,"49UCP_B02-B03-B04-B05-B08-B8A-B11-B12_05_I",2020,5,"Mongolia",FALSE
"20MMD","Low",5,"False",30.4440569036022,1.49505343005288,1.67661931589463,4.97195691245514,5.76503440009685,0.967012038555848,1.17843925508804,"20MMD_B04-B11-B12_05_I",2020,5,"Brazil",FALSE
"32UQU","Low",5,"False",9.29878399993578,0.667125691794631,1.03388186416573,4.53479298219929,14.9350397218463,0.986769667771824,1.57651437082199,"32UQU_B04-B11-B12_05_I",2020,5,"Germany",FALSE
"33NTG","Low",5,"False",23.0946951977396,0.178614767792585,1.31816997924469,10.6426162328319,19.8524783896298,0.993668861743067,1.84359126103538,"33NTG_B04-B11-B12_05_I",2020,5,"Cameroon",FALSE
"35VML","Low",5,"False",2.74452359082332,-0.126085131214465,0.232526532924522,-4.5872756447794,11.9602006916671,0.967151498533583,0.478448468691274,"35VML_B04-B11-B12_05_I",2020,5,"Finland",FALSE
"49UCP","Low",5,"False",3.10946783001831,0.794223713861224,1.16393239489562,39.0112122535397,48.0404271548414,0.893219551516209,1.83787548755898,"49UCP_B04-B11-B12_05_I",2020,5,"Mongolia",FALSE
"20MMD","High",5,"False",33.3007046026237,4.35170112907439,4.39508187485321,14.0218246875727,14.3362307710258,0.936835628346035,1.60009755696054,"20MMD_B02-B05-B08-B8A_05_I",2020,5,"Brazil",FALSE
"32UQU","High",5,"False",8.56382331642459,-0.0678349917165614,0.644809932126254,1.15657185502978,17.3683083154549,0.991069846590738,0.978577124117144,"32UQU_B02-B05-B08-B8A_05_I",2020,5,"Germany",FALSE
"33NTG","High",5,"False",24.2713429838545,1.35526255390752,1.57341300845316,15.5231741413032,17.9770214093687,0.995081952882917,1.63206654052262,"33NTG_B02-B05-B08-B8A_05_I",2020,5,"Cameroon",FALSE
"35VML","High",5,"False",5.20705755694919,2.33644883491141,2.52150696749472,63.022671541155,71.2741311497147,0.588741463303661,1.95191489338225,"35VML_B02-B05-B08-B8A_05_I",2020,5,"Finland",FALSE
"49UCP","High",5,"False",4.80247734297524,2.48723322681815,2.58764842880794,102.823784513366,104.978479152683,0.820214542796802,3.00116811054283,"49UCP_B02-B05-B08-B8A_05_I",2020,5,"Mongolia",FALSE
"20MMD","Blue",5,"False",33.3007046026237,4.35170112907439,4.39508187485321,14.0218246875727,14.3362307710258,0.936835628346035,1.60009755696054,"20MMD_B02_05_I",2020,5,"Brazil",FALSE
"32UQU","Blue",5,"False",9.97182035716883,1.34016204902769,1.81299564731064,9.19625076597928,28.6892891234477,0.967791776844019,2.16291774663304,"32UQU_B02_05_I",2020,5,"Germany",FALSE
"33NTG","Blue",5,"False",22.5648829630202,-0.3511974669268,1.42681575988356,14.3848028988903,20.8437250729965,0.995373471785044,1.81302904293144,"33NTG_B02_05_I",2020,5,"Cameroon",FALSE
"35VML","Blue",5,"False",5.57537188406499,2.70476316202721,2.75304585894752,69.9927069185308,72.4681859781748,0.725786609370058,1.95168327594891,"35VML_B02_05_I",2020,5,"Finland",FALSE
"49UCP","Blue",5,"False",3.14083888344687,0.82559476728979,0.953097652438971,34.8458418945993,38.6153180042682,0.950006216084558,1.38591449685575,"49UCP_B02_05_I",2020,5,"Mongolia",FALSE
"20MMD","RGB",5,"False",33.3007046026237,4.35170112907439,4.39508187485321,14.0218246875727,14.3362307710258,0.936835628346035,1.60009755696054,"20MMD_B02-B03-B04_05_I",2020,5,"Brazil",FALSE
"32UQU","RGB",5,"False",8.55527137283903,-0.0763869353021197,0.928956867018683,2.53555695235016,20.6625499851857,0.979729045597005,1.46762096346109,"32UQU_B02-B03-B04_05_I",2020,5,"Germany",FALSE
"33NTG","RGB",5,"False",23.5134854466396,0.597405016692654,2.29408534176621,26.8619484870833,32.1129034039278,0.987863420471204,2.86662396660278,"33NTG_B02-B03-B04_05_I",2020,5,"Cameroon",FALSE
"35VML","RGB",5,"False",3.07985217962732,0.209243457589545,0.421252296505445,1.79332418707092,16.9702599888599,0.953876453205551,0.690677500396836,"35VML_B02-B03-B04_05_I",2020,5,"Finland",FALSE
"49UCP","RGB",5,"False",6.5245774182272,4.20933330207012,4.29078120456727,125.031654123039,127.304673756795,0.68351503242649,4.39661597981357,"49UCP_B02-B03-B04_05_I",2020,5,"Mongolia",FALSE
"20MMD","ALL",-5,"True",31.5522570403173,2.60325356676794,2.61045611024815,9.27901548986032,9.30747737557883,0.942602194321727,1.50329107844417,"20MMD_B02-B03-B04-B05-B08-B8A-B11-B12_05_D",2020,5,"Brazil",FALSE
"32UQU","ALL",-5,"True",9.47628861812839,0.844630309987248,1.01400351469147,14.8728705020363,21.2071536079436,0.98949977359034,1.12584295954476,"32UQU_B02-B03-B04-B05-B08-B8A-B11-B12_05_D",2020,5,"Germany",FALSE
"33NTG","ALL",-5,"True",23.1891997396401,0.273119309693135,1.76385400535491,23.8138508074749,28.8214350883894,0.993345379914487,2.20983861749843,"33NTG_B02-B03-B04-B05-B08-B8A-B11-B12_05_D",2020,5,"Cameroon",FALSE
"35VML","ALL",-5,"True",4.67035467703929,1.79974595500151,1.91651581629517,56.9572540739483,61.5826977482344,0.750002790375219,1.57354998331123,"35VML_B02-B03-B04-B05-B08-B8A-B11-B12_05_D",2020,5,"Finland",FALSE
"49UCP","ALL",-5,"True",5.1754512979911,2.86020718183402,3.11023759655568,99.7774461622885,106.014926267253,0.709225864233764,3.76534910918893,"49UCP_B02-B03-B04-B05-B08-B8A-B11-B12_05_D",2020,5,"Mongolia",FALSE
"20MMD","Low",-5,"True",30.8579714531884,1.90896797963909,2.01994843931973,6.66675902204737,7.13571649749877,0.927243220862262,1.58016784187917,"20MMD_B04-B11-B12_05_D",2020,5,"Brazil",FALSE
"32UQU","Low",-5,"True",9.04108905089213,0.409430742750979,1.05253774122024,-0.662659363160987,16.8887677431128,0.983921387312878,1.64374856862047,"32UQU_B04-B11-B12_05_D",2020,5,"Germany",FALSE
"33NTG","Low",-5,"True",23.1240051002346,0.207924670287645,1.38404282761873,19.8376008715821,25.0202784659766,0.994480022184151,1.85270569611206,"33NTG_B04-B11-B12_05_D",2020,5,"Cameroon",FALSE
"35VML","Low",-5,"True",5.34759608489275,2.47698736285497,2.58953242436698,68.2788572277139,72.1940857994127,0.610517673944751,1.88385554620644,"35VML_B04-B11-B12_05_D",2020,5,"Finland",FALSE
"49UCP","Low",-5,"True",5.1376318498028,2.82238773364572,2.98480667769562,95.7898962307458,99.2426193469404,0.753782317424804,3.39752718622015,"49UCP_B04-B11-B12_05_D",2020,5,"Mongolia",FALSE
"20MMD","High",-5,"True",31.4144286645579,2.46542519100854,2.52768886705685,8.59017057097901,8.95048594557172,0.898688537566187,1.85183095700001,"20MMD_B02-B05-B08-B8A_05_D",2020,5,"Brazil",FALSE
"32UQU","High",-5,"True",10.0644210101691,1.43276270202798,1.90043024987618,5.90473998632826,29.1520463155886,0.971440065542536,2.32312923063511,"32UQU_B02-B05-B08-B8A_05_D",2020,5,"Germany",FALSE
"33NTG","High",-5,"True",22.6312546938902,-0.284825736056841,2.24072936407044,21.9502175383838,30.2790544179614,0.990514619538727,2.77341529282131,"33NTG_B02-B05-B08-B8A_05_D",2020,5,"Cameroon",FALSE
"35VML","High",-5,"True",5.12939238754707,2.25878366550929,2.3263488943269,64.906439778634,68.1637416327875,0.719310598814562,1.67170947210998,"35VML_B02-B05-B08-B8A_05_D",2020,5,"Finland",FALSE
"49UCP","High",-5,"True",5.54526524716781,3.23002113101073,3.37707080991879,87.7059224475439,95.595758658071,0.706504446571454,4.25699507385591,"49UCP_B02-B05-B08-B8A_05_D",2020,5,"Mongolia",FALSE
"20MMD","Blue",-5,"True",33.3007046026237,4.35170112907439,4.39508187485321,14.0218246875727,14.3362307710258,0.936835628346035,1.60009755696054,"20MMD_B02_05_D",2020,5,"Brazil",FALSE
"32UQU","Blue",-5,"True",8.67949596181072,0.0478376536695678,0.86763499229788,2.16604917367417,20.0769344580577,0.982079725543262,1.36526777307556,"32UQU_B02_05_D",2020,5,"Germany",FALSE
"33NTG","Blue",-5,"True",24.1559676699091,1.23988723996208,1.52621006480033,1.82617211648329,18.7428760226789,0.995310914027354,1.67970654059977,"33NTG_B02_05_D",2020,5,"Cameroon",FALSE
"35VML","Blue",-5,"True",5.28407088224025,2.41346216020247,2.58226798162457,65.2373471846939,72.1024011649387,0.60309372360768,1.94398011140697,"35VML_B02_05_D",2020,5,"Finland",FALSE
"49UCP","Blue",-5,"True",3.5470765490897,1.23183243293262,1.31812285283431,44.9934046341827,48.6052546001199,0.938470238235899,1.65526587647241,"49UCP_B02_05_D",2020,5,"Mongolia",FALSE
"20MMD","RGB",-5,"True",33.4797483772796,4.53074490373023,4.54535526330484,14.7140315183272,14.8633496923033,0.936518368240718,1.52694480134882,"20MMD_B02-B03-B04_05_D",2020,5,"Brazil",FALSE
"32UQU","RGB",-5,"True",10.1849693669521,1.55331105881093,1.73085758035842,9.92308785203021,22.2700582743324,0.986726955023874,1.91738887991478,"32UQU_B02-B03-B04_05_D",2020,5,"Germany",FALSE
"33NTG","RGB",-5,"True",21.9452818251173,-0.970798604829689,2.0539827929244,14.0095814871203,23.1860672190545,0.993893290508841,2.4212657200705,"33NTG_B02-B03-B04_05_D",2020,5,"Cameroon",FALSE
"35VML","RGB",-5,"True",4.35147818014807,1.48086945811029,1.77389134281283,46.317256254064,62.8081524388798,0.696858971927726,1.60178525630436,"35VML_B02-B03-B04_05_D",2020,5,"Finland",FALSE
"49UCP","RGB",-5,"True",2.3328415251162,0.0175974089591193,0.516850287747745,11.9591479989431,20.9574850011294,0.962594723208157,1.12461104981686,"49UCP_B02-B03-B04_05_D",2020,5,"Mongolia",FALSE
"20MMD","ALL",10,"False",35.7697894301356,6.82078595658622,6.83342148193326,21.456944559556,21.5606985954501,0.896288501176264,1.92666241316372,"20MMD_B02-B03-B04-B05-B08-B8A-B11-B12_10_I",2020,10,"Brazil",FALSE
"32UQU","ALL",10,"False",9.96120910244675,1.3295507943056,1.46765470175365,23.2635346157982,28.8190582676773,0.983251131255133,1.39318316012819,"32UQU_B02-B03-B04-B05-B08-B8A-B11-B12_10_I",2020,10,"Germany",FALSE
"33NTG","ALL",10,"False",24.4518872488219,1.53580681887491,1.82105210640375,24.8385780382053,26.5472420053994,0.992827927613346,1.93681675432676,"33NTG_B02-B03-B04-B05-B08-B8A-B11-B12_10_I",2020,10,"Cameroon",FALSE
"35VML","ALL",10,"False",4.95557633746329,2.08496761542551,2.1895503330664,65.8227994072061,68.3925326624197,0.572373962553313,1.63140691064292,"35VML_B02-B03-B04-B05-B08-B8A-B11-B12_10_I",2020,10,"Finland",FALSE
"49UCP","ALL",10,"False",3.87053577777402,1.55529166161694,1.96596694673423,74.008123482087,82.7942702357285,0.802651216598521,2.61817508377023,"49UCP_B02-B03-B04-B05-B08-B8A-B11-B12_10_I",2020,10,"Mongolia",FALSE
"20MMD","Low",10,"False",32.3856761303204,3.43667265677102,3.46533139734227,11.4594042024321,11.7405357064404,0.926852917425141,1.59555361248059,"20MMD_B04-B11-B12_10_I",2020,10,"Brazil",FALSE
"32UQU","Low",10,"False",9.37182023260064,0.740161924459497,1.78234306639962,-1.79567711906406,25.9394978933307,0.9650332138076,2.7099898814158,"32UQU_B04-B11-B12_10_I",2020,10,"Germany",FALSE
"33NTG","Low",10,"False",25.0908117794825,2.17473134953554,2.19809433607804,20.6875304135967,21.9538005666847,0.994708722041446,1.7076811378357,"33NTG_B04-B11-B12_10_I",2020,10,"Cameroon",FALSE
"35VML","Low",10,"False",2.64384679677233,-0.226761925265448,0.419313398698422,-6.19214192426789,20.6388711372708,0.937172259997967,0.660374856316325,"35VML_B04-B11-B12_10_I",2020,10,"Finland",FALSE
"49UCP","Low",10,"False",5.69048107441296,3.37523695825587,3.45346095428393,104.927894361329,107.550038815715,0.768501373768601,3.78751642031553,"49UCP_B04-B11-B12_10_I",2020,10,"Mongolia",FALSE
"20MMD","High",10,"False",32.1492142050983,3.20021073154893,3.21371021874243,11.1765694351835,11.2537293159218,0.88465967567911,1.99463458873182,"20MMD_B02-B05-B08-B8A_10_I",2020,10,"Brazil",FALSE
"32UQU","High",10,"False",10.0837047368507,1.45204642870959,1.62533439638442,12.7656883825336,26.3389364016731,0.983235502699144,1.61361710218668,"32UQU_B02-B05-B08-B8A_10_I",2020,10,"Germany",FALSE
"33NTG","High",10,"False",23.4596701501229,0.543589720175937,1.88476469495834,22.684451538286,27.4299637545645,0.991125834686802,2.37672988666053,"33NTG_B02-B05-B08-B8A_10_I",2020,10,"Cameroon",FALSE
"35VML","High",10,"False",4.7751575640533,1.90454884201552,2.03755742205603,61.0558524674902,65.3466518247801,0.623414115353518,1.60511689331383,"35VML_B02-B05-B08-B8A_10_I",2020,10,"Finland",FALSE
"49UCP","High",10,"False",6.94880467380245,4.63356055764537,4.6755167072012,132.57017502253,133.065365031366,0.682987860629341,4.58908082389271,"49UCP_B02-B05-B08-B8A_10_I",2020,10,"Mongolia",FALSE
"20MMD","Blue",10,"False",32.1492142050983,3.20021073154893,3.21371021874243,11.1765694351835,11.2537293159218,0.88465967567911,1.99463458873182,"20MMD_B02_10_I",2020,10,"Brazil",FALSE
"32UQU","Blue",10,"False",9.6771595470064,1.04550123886525,1.29680166155972,14.3894400325888,25.7207562932302,0.983518660467867,1.39790448072294,"32UQU_B02_10_I",2020,10,"Germany",FALSE
"33NTG","Blue",10,"False",24.9132332710682,1.99715284112122,2.4899681940132,35.2958656790635,37.1399863018585,0.989253952346578,2.60119889617797,"33NTG_B02_10_I",2020,10,"Cameroon",FALSE
"35VML","Blue",10,"False",5.27988530628291,2.40927658424513,2.56017063639601,63.4554938391713,71.6285058519403,0.621420190767384,1.92463355226191,"35VML_B02_10_I",2020,10,"Finland",FALSE
"49UCP","Blue",10,"False",3.09600672346337,0.780762607306284,0.984336881727223,38.6075388950898,42.0594250741395,0.933754805303674,1.47419124869534,"49UCP_B02_10_I",2020,10,"Mongolia",FALSE
"20MMD","RGB",10,"False",37.6318695026235,8.6828660290742,8.70382138765621,26.2839080361887,26.5511578524568,0.876141428970085,2.20940454048125,"20MMD_B02-B03-B04_10_I",2020,10,"Brazil",FALSE
"32UQU","RGB",10,"False",9.46322080950361,0.831562501362465,1.09345194681741,11.0508886041623,22.7798585817725,0.986001550447856,1.26632550378587,"32UQU_B02-B03-B04_10_I",2020,10,"Germany",FALSE
"33NTG","RGB",10,"False",24.7281998528744,1.81211942292739,2.13276002722544,32.0677836993245,33.5465412536082,0.992082123880731,2.14836867381808,"33NTG_B02-B03-B04_10_I",2020,10,"Cameroon",FALSE
"35VML","RGB",10,"False",4.37373751551766,1.50312879347988,1.72342317983956,51.2116970668515,60.9380645056613,0.668481369126048,1.5118769956379,"35VML_B02-B03-B04_10_I",2020,10,"Finland",FALSE
"49UCP","RGB",10,"False",4.24347463232681,1.92823051616972,2.2739205728635,105.827912378814,109.141944700027,0.802722448812536,2.5524664189965,"49UCP_B02-B03-B04_10_I",2020,10,"Mongolia",FALSE
"20MMD","ALL",-10,"True",35.7627281355496,6.81372466200026,6.83123277414395,21.3482199370433,21.5301596953155,0.892103634826251,2.0026903548747,"20MMD_B02-B03-B04-B05-B08-B8A-B11-B12_10_D",2020,10,"Brazil",FALSE
"32UQU","ALL",-10,"True",10.8621132650797,2.23045495693851,2.36476860040096,21.2238377378368,30.4483488443469,0.980967732109918,2.29850317966984,"32UQU_B02-B03-B04-B05-B08-B8A-B11-B12_10_D",2020,10,"Germany",FALSE
"33NTG","ALL",-10,"True",24.0782627452847,1.16218231533771,1.52952148159462,17.5342055442423,21.1357597580706,0.994917657595136,1.69734280325389,"33NTG_B02-B03-B04-B05-B08-B8A-B11-B12_10_D",2020,10,"Cameroon",FALSE
"35VML","ALL",-10,"True",3.36423142474291,0.493622702705132,0.681758398311315,17.9485709827655,26.6203098454131,0.914640405945643,0.911795966734783,"35VML_B02-B03-B04-B05-B08-B8A-B11-B12_10_D",2020,10,"Finland",FALSE
"49UCP","ALL",-10,"True",5.69834418490096,3.38310006874388,3.51002638535805,122.759827175729,123.798590856423,0.759568886109941,3.4341363498544,"49UCP_B02-B03-B04-B05-B08-B8A-B11-B12_10_D",2020,10,"Mongolia",FALSE
"20MMD","Low",-10,"True",33.0853649293697,4.13636145582038,4.15582056623238,13.8031474983223,13.9825888955686,0.885983377215073,1.95711677538489,"20MMD_B04-B11-B12_10_D",2020,10,"Brazil",FALSE
"32UQU","Low",-10,"True",9.08455656700312,0.452898258861971,1.48237417211462,0.210677645530865,23.8055023546685,0.970773764233836,2.20921101779483,"32UQU_B04-B11-B12_10_D",2020,10,"Germany",FALSE
"33NTG","Low",-10,"True",22.3026362128659,-0.613444217081081,2.35431570741629,21.2729161873862,30.5776471063246,0.992319036537487,2.76116393157518,"33NTG_B04-B11-B12_10_D",2020,10,"Cameroon",FALSE
"35VML","Low",-10,"True",2.54306094902404,-0.327547773013744,0.487371967431798,-8.4269845219596,21.9760646286267,0.930941095430012,0.70258340253248,"35VML_B04-B11-B12_10_D",2020,10,"Finland",FALSE
"49UCP","Low",-10,"True",3.83209534313105,1.51685122697397,1.93053672381587,94.2642282013999,100.95327721805,0.83437275544416,2.22626261062819,"49UCP_B04-B11-B12_10_D",2020,10,"Mongolia",FALSE
"20MMD","High",-10,"True",32.5237400070241,3.57473653347477,3.58775833470987,12.3618244281088,12.4207751739054,0.904996268831728,1.83134593461511,"20MMD_B02-B05-B08-B8A_10_D",2020,10,"Brazil",FALSE
"32UQU","High",-10,"True",10.0632820849421,1.43162377680093,1.537161320719,25.3682373135364,28.1814708111215,0.982620366375183,1.46506181852685,"32UQU_B02-B05-B08-B8A_10_D",2020,10,"Germany",FALSE
"33NTG","High",-10,"True",24.2799273423548,1.36384691240778,1.66727864198119,20.2534678856238,22.5323150035552,0.993669634153794,1.79840638843592,"33NTG_B02-B05-B08-B8A_10_D",2020,10,"Cameroon",FALSE
"35VML","High",-10,"True",5.59944641702432,2.72883769498654,2.78482407305721,72.688196431819,74.4117601438016,0.585401263582411,1.92889005040704,"35VML_B02-B05-B08-B8A_10_D",2020,10,"Finland",FALSE
"49UCP","High",-10,"True",5.93164895051901,3.61640483436193,3.79528419169315,92.2505436693947,99.8954459553211,0.670131112339092,4.73636615457677,"49UCP_B02-B05-B08-B8A_10_D",2020,10,"Mongolia",FALSE
"20MMD","Blue",-10,"True",30.3177694826047,1.36876600905533,1.8729736725996,5.5053629379632,7.15184698032021,0.855366135603453,2.28654553978789,"20MMD_B02_10_D",2020,10,"Brazil",FALSE
"32UQU","Blue",-10,"True",10.5621348897713,1.93047658163019,2.15571214872722,13.6628542758149,29.6267315593505,0.979117738417791,2.34628946889339,"32UQU_B02_10_D",2020,10,"Germany",FALSE
"33NTG","Blue",-10,"True",23.731543611403,0.815463181455978,1.76590217658174,23.3459743945504,26.9408053917209,0.991339668976118,2.20403946474174,"33NTG_B02_10_D",2020,10,"Cameroon",FALSE
"35VML","Blue",-10,"True",3.23101171844577,0.360402996407987,0.545246165420404,15.2845307609941,24.378652341427,0.93228853399982,0.72996520336739,"35VML_B02_10_D",2020,10,"Finland",FALSE
"49UCP","Blue",-10,"True",6.70842812487816,4.39318400872107,4.50958487422884,128.392442270833,130.403554316674,0.649267274339897,4.54429889324392,"49UCP_B02_10_D",2020,10,"Mongolia",FALSE
"20MMD","RGB",-10,"True",34.5937332429456,5.64472976939626,5.65905769785638,18.1175768356759,18.2499742928102,0.920563391959521,1.68173385030086,"20MMD_B02-B03-B04_10_D",2020,10,"Brazil",FALSE
"32UQU","RGB",-10,"True",10.4289037957796,1.79724548763844,2.07950601896191,12.4808766484048,32.1189789998886,0.979346395165234,2.21829723053957,"32UQU_B02-B03-B04_10_D",2020,10,"Germany",FALSE
"33NTG","RGB",-10,"True",22.7062944084112,-0.209786021535827,2.33347077651044,21.729380747681,30.436670936288,0.989561488755554,2.85634532781574,"33NTG_B02-B03-B04_10_D",2020,10,"Cameroon",FALSE
"35VML","RGB",-10,"True",6.5905866224364,3.71997790039862,3.82010674446632,79.6250494645514,83.8406160794936,0.553984653196923,2.67180661263871,"35VML_B02-B03-B04_10_D",2020,10,"Finland",FALSE
"49UCP","RGB",-10,"True",4.59690853440207,2.28166441824498,2.49198080756881,108.547150781462,110.520761348,0.810975023681785,2.77096623176157,"49UCP_B02-B03-B04_10_D",2020,10,"Mongolia",FALSE
"20MMD","ALL",15,"False",37.605479945374,8.65647647182465,8.66979495574429,26.3096087453934,26.4537779224409,0.902998113363587,1.94880270396686,"20MMD_B02-B03-B04-B05-B08-B8A-B11-B12_15_I",2020,15,"Brazil",FALSE
"32UQU","ALL",15,"False",10.1309642643622,1.49930595622106,1.75016244902998,22.0450907991204,30.3060061138033,0.975774265715768,1.69905349700894,"32UQU_B02-B03-B04-B05-B08-B8A-B11-B12_15_I",2020,15,"Germany",FALSE
"33NTG","ALL",15,"False",25.2054343567474,2.2893539268004,2.82475298183619,38.2475003261018,40.1226539038734,0.986290343879122,2.94949737652734,"33NTG_B02-B03-B04-B05-B08-B8A-B11-B12_15_I",2020,15,"Cameroon",FALSE
"35VML","ALL",15,"False",4.6224529190898,1.75184419705202,1.84879187985837,59.7349156023545,62.9993766566965,0.741118176446184,1.41095780255023,"35VML_B02-B03-B04-B05-B08-B8A-B11-B12_15_I",2020,15,"Finland",FALSE
"49UCP","ALL",15,"False",6.84657389765824,4.53132978150115,4.61075892944602,134.72796357988,135.33183331869,0.721516900376033,3.74156311590235,"49UCP_B02-B03-B04-B05-B08-B8A-B11-B12_15_I",2020,15,"Mongolia",FALSE
"20MMD","Low",15,"False",32.0613940219081,3.11239054835874,3.16460060016612,11.182033625942,11.3661194431692,0.839918637606488,2.39248430420087,"20MMD_B04-B11-B12_15_I",2020,15,"Brazil",FALSE
"32UQU","Low",15,"False",9.59304606213309,0.961387753991943,1.71141957078369,8.00117061176327,26.0723415219051,0.972424430674637,2.49673942689003,"32UQU_B04-B11-B12_15_I",2020,15,"Germany",FALSE
"33NTG","Low",15,"False",22.622698416943,-0.293382013004025,1.53518600354293,10.0785518373921,20.3507286057603,0.992632757855498,2.05653241525637,"33NTG_B04-B11-B12_15_I",2020,15,"Cameroon",FALSE
"35VML","Low",15,"False",3.68269006122754,0.812081339189759,1.27292536136196,28.8303576287544,54.8081772267681,0.776830753718929,1.43084066460426,"35VML_B04-B11-B12_15_I",2020,15,"Finland",FALSE
"49UCP","Low",15,"False",3.93418982342073,1.61894570726365,1.81648333372579,73.5707007378679,80.7150825507618,0.876433983389507,2.17120727358231,"49UCP_B04-B11-B12_15_I",2020,15,"Mongolia",FALSE
"20MMD","High",15,"False",37.0635314407137,8.11452796716438,8.14922602306688,24.5904412501939,24.9251500959954,0.883339585489132,2.29906874849463,"20MMD_B02-B05-B08-B8A_15_I",2020,15,"Brazil",FALSE
"32UQU","High",15,"False",11.4716183577387,2.83996004959752,2.90551824622937,35.4407982317223,40.1710171829536,0.978200054791328,2.27008072638825,"32UQU_B02-B05-B08-B8A_15_I",2020,15,"Germany",FALSE
"33NTG","High",15,"False",24.7246671018445,1.80858667189747,2.55471596417113,36.8780959136489,39.2798434537846,0.988756297186437,2.77724668714481,"33NTG_B02-B05-B08-B8A_15_I",2020,15,"Cameroon",FALSE
"35VML","High",15,"False",5.63759228891052,2.76698356687274,2.80384232958374,75.1305791528942,76.2575981243938,0.515680833205629,1.80545078200729,"35VML_B02-B05-B08-B8A_15_I",2020,15,"Finland",FALSE
"49UCP","High",15,"False",3.32111976578059,1.0058756496235,1.22326502745537,51.5134274792908,54.8346064152109,0.920414924731314,1.58114558885936,"49UCP_B02-B05-B08-B8A_15_I",2020,15,"Mongolia",FALSE
"20MMD","Blue",15,"False",37.0635314407137,8.11452796716438,8.14922602306688,24.5904412501939,24.9251500959954,0.883339585489132,2.29906874849463,"20MMD_B02_15_I",2020,15,"Brazil",FALSE
"32UQU","Blue",15,"False",10.4252232210054,1.79356491286421,2.03017293282723,21.8555733300575,31.6552187692778,0.973992051620753,1.89476795394397,"32UQU_B02_15_I",2020,15,"Germany",FALSE
"33NTG","Blue",15,"False",25.5751529275639,2.65907249761687,2.98790062708085,41.7243315047056,42.8336047225547,0.988808201842471,2.8361966141643,"33NTG_B02_15_I",2020,15,"Cameroon",FALSE
"35VML","Blue",15,"False",5.83807287414847,2.96746415211069,3.00576028952471,77.1058456472531,78.2953249606995,0.49123873373472,1.92746110019575,"35VML_B02_15_I",2020,15,"Finland",FALSE
"49UCP","Blue",15,"False",4.76658557764279,2.4513414614857,2.80539335779051,85.7879410665385,94.4795787585136,0.71594468381171,3.47322798596108,"49UCP_B02_15_I",2020,15,"Mongolia",FALSE
"20MMD","RGB",15,"False",33.6241402094464,4.67513673589707,4.70286034011414,15.3388293242634,15.5569887680039,0.840051744261429,2.34576274954221,"20MMD_B02-B03-B04_15_I",2020,15,"Brazil",FALSE
"32UQU","RGB",15,"False",11.0823195039805,2.45066119583939,2.59660608258165,27.0142753321795,35.9259479503633,0.974798847498076,2.2210597610362,"32UQU_B02-B03-B04_15_I",2020,15,"Germany",FALSE
"33NTG","RGB",15,"False",24.6500883779685,1.73400794802151,2.00725279727784,16.6437758131498,23.1001838549198,0.993633431887042,1.949448965014,"33NTG_B02-B03-B04_15_I",2020,15,"Cameroon",FALSE
"35VML","RGB",15,"False",6.23903927816624,3.36843055612846,3.39288576915548,80.8819535456041,81.83296423153,0.540708283850269,2.06649885855413,"35VML_B02-B03-B04_15_I",2020,15,"Finland",FALSE
"49UCP","RGB",15,"False",6.97561946603028,4.6603753498732,4.8082453472998,135.101405507434,136.743702011511,0.67470840691219,3.82637235574039,"49UCP_B02-B03-B04_15_I",2020,15,"Mongolia",FALSE
"20MMD","ALL",-15,"True",32.8135776541382,3.86457418058889,3.87063634843772,13.2428859313582,13.2805148527941,0.886801969385083,1.9685881065879,"20MMD_B02-B03-B04-B05-B08-B8A-B11-B12_15_D",2020,15,"Brazil",FALSE
"32UQU","ALL",-15,"True",11.1025046458744,2.47084633773329,2.66397415985158,27.0443677254725,36.4240083772146,0.970868167362428,2.52447640258357,"32UQU_B02-B03-B04-B05-B08-B8A-B11-B12_15_D",2020,15,"Germany",FALSE
"33NTG","ALL",-15,"True",25.5651133522625,2.64903292231552,2.74202120461919,23.2495409877392,27.4991586833172,0.993823383980394,1.98127888106052,"33NTG_B02-B03-B04-B05-B08-B8A-B11-B12_15_D",2020,15,"Cameroon",FALSE
"35VML","ALL",-15,"True",5.62776176477325,2.75715304273547,2.89310653493047,71.4788818489525,76.28093862335,0.551230365774621,2.03302086740117,"35VML_B02-B03-B04-B05-B08-B8A-B11-B12_15_D",2020,15,"Finland",FALSE
"49UCP","ALL",-15,"True",7.4978346388841,5.18259052272702,5.25872742510558,138.377454938861,138.967602649687,0.669062106008771,4.19324663428769,"49UCP_B02-B03-B04-B05-B08-B8A-B11-B12_15_D",2020,15,"Mongolia",FALSE
"20MMD","Low",-15,"True",32.5198904662664,3.57088699271703,3.62894782241844,11.9080875458505,12.4881753560694,0.833028003399125,2.35827484192607,"20MMD_B04-B11-B12_15_D",2020,15,"Brazil",FALSE
"32UQU","Low",-15,"True",9.63448035722281,1.00282204908167,1.65292066210484,13.7042512172983,28.2071698675932,0.972112344797946,2.28870115049022,"32UQU_B04-B11-B12_15_D",2020,15,"Germany",FALSE
"33NTG","Low",-15,"True",24.0195980726092,1.10351764266216,2.03361948314276,23.6968829693096,27.4864618127892,0.988154538511431,2.6232541392685,"33NTG_B04-B11-B12_15_D",2020,15,"Cameroon",FALSE
"35VML","Low",-15,"True",4.80317964852735,1.93257092648957,2.18329987518927,59.9033060568105,67.7817863112376,0.576172146613194,1.81178919945931,"35VML_B04-B11-B12_15_D",2020,15,"Finland",FALSE
"49UCP","Low",-15,"True",5.12544164100009,2.81019752484301,2.89455706187031,106.596140719237,108.676861653428,0.823273087031232,2.93300597446763,"49UCP_B04-B11-B12_15_D",2020,15,"Mongolia",FALSE
"20MMD","High",-15,"True",38.9562073838468,10.0072039102975,10.0521019899026,29.38149991494,29.7874770720053,0.869632626085642,2.59410364766167,"20MMD_B02-B05-B08-B8A_15_D",2020,15,"Brazil",FALSE
"32UQU","High",-15,"True",10.1401419208844,1.50848361274324,1.7594762136004,26.5966321980572,32.7165172995777,0.975579093359078,1.66873776432924,"32UQU_B02-B05-B08-B8A_15_D",2020,15,"Germany",FALSE
"33NTG","High",-15,"True",26.4087196981775,3.49263926823054,3.54959548094234,42.5031984071465,42.9238141143243,0.989488745507691,2.37614312146684,"33NTG_B02-B05-B08-B8A_15_D",2020,15,"Cameroon",FALSE
"35VML","High",-15,"True",3.76108495835039,0.890476236312612,0.960899052957313,38.603078008614,41.1636437948441,0.90678431809962,0.852355225767601,"35VML_B02-B05-B08-B8A_15_D",2020,15,"Finland",FALSE
"49UCP","High",-15,"True",5.07538636088763,2.76014224473055,3.03237244312597,79.2393310957737,90.243693097388,0.685787850250744,4.11007588154518,"49UCP_B02-B05-B08-B8A_15_D",2020,15,"Mongolia",FALSE
"20MMD","Blue",-15,"True",33.3925216261325,4.44351815258314,4.44761575400223,14.9924988272313,15.0121477117854,0.884129684408282,1.98552487299011,"20MMD_B02_15_D",2020,15,"Brazil",FALSE
"32UQU","Blue",-15,"True",10.4386238083582,1.80696550021706,1.91918495102775,23.9754409273705,32.3035794704755,0.982427605651205,1.61592524201267,"32UQU_B02_15_D",2020,15,"Germany",FALSE
"33NTG","Blue",-15,"True",24.7775337782088,1.86145334826185,2.47944182087342,33.1222669350694,35.2231709558548,0.986946599300687,2.74905238151694,"33NTG_B02_15_D",2020,15,"Cameroon",FALSE
"35VML","Blue",-15,"True",5.2501377896332,2.37952906759542,2.45665150206304,67.3234738543332,70.4309627822973,0.736510952336186,1.76964313530934,"35VML_B02_15_D",2020,15,"Finland",FALSE
"49UCP","Blue",-15,"True",2.99401484324859,0.678770727091506,0.993793418589197,39.5632261912743,43.3496562540845,0.925102513369868,1.48210270103298,"49UCP_B02_15_D",2020,15,"Mongolia",FALSE
"20MMD","RGB",-15,"True",30.8321239056503,1.88312043210094,2.03010265797615,6.94616342288292,7.48966096067652,0.876443488016406,2.04852559366602,"20MMD_B02-B03-B04_15_D",2020,15,"Brazil",FALSE
"32UQU","RGB",-15,"True",10.3235668845018,1.69190857636068,1.77334530710453,35.0995050773737,36.4442247934598,0.981214111656729,1.42258965462441,"32UQU_B02-B03-B04_15_D",2020,15,"Germany",FALSE
"33NTG","RGB",-15,"True",25.5991445708874,2.68306414094044,2.79509804709474,31.602306938348,34.0912059689092,0.988682307932717,2.40649074405961,"33NTG_B02-B03-B04_15_D",2020,15,"Cameroon",FALSE
"35VML","RGB",-15,"True",6.21483265837749,3.34422393633971,3.37555043845846,81.5078826593948,82.5308352767062,0.518938574659357,1.99699937495963,"35VML_B02-B03-B04_15_D",2020,15,"Finland",FALSE
"49UCP","RGB",-15,"True",4.64746795457799,2.33222383842091,2.5406618085509,86.4736979956887,94.2803065939695,0.7890895260505,3.29881855629099,"49UCP_B02-B03-B04_15_D",2020,15,"Mongolia",FALSE
"20MMD","ALL",20,"False",38.106366693064,9.15736321951468,9.18988318546427,27.2838327336188,27.592727404765,0.898233494264906,2.29888867525501,"20MMD_B02-B03-B04-B05-B08-B8A-B11-B12_20_I",2020,20,"Brazil",FALSE
"32UQU","ALL",20,"False",10.7458004257049,2.11414211756372,2.23911420217846,33.8415153132462,38.7638956021344,0.972741365225848,1.77344549467179,"32UQU_B02-B03-B04-B05-B08-B8A-B11-B12_20_I",2020,20,"Germany",FALSE
"33NTG","ALL",20,"False",26.6447628374514,3.72868240750444,3.79048882804392,40.9547022866521,41.9268730240168,0.986440544719368,2.63863820187917,"33NTG_B02-B03-B04-B05-B08-B8A-B11-B12_20_I",2020,20,"Cameroon",FALSE
"35VML","ALL",20,"False",5.57414568185131,2.70353695981353,2.76580817439848,72.6879087891584,75.1815274152588,0.519145546819259,1.85102238555087,"35VML_B02-B03-B04-B05-B08-B8A-B11-B12_20_I",2020,20,"Finland",FALSE
"49UCP","ALL",20,"False",7.15551265572838,4.8402685395713,5.03544445261119,136.208403134975,138.029584391908,0.64765827117226,3.78908119257722,"49UCP_B02-B03-B04-B05-B08-B8A-B11-B12_20_I",2020,20,"Mongolia",FALSE
"20MMD","Low",20,"False",30.7284311988371,1.77942772528774,1.93489075213119,6.19631248535942,7.19437213858754,0.892951626755437,1.90015308216131,"20MMD_B04-B11-B12_20_I",2020,20,"Brazil",FALSE
"32UQU","Low",20,"False",8.53448277592183,-0.09717553221932,1.78560722009684,4.44117978501492,34.485523695027,0.951893582014717,2.48038992298079,"32UQU_B04-B11-B12_20_I",2020,20,"Germany",FALSE
"33NTG","Low",20,"False",25.367922047306,2.45184161735896,2.6457124844602,8.93319507312586,22.8416005596337,0.993733947037282,2.24680215657194,"33NTG_B04-B11-B12_20_I",2020,20,"Cameroon",FALSE
"35VML","Low",20,"False",3.11146614744014,0.240857425402356,1.10905066444853,19.0104524776273,52.8561287315366,0.690688598720055,1.39490787239863,"35VML_B04-B11-B12_20_I",2020,20,"Finland",FALSE
"49UCP","Low",20,"False",3.96785644547277,1.65261232931569,1.89301334799213,90.194973256499,93.4845599967864,0.88478880994524,1.86746316298636,"49UCP_B04-B11-B12_20_I",2020,20,"Mongolia",FALSE
"20MMD","High",20,"False",37.4089603121277,8.45995683857838,8.46585645518615,25.9678451449525,26.0250520518352,0.910309120783148,1.80305519235545,"20MMD_B02-B05-B08-B8A_20_I",2020,20,"Brazil",FALSE
"32UQU","High",20,"False",12.2245697241721,3.59291141603097,3.65029461760922,45.2100467250268,49.2998195015452,0.969607044499266,2.70638753905707,"32UQU_B02-B05-B08-B8A_20_I",2020,20,"Germany",FALSE
"33NTG","High",20,"False",25.4111678596857,2.49508742973873,3.17078124501556,39.1806565308279,41.530757206398,0.98167218199257,3.43361359038576,"33NTG_B02-B05-B08-B8A_20_I",2020,20,"Cameroon",FALSE
"35VML","High",20,"False",4.08073158109729,1.21012285905951,1.26462524137053,48.7099650947688,50.4333222386609,0.883035026277983,0.990688817774804,"35VML_B02-B05-B08-B8A_20_I",2020,20,"Finland",FALSE
"49UCP","High",20,"False",6.14037241217306,3.82512829601598,4.17289415902112,127.548609202275,130.911100092987,0.632664272500651,3.69742579775311,"49UCP_B02-B05-B08-B8A_20_I",2020,20,"Mongolia",FALSE
"20MMD","Blue",20,"False",34.0260628379226,5.07705936437331,5.08380625765605,16.735570709689,16.7687250240227,0.888217393249046,1.94295625346461,"20MMD_B02_20_I",2020,20,"Brazil",FALSE
"32UQU","Blue",20,"False",11.9981942716349,3.36653596349377,3.46403394566211,38.2731589352855,46.9357665637678,0.973259660625561,2.56732360794332,"32UQU_B02_20_I",2020,20,"Germany",FALSE
"33NTG","Blue",20,"False",23.7727120847415,0.856631654794495,2.46988754980116,29.3730173286951,35.1190113556933,0.986500427984678,3.05863821292238,"33NTG_B02_20_I",2020,20,"Cameroon",FALSE
"35VML","Blue",20,"False",5.6005183961909,2.72990967415312,2.77974625218532,74.5719522584671,76.2385609325439,0.489754217365402,1.81447030831261,"35VML_B02_20_I",2020,20,"Finland",FALSE
"49UCP","Blue",20,"False",6.35264624868102,4.03740213252394,4.36496755019123,128.864972854191,132.009637321561,0.621502481564816,3.98310478788712,"49UCP_B02_20_I",2020,20,"Mongolia",FALSE
"20MMD","RGB",20,"False",38.106366693064,9.15736321951468,9.18988318546427,27.2838327336188,27.592727404765,0.898233494264906,2.29888867525501,"20MMD_B02-B03-B04_20_I",2020,20,"Brazil",FALSE
"32UQU","RGB",20,"False",11.7106355610901,3.07897725294893,3.2136344450975,29.5217760454756,40.0918572190789,0.976568458187578,2.70955495996969,"32UQU_B02-B03-B04_20_I",2020,20,"Germany",FALSE
"33NTG","RGB",20,"False",26.8598488638763,3.9437684339293,4.06331368453458,46.1052072460263,46.492855115116,0.987664511213455,2.59819011455239,"33NTG_B02-B03-B04_20_I",2020,20,"Cameroon",FALSE
"35VML","RGB",20,"False",6.30194761636995,3.43133889433217,3.49091435403988,81.8894945663394,83.7067228206071,0.427462938886114,2.16202277490989,"35VML_B02-B03-B04_20_I",2020,20,"Finland",FALSE
"49UCP","RGB",20,"False",5.25838943665403,2.94314532049694,3.09590561118929,116.85894525199,119.612517828796,0.766600383694757,3.29565525845451,"49UCP_B02-B03-B04_20_I",2020,20,"Mongolia",FALSE
"20MMD","ALL",-20,"True",38.5595706210301,9.61056714748075,9.6115407047343,29.0267862828739,29.0360512842758,0.892788589601737,1.97313461721199,"20MMD_B02-B03-B04-B05-B08-B8A-B11-B12_20_D",2020,20,"Brazil",FALSE
"32UQU","ALL",-20,"True",12.1779043609731,3.546246052832,3.65165110463956,38.5491776458313,48.9414960927663,0.971201129090572,2.65687001407524,"32UQU_B02-B03-B04-B05-B08-B8A-B11-B12_20_D",2020,20,"Germany",FALSE
"33NTG","ALL",-20,"True",26.999313474343,4.08323304439602,4.1114262956868,42.2409035470112,43.0057525876499,0.98724814789217,2.55139003213799,"33NTG_B02-B03-B04-B05-B08-B8A-B11-B12_20_D",2020,20,"Cameroon",FALSE
"35VML","ALL",-20,"True",5.99315232657242,3.12254360453464,3.14980834187182,79.0559098023471,80.3283500070677,0.491569904670804,1.895453084476,"35VML_B02-B03-B04-B05-B08-B8A-B11-B12_20_D",2020,20,"Finland",FALSE
"49UCP","ALL",-20,"True",6.35174294578563,4.03649882962854,4.35172058721454,128.26878231681,131.366904369336,0.619615850969542,4.12712156968481,"49UCP_B02-B03-B04-B05-B08-B8A-B11-B12_20_D",2020,20,"Mongolia",FALSE
"20MMD","Low",-20,"True",29.4097520410165,0.460748567467183,1.2073772710627,2.30707776269799,4.82462548283172,0.912928234893756,1.82356827745108,"20MMD_B04-B11-B12_20_D",2020,20,"Brazil",FALSE
"32UQU","Low",-20,"True",8.84942602957512,0.217767721433971,1.50553748855443,11.9500446031267,32.8971212369773,0.966749875572255,2.05043929364313,"32UQU_B04-B11-B12_20_D",2020,20,"Germany",FALSE
"33NTG","Low",-20,"True",25.5072532428147,2.59117281286773,2.64259143496677,24.9381298586318,27.6419440524705,0.98960627097176,2.32793752467903,"33NTG_B04-B11-B12_20_D",2020,20,"Cameroon",FALSE
"35VML","Low",-20,"True",5.35367844991219,2.48306972787441,2.54502119709281,71.1533280128101,72.9526289044755,0.600182981975781,1.73682623307241,"35VML_B04-B11-B12_20_D",2020,20,"Finland",FALSE
"49UCP","Low",-20,"True",2.68107514771431,0.365831031557228,0.918910566073056,53.8049618977389,66.8115194145708,0.930121340472723,1.43349836945012,"49UCP_B04-B11-B12_20_D",2020,20,"Mongolia",FALSE
"20MMD","High",-20,"True",38.106366693064,9.15736321951468,9.18988318546427,27.2838327336188,27.592727404765,0.898233494264906,2.29888867525501,"20MMD_B02-B05-B08-B8A_20_D",2020,20,"Brazil",FALSE
"32UQU","High",-20,"True",10.9220653741471,2.29040706600598,2.41055464194016,33.5255817104442,38.6399175455039,0.97358324324598,1.92682721172293,"32UQU_B02-B05-B08-B8A_20_D",2020,20,"Germany",FALSE
"33NTG","High",-20,"True",25.7318851133,2.81580468335299,3.11144761356572,35.8856988499398,38.8890228106396,0.983191500006984,3.02552768910946,"33NTG_B02-B05-B08-B8A_20_D",2020,20,"Cameroon",FALSE
"35VML","High",-20,"True",4.00947917409568,1.1388704520579,1.19793306164963,47.1393987867221,49.0763824100217,0.880355474455147,0.978293247108249,"35VML_B02-B05-B08-B8A_20_D",2020,20,"Finland",FALSE
"49UCP","High",-20,"True",6.16413996389033,3.84889584773324,4.16700844388476,127.973144543175,130.273348939195,0.636648899439909,3.83640108314131,"49UCP_B02-B05-B08-B8A_20_D",2020,20,"Mongolia",FALSE
"20MMD","Blue",-20,"True",36.698787691444,7.74978421789467,7.78791243501992,23.5340270203707,23.8910566716718,0.903421537771888,2.19781604064142,"20MMD_B02_20_D",2020,20,"Brazil",FALSE
"32UQU","Blue",-20,"True",11.2435729821147,2.61191467397356,2.66242048310727,44.6919011001241,46.8841217075362,0.972486942392921,1.79189525272287,"32UQU_B02_20_D",2020,20,"Germany",FALSE
"33NTG","Blue",-20,"True",26.7989767384177,3.88289630847066,3.98376312550588,45.558371378393,46.4289086353227,0.983186797423286,3.09881218667588,"33NTG_B02_20_D",2020,20,"Cameroon",FALSE
"35VML","Blue",-20,"True",6.30122568348277,3.43061696144499,3.50398356216625,82.0175435303788,84.368999418799,0.505615468680512,2.07359110427738,"35VML_B02_20_D",2020,20,"Finland",FALSE
"49UCP","Blue",-20,"True",3.68337619377211,1.36813207761503,1.47156709969678,53.0537309728052,56.1195022535476,0.92039065339147,1.78701400488572,"49UCP_B02_20_D",2020,20,"Mongolia",FALSE
"20MMD","RGB",-20,"True",33.2889479741018,4.33994450055248,4.42678228384827,14.3392096602065,14.7281391785089,0.878438166625245,2.0693669002337,"20MMD_B02-B03-B04_20_D",2020,20,"Brazil",FALSE
"32UQU","RGB",-20,"True",10.2745878401931,1.64292953205198,1.89797478594514,34.6886573483944,38.8402426017904,0.971297571276463,1.72387971393698,"32UQU_B02-B03-B04_20_D",2020,20,"Germany",FALSE
"33NTG","RGB",-20,"True",26.3332230070866,3.4171425771396,3.6219212903006,43.3897230284627,44.3401384028709,0.983246796530061,3.07428414693353,"33NTG_B02-B03-B04_20_D",2020,20,"Cameroon",FALSE
"35VML","RGB",-20,"True",4.00821044704277,1.13760172500499,1.20796641789682,49.4551073414188,51.3370728213025,0.868839398577392,0.958186970777782,"35VML_B02-B03-B04_20_D",2020,20,"Finland",FALSE
"49UCP","RGB",-20,"True",7.10958963851618,4.7943455223591,5.08550094623717,134.166260236722,136.581729135597,0.592725825546841,4.26252328515177,"49UCP_B02-B03-B04_20_D",2020,20,"Mongolia",FALSE
"20MMD","ALL",25,"False",36.1460822600623,7.19707878651298,7.25476850866404,22.2684132679442,22.4926197832774,0.855673186645387,2.63854906232924,"20MMD_B02-B03-B04-B05-B08-B8A-B11-B12_25_I",2020,25,"Brazil",FALSE
"32UQU","ALL",25,"False",11.2417299005939,2.61007159245275,2.89146668627924,49.548767073261,51.7513883969505,0.951207722567726,2.22477217099688,"32UQU_B02-B03-B04-B05-B08-B8A-B11-B12_25_I",2020,25,"Germany",FALSE
"33NTG","ALL",25,"False",28.2061497531942,5.29006932324722,5.31464858304039,49.8474738225945,50.2720388381244,0.983812960773467,2.86825753239657,"33NTG_B02-B03-B04-B05-B08-B8A-B11-B12_25_I",2020,25,"Cameroon",FALSE
"35VML","ALL",25,"False",4.83566911577008,1.9650603937323,2.04070783857061,64.0698494157081,66.4276077471149,0.736041455162319,1.46011591553427,"35VML_B02-B03-B04-B05-B08-B8A-B11-B12_25_I",2020,25,"Finland",FALSE
"49UCP","ALL",25,"False",8.34607953635272,6.03083542019564,6.19811290667799,141.784531960765,142.938651678971,0.573012749625291,4.67656846130163,"49UCP_B02-B03-B04-B05-B08-B8A-B11-B12_25_I",2020,25,"Mongolia",FALSE
"20MMD","Low",25,"False",29.4503086340012,0.501305160451843,1.49559014751458,2.79725158904749,6.04850502127726,0.854522136701385,2.47295782735419,"20MMD_B04-B11-B12_25_I",2020,25,"Brazil",FALSE
"32UQU","Low",25,"False",8.28459714509087,-0.347061163050279,1.83872372761726,6.51045860420091,38.7080400315563,0.945449413357693,2.45341873096107,"32UQU_B04-B11-B12_25_I",2020,25,"Germany",FALSE
"33NTG","Low",25,"False",24.1457413679797,1.22966093803267,3.59157304076875,38.0581365791025,44.6709306428852,0.974622301308441,4.40890353664252,"33NTG_B04-B11-B12_25_I",2020,25,"Cameroon",FALSE
"35VML","Low",25,"False",3.9308848753294,1.06027615329162,1.49587347707284,47.276805992156,57.6079268517092,0.592933507739474,1.53835904363898,"35VML_B04-B11-B12_25_I",2020,25,"Finland",FALSE
"49UCP","Low",25,"False",3.90156825261774,1.58632413646066,1.84520167983851,88.356339860928,94.5570589864808,0.872762873050926,2.15173795764304,"49UCP_B04-B11-B12_25_I",2020,25,"Mongolia",FALSE
"20MMD","High",25,"False",32.4155087418797,3.46650526833039,3.58487444200103,11.3175742464807,11.9056858012108,0.900466783373851,2.07651323117746,"20MMD_B02-B05-B08-B8A_25_I",2020,25,"Brazil",FALSE
"32UQU","High",25,"False",11.4858574187658,2.85419911062465,2.94737647974033,47.5314151736676,49.7409407368145,0.963048643809784,2.0111559809808,"32UQU_B02-B05-B08-B8A_25_I",2020,25,"Germany",FALSE
"33NTG","High",25,"False",26.7272382909365,3.81115786098949,3.98999500684697,39.6946233530192,40.6886878512359,0.986249791164336,2.67834895212956,"33NTG_B02-B05-B08-B8A_25_I",2020,25,"Cameroon",FALSE
"35VML","High",25,"False",4.90957966272264,2.03897094068486,2.1241362194042,61.1448237546947,64.7644916816884,0.777162136069277,1.69979558816293,"35VML_B02-B05-B08-B8A_25_I",2020,25,"Finland",FALSE
"49UCP","High",25,"False",5.26883406443506,2.95358994827798,3.23195675157491,122.170723727008,124.791661350793,0.761175369787669,2.81763685859459,"49UCP_B02-B05-B08-B8A_25_I",2020,25,"Mongolia",FALSE
"20MMD","Blue",25,"False",28.0699906856405,-0.879012787908801,1.61910937188247,-2.47856806630184,6.17648144615375,0.894615167506154,1.91954359067512,"20MMD_B02_25_I",2020,25,"Brazil",FALSE
"32UQU","Blue",25,"False",12.3151015936631,3.68344328552199,3.71494941804856,53.8666320087525,55.3225745044678,0.966920842352285,2.21404036131481,"32UQU_B02_25_I",2020,25,"Germany",FALSE
"33NTG","Blue",25,"False",24.8932226313081,1.97714220136106,2.53542109426013,28.1393487299273,32.5994966066382,0.987613560104809,2.51418707048078,"33NTG_B02_25_I",2020,25,"Cameroon",FALSE
"35VML","Blue",25,"False",4.16931973489022,1.29871101285244,1.36985735278927,53.8141102592917,55.5959257445605,0.840179868666004,1.05055638623866,"35VML_B02_25_I",2020,25,"Finland",FALSE
"49UCP","Blue",25,"False",5.71606087559007,3.40081675943299,3.64316420393101,127.640929674924,129.399282335088,0.749743883587704,2.93179766100551,"49UCP_B02_25_I",2020,25,"Mongolia",FALSE
"20MMD","RGB",25,"False",30.0815086878738,1.13250521432444,1.56268395568245,4.07801516815113,5.81503812744386,0.918046599288721,1.68625099813527,"20MMD_B02-B03-B04_25_I",2020,25,"Brazil",FALSE
"32UQU","RGB",25,"False",13.4790336425462,4.84737533440503,4.89681814435335,53.8540129862824,58.4318219641936,0.966543392790962,3.25053963061439,"32UQU_B02-B03-B04_25_I",2020,25,"Germany",FALSE
"33NTG","RGB",25,"False",25.8680521058861,2.95197167593908,3.55110236304869,44.6623639630354,46.4324980079941,0.982175317860626,3.59665793607741,"33NTG_B02-B03-B04_25_I",2020,25,"Cameroon",FALSE
"35VML","RGB",25,"False",6.51496140628118,3.6443526842434,3.65637340866231,86.7557145221491,87.2585778905147,0.55589103375526,1.83537852204269,"35VML_B02-B03-B04_25_I",2020,25,"Finland",FALSE
"49UCP","RGB",25,"False",5.63688327403754,3.32163915788046,3.68312979234465,125.430229792381,128.379641631649,0.689058676032429,3.16768377612983,"49UCP_B02-B03-B04_25_I",2020,25,"Mongolia",FALSE
"20MMD","ALL",-25,"True",36.1460822600623,7.19707878651298,7.25476850866404,22.2684132679442,22.4926197832774,0.855673186645387,2.63854906232924,"20MMD_B02-B03-B04-B05-B08-B8A-B11-B12_25_D",2020,25,"Brazil",FALSE
"32UQU","ALL",-25,"True",12.8303389130194,4.19868060487821,4.26063507838834,51.6302956489186,56.0934632204815,0.957321069972079,2.74603218056908,"32UQU_B02-B03-B04-B05-B08-B8A-B11-B12_25_D",2020,25,"Germany",FALSE
"33NTG","ALL",-25,"True",27.1772425651203,4.26116213517329,4.34475177880175,42.9994559950764,44.2239074708064,0.982067391848428,3.02075019404099,"33NTG_B02-B03-B04-B05-B08-B8A-B11-B12_25_D",2020,25,"Cameroon",FALSE
"35VML","ALL",-25,"True",4.5959214693914,1.72531274735362,1.75412709390103,60.4686286531049,61.4445525695052,0.855946950990552,1.16380238058278,"35VML_B02-B03-B04-B05-B08-B8A-B11-B12_25_D",2020,25,"Finland",FALSE
"49UCP","ALL",-25,"True",3.76433635526184,1.44909223910475,1.63669365008186,67.9152614345074,69.9935500981061,0.891359468123378,1.90442492300283,"49UCP_B02-B03-B04-B05-B08-B8A-B11-B12_25_D",2020,25,"Mongolia",FALSE
"20MMD","Low",-25,"True",31.2349716693789,2.28596819582957,2.55402267649819,7.68523568000959,9.23239539345624,0.860178763218764,2.20734186384515,"20MMD_B04-B11-B12_25_D",2020,25,"Brazil",FALSE
"32UQU","Low",-25,"True",9.13348715082585,0.501828842684702,2.01309326724852,4.50936402128819,34.8567020952836,0.949722684000815,2.88609182247044,"32UQU_B04-B11-B12_25_D",2020,25,"Germany",FALSE
"33NTG","Low",-25,"True",26.4028076104794,3.48672718053238,3.54306410546722,41.0281446138555,41.2783072605385,0.980643872657441,3.15630113210349,"33NTG_B04-B11-B12_25_D",2020,25,"Cameroon",FALSE
"35VML","Low",-25,"True",3.87929120496726,1.00868248292948,1.3700318442529,37.1019278372753,56.2058813231793,0.73050059298995,1.44437467225468,"35VML_B04-B11-B12_25_D",2020,25,"Finland",FALSE
"49UCP","Low",-25,"True",3.47530564395249,1.16006152779541,1.83453689909377,58.0022241469684,70.0506578618243,0.7615110735905,2.65708390577096,"49UCP_B04-B11-B12_25_D",2020,25,"Mongolia",FALSE
"20MMD","High",-25,"True",35.0670610462253,6.11805757267592,6.25346100628753,18.9095104282013,19.679880941843,0.898032863793607,2.38491346797035,"20MMD_B02-B05-B08-B8A_25_D",2020,25,"Brazil",FALSE
"32UQU","High",-25,"True",12.5841932863697,3.95253497822859,4.03267863926139,46.2424715522412,50.1245137795365,0.966249422939009,3.08940621363893,"32UQU_B02-B05-B08-B8A_25_D",2020,25,"Germany",FALSE
"33NTG","High",-25,"True",24.4864743532041,1.57039392325715,2.68051454129267,35.2816536660106,38.9673733383771,0.985039238213045,3.02439216455506,"33NTG_B02-B05-B08-B8A_25_D",2020,25,"Cameroon",FALSE
"35VML","High",-25,"True",4.14342065608883,1.27281193405105,1.46695747406043,46.7065422562931,54.8050732919705,0.782240886670815,1.40368321273417,"35VML_B02-B05-B08-B8A_25_D",2020,25,"Finland",FALSE
"49UCP","High",-25,"True",3.59560848739005,1.28036437123297,1.56623296552209,61.3708134827488,66.0713477836615,0.880800767162784,1.94184756538055,"49UCP_B02-B05-B08-B8A_25_D",2020,25,"Mongolia",FALSE
"20MMD","Blue",-25,"True",32.4155087418797,3.46650526833039,3.58487444200103,11.3175742464807,11.9056858012108,0.900466783373851,2.07651323117746,"20MMD_B02_25_D",2020,25,"Brazil",FALSE
"32UQU","Blue",-25,"True",12.0839155685116,3.45225726037042,3.55118265558204,39.2670492697696,46.9384344595198,0.971808595182114,2.57918718948728,"32UQU_B02_25_D",2020,25,"Germany",FALSE
"33NTG","Blue",-25,"True",23.2703865901444,0.354306160197427,2.42160296989962,24.6964357020581,33.8701794799695,0.986480622161982,3.07618019219847,"33NTG_B02_25_D",2020,25,"Cameroon",FALSE
"35VML","Blue",-25,"True",4.67246562522327,1.8018569031855,1.83435484950576,62.4729784932471,63.4578972968189,0.807977122008739,1.22383396023036,"35VML_B02_25_D",2020,25,"Finland",FALSE
"49UCP","Blue",-25,"True",8.17055868575089,5.85531456959381,6.16590539333867,139.819253759832,142.109842307027,0.520132979948276,4.68764696935767,"49UCP_B02_25_D",2020,25,"Mongolia",FALSE
"20MMD","RGB",-25,"True",36.5524983168979,7.60349484334858,7.61583450276772,23.5052104099693,23.6175524323254,0.911753666846033,1.88030080028554,"20MMD_B02-B03-B04_25_D",2020,25,"Brazil",FALSE
"32UQU","RGB",-25,"True",10.3378018711111,1.70614356296995,2.27782584322111,38.0794365261018,42.917295736951,0.952740257806633,2.19520376704221,"32UQU_B02-B03-B04_25_D",2020,25,"Germany",FALSE
"33NTG","RGB",-25,"True",25.7620306223353,2.84595019238834,3.13971524829944,30.9104477454519,34.3573930680163,0.988438259999492,2.48055874555445,"33NTG_B02-B03-B04_25_D",2020,25,"Cameroon",FALSE
"35VML","RGB",-25,"True",6.36921786205617,3.49860914001839,3.56698915548175,81.5153187278516,83.6604714444476,0.502732984851364,2.30833471898105,"35VML_B02-B03-B04_25_D",2020,25,"Finland",FALSE
"49UCP","RGB",-25,"True",8.55658384572626,6.24133972956918,6.42667482923517,143.472743811758,145.078263530445,0.586841906991887,4.4507278059408,"49UCP_B02-B03-B04_25_D",2020,25,"Mongolia",FALSE
"20MMD","Low",0,"True",28.9490034735493,0,0,0,0,0,0,"20MMD_B04-B11-B12_original",2020,0,"Brazil",TRUE
"32UQU","Low",0,"True",8.63165830814115,0,0,0,0,0,0,"32UQU_B04-B11-B12_original",2020,0,"Germany",TRUE
"33NTG","Low",0,"True",22.916080429947,0,0,0,0,0,0,"33NTG_B04-B11-B12_original",2020,0,"Cameroon",TRUE
"35VML","Low",0,"True",2.87060872203778,0,0,0,0,0,0,"35VML_B04-B11-B12_original",2020,0,"Finland",TRUE
"49UCP","Low",0,"True",2.31524411615708,0,0,0,0,0,0,"49UCP_B04-B11-B12_original",2020,0,"Mongolia",TRUE
"20MMD","High",0,"True",28.9490034735493,0,0,0,0,0,0,"20MMD_B02-B05-B08-B8A_original",2020,0,"Brazil",TRUE
"32UQU","High",0,"True",8.63165830814115,0,0,0,0,0,0,"32UQU_B02-B05-B08-B8A_original",2020,0,"Germany",TRUE
"33NTG","High",0,"True",22.916080429947,0,0,0,0,0,0,"33NTG_B02-B05-B08-B8A_original",2020,0,"Cameroon",TRUE
"35VML","High",0,"True",2.87060872203778,0,0,0,0,0,0,"35VML_B02-B05-B08-B8A_original",2020,0,"Finland",TRUE
"49UCP","High",0,"True",2.31524411615708,0,0,0,0,0,0,"49UCP_B02-B05-B08-B8A_original",2020,0,"Mongolia",TRUE
"20MMD","Blue",0,"True",28.9490034735493,0,0,0,0,0,0,"20MMD_B02_original",2020,0,"Brazil",TRUE
"32UQU","Blue",0,"True",8.63165830814115,0,0,0,0,0,0,"32UQU_B02_original",2020,0,"Germany",TRUE
"33NTG","Blue",0,"True",22.916080429947,0,0,0,0,0,0,"33NTG_B02_original",2020,0,"Cameroon",TRUE
"35VML","Blue",0,"True",2.87060872203778,0,0,0,0,0,0,"35VML_B02_original",2020,0,"Finland",TRUE
"49UCP","Blue",0,"True",2.31524411615708,0,0,0,0,0,0,"49UCP_B02_original",2020,0,"Mongolia",TRUE
"20MMD","RGB",0,"True",28.9490034735493,0,0,0,0,0,0,"20MMD_B02-B03-B04_original",2020,0,"Brazil",TRUE
"32UQU","RGB",0,"True",8.63165830814115,0,0,0,0,0,0,"32UQU_B02-B03-B04_original",2020,0,"Germany",TRUE
"33NTG","RGB",0,"True",22.916080429947,0,0,0,0,0,0,"33NTG_B02-B03-B04_original",2020,0,"Cameroon",TRUE
"35VML","RGB",0,"True",2.87060872203778,0,0,0,0,0,0,"35VML_B02-B03-B04_original",2020,0,"Finland",TRUE
"49UCP","RGB",0,"True",2.31524411615708,0,0,0,0,0,0,"49UCP_B02-B03-B04_original",2020,0,"Mongolia",TRUE
